﻿ID,CLMARK,CAT,RT,OJ,CAT_DESCR,RNG,PROD,TYP,CALS,CAL 1,CAL N,NOK CAL,CI,Days,Left,Right
302002,112.11,D,V 22,,,750,Mitutoyo,533,4,1992-04-23 00:00:00,2024-06-11 00:00:00,,1,11737,11737,99999
302001,112.11,D,V 22,PKM,Obrábění,750,Mitutoyo,533,7,1992-04-23 00:00:00,2023-07-14 00:00:00,,3,11404,11404,99999
203107,112.11,C,V270,PF1-K,Údržba,150,Somet,,5,1994-03-23 00:00:00,2024-01-22 00:00:00,,6,10897,10897,99999
200849,112.11,C,V270,PF1-K,Údržba,150,Somet,,6,1994-03-23 00:00:00,2023-02-13 00:00:00,,6,10554,10554,99999
37002,112.11,D,V 22,,,150,China,,8,1998-05-14 00:00:00,2025-07-02 00:00:00,2025-07-02 00:00:00,5,9911,8056,8604
200834,112.11,C,V270,PF2-K,Svařovna,150,Somet,,5,1994-03-23 00:00:00,2020-02-18 00:00:00,,6,9463,9463,99999
33534,112.11,D,V 22,PKG,Hutě,150,,,10,1997-04-07 00:00:00,2023-01-24 00:00:00,,4,9423,9423,99999
203341,112.11,C,V270,PF1-K,Svařovna,150,Somet,,5,2000-02-01 00:00:00,2025-07-21 00:00:00,,3,9302,9302,99999
203274,112.11,D,V270,,,160,Somet,,5,1999-12-14 00:00:00,2025-04-16 00:00:00,,6,9255,9255,99999
32119,112.11,D,V 22,,,150,,,8,1996-08-07 00:00:00,2021-11-18 00:00:00,,3,9234,9234,99999
203160,112.11,C,V270,PF1-K,Údržba,150,Somet,,5,1996-10-14 00:00:00,2021-12-20 00:00:00,,6,9198,9198,99999
201835,112.12,C,V260,PF2-M,Údržba,150,Mitutoyo,,6,2000-01-21 00:00:00,2025-02-13 00:00:00,,5,9155,9155,99999
15020,112.12,B,V 22,PKT/1,TK,150,Mitutoyo,500,9,2000-03-02 00:00:00,2025-03-17 00:00:00,,3,9146,9146,99999
201654,112.11,C,V260,,,300,Samson,MPS300,6,1999-10-18 00:00:00,2024-10-14 00:00:00,,5,9128,9128,99999
201655,112.11,C,V260,,,300,Samson,,6,1999-10-18 00:00:00,2024-10-14 00:00:00,,5,9128,9128,99999
201827,112.12,B,V260,PFS-K/4,Sklad,300,Kinex,MPS300,6,1999-10-18 00:00:00,2024-10-14 00:00:00,,5,9128,9128,99999
201648,112.11,C,V260,,,300,Samson,,6,1999-10-18 00:00:00,2024-10-11 00:00:00,,5,9125,9125,99999
203047,112.12,B,V270,PPF-K,Vedení,150,Mitutoyo,500,6,1999-09-07 00:00:00,2024-07-29 00:00:00,,4,9092,9092,99999
202370,112.11,C,V160,PFO-P/31,Údržba,200,Somet,,4,2000-01-13 00:00:00,2024-12-02 00:00:00,,6,9090,9090,99999
27032,112.12,B,V 22,PKT/1,TK,150,Somet,,9,2000-02-23 00:00:00,2025-01-03 00:00:00,,3,9081,9081,99999
41354,112.11,B,V 10,PSW-T,Sklad,120,,,9,2000-11-15 00:00:00,2025-07-25 00:00:00,,4,9018,9018,99999
201048,112.11,A,V160,GQF-3,Kvalita,150,Somet,,5,2000-04-11 00:00:00,2024-11-27 00:00:00,,6,8996,8996,99999
306262,112.11,C,V180,,,150,Somet,,5,2000-02-28 00:00:00,2024-10-08 00:00:00,2024-10-08 00:00:00,6,8989,6743,6882
41702,112.12,C,V 10,PSW-F,Montáž,150,Somet,,9,2000-12-22 00:00:00,2025-07-25 00:00:00,,4,8981,8981,99999
17937,112.11,C,V 22,PKT/21,Údržba,160,Somet,,7,2000-11-15 00:00:00,2025-05-14 00:00:00,,4,8946,8946,99999
304957,112.11,C,V160,PFO-P/21,Údržba,160,Somet,,5,2000-11-24 00:00:00,2025-05-12 00:00:00,,6,8935,8935,99999
305443,112.11,C,V 22,PKT/4,Údržba,150,,,6,1999-01-25 00:00:00,2023-07-03 00:00:00,,4,8925,8925,99999
203376,112.11,C,V270,PF2-K,Údržba,150,Somet,,5,1999-10-22 00:00:00,2024-03-22 00:00:00,,6,8918,8918,99999
38586,112.12,D,V 10,PSW-F,Obrábění,300,Mitutoyo,500,8,2000-12-11 00:00:00,2025-04-29 00:00:00,,4,8905,8905,99999
16271,112.12,B,M6,PKT/1,TK,300,Mitutoyo,551,9,2000-06-02 00:00:00,2024-10-15 00:00:00,2024-10-15 00:00:00,3,8901,7768,9472
17520,112.12,B,M6,PKT/1,TK,200,Mitutoyo,500,9,2000-06-02 00:00:00,2024-10-15 00:00:00,,3,8901,8901,99999
41286,112.11,D,V 10,PSW-F,Obrábění,150,,,8,2000-09-27 00:00:00,2025-02-07 00:00:00,,4,8899,8899,99999
32205,112.11,C,V 22,PKT/21,Údržba,160,Somet,,9,2000-11-10 00:00:00,2025-03-20 00:00:00,2025-03-20 00:00:00,4,8896,7395,8896
202337,112.11,C,V160,,,150,Somet,,5,1999-09-10 00:00:00,2024-01-16 00:00:00,2024-01-16 00:00:00,6,8894,6656,7119
203367,112.11,C,V270,PF2-K,Údržba,150,Somet,,5,1999-10-27 00:00:00,2024-02-20 00:00:00,,6,8882,8882,99999
39691,112.11,D,V 10,PSW-F,Obrábění,150,Mitutoyo,505,8,2001-01-26 00:00:00,2025-05-22 00:00:00,,1,8882,8882,99999
44351,112.12,A,GQG-3,GQG-3,Kvalita,,Mitutoyo,500,6,2000-02-11 00:00:00,2024-05-28 00:00:00,,4,8873,8873,99999
202290,112.11,C,V160,PFO-P/31,Údržba,150,Somet,,5,2000-11-21 00:00:00,2025-03-04 00:00:00,,6,8869,8869,99999
201034,112.11,C,V160,PFO-P/31,Údržba,150,Somet,,5,2000-03-31 00:00:00,2024-06-28 00:00:00,,6,8855,8855,99999
41304,112.11,D,V 10,PSW-F,Hutě,150,,,8,2000-12-05 00:00:00,2025-02-24 00:00:00,2025-02-24 00:00:00,4,8847,7365,8204
304958,112.11,C,V160,,,160,Somet,,5,2000-11-24 00:00:00,2025-02-11 00:00:00,,6,8845,8845,99999
30343,112.12,B,V 22,PKT/1,TK,300,Hommel,,13,2000-08-15 00:00:00,2024-10-25 00:00:00,,2,8837,8837,99999
201110,112.11,A,V160,GQF-3,Kvalita,150,Somet,,5,1999-09-21 00:00:00,2023-11-15 00:00:00,,6,8821,8821,99999
202332,112.11,B,V160,PFS-K/1,Vedení,150,Somet,,5,1999-11-24 00:00:00,2024-01-16 00:00:00,,6,8819,8819,99999
41421,112.11,B,V 10,PSW-T,Sklad,250,Somet,,8,2000-10-20 00:00:00,2024-12-11 00:00:00,,4,8818,8818,99999
202330,112.11,C,V160,PFO-P/21,Údržba,150,Somet,,5,1999-10-18 00:00:00,2023-12-08 00:00:00,,6,8817,8817,99999
39707,112.11,C,V 29,PSW-P,Montáž,400,Somet,,9,2000-10-19 00:00:00,2025-01-15 00:00:00,2024-12-09 00:00:00,4,8817,7335,8210
202289,112.11,C,V160,PFO-P/31,Údržba,150,Somet,,5,1999-04-22 00:00:00,2023-06-07 00:00:00,,6,8812,8812,99999
200312,112.11,C,VL10,PFO-L/51,Údržba,150,Somet,,5,1999-09-14 00:00:00,2023-10-19 00:00:00,,6,8801,8801,99999
200313,112.11,B,VL10,PFS-K/4,Sklad,150,Somet,,5,2000-07-26 00:00:00,2024-08-30 00:00:00,,6,8801,8801,99999
200455,112.11,C,VL10,PFO-L/52,Údržba,150,Somet,,4,2000-07-26 00:00:00,2024-08-30 00:00:00,,6,8801,8801,99999
200457,112.11,C,VL10,PFO-L/52,Údržba,150,Somet,,6,1999-09-14 00:00:00,2023-11-02 00:00:00,2023-10-19 00:00:00,6,8801,6594,7408
200458,112.11,C,VL10,PFO-L/52,Údržba,150,Somet,,5,1999-09-14 00:00:00,2023-10-19 00:00:00,,6,8801,8801,99999
200475,112.11,C,VL10,,,150,Somet,,5,2000-07-26 00:00:00,2024-08-30 00:00:00,,6,8801,8801,99999
201044,112.11,C,V160,PFO-P/31,Údržba,150,Somet,,5,2000-04-11 00:00:00,2024-05-09 00:00:00,,6,8794,8794,99999
200309,112.11,C,VL10,PFO-L/52,Údržba,150,Somet,,5,1998-01-21 00:00:00,2022-02-02 00:00:00,2022-02-02 00:00:00,6,8778,6573,6833
200422,112.11,C,VL10,PFO-L/52,Údržba,150,Somet,,4,1998-01-14 00:00:00,2022-01-26 00:00:00,,6,8778,8778,99999
200264,112.11,C,VL10,,,160,Somet,,5,1999-02-24 00:00:00,2023-03-06 00:00:00,,6,8776,8776,99999
202322,112.11,C,V160,PFO-P/31,Údržba,150,Somet,,5,2000-03-15 00:00:00,2024-03-25 00:00:00,,6,8776,8776,99999
200269,112.11,C,VL10,,,150,Somet,,4,1998-01-19 00:00:00,2022-01-27 00:00:00,2022-01-27 00:00:00,6,8774,6575,6828
200314,112.11,C,VL10,,,150,Somet,,5,1998-01-19 00:00:00,2022-01-27 00:00:00,2022-01-27 00:00:00,6,8774,6575,6827
200424,112.11,C,VL10,PFO-L/52,Údržba,150,Somet,,4,1998-01-19 00:00:00,2022-01-27 00:00:00,2022-01-27 00:00:00,6,8774,6575,6819
200474,112.11,C,VL10,PFO-L/52,Údržba,150,Somet,,6,1998-01-19 00:00:00,2022-01-27 00:00:00,2022-01-27 00:00:00,6,8774,6575,6712
200382,112.11,C,VL10,PFO-L/52,Údržba,150,Somet,,4,1998-01-19 00:00:00,2022-01-26 00:00:00,2022-01-26 00:00:00,6,8773,6575,6819
200267,112.11,C,VL10,PFO-L/52,Údržba,150,Somet,,5,1998-01-19 00:00:00,2022-01-25 00:00:00,2022-01-25 00:00:00,6,8772,6575,6826
200268,112.11,C,VL10,,,150,Somet,,5,1998-01-19 00:00:00,2022-01-25 00:00:00,2022-01-25 00:00:00,6,8772,6575,6826
200370,112.11,C,VL10,PFO-L/52,Údržba,150,Somet,,5,1998-01-19 00:00:00,2022-01-25 00:00:00,2022-01-25 00:00:00,6,8772,6575,6823
200374,112.11,C,VL10,,,150,Somet,,5,1998-01-19 00:00:00,2022-01-25 00:00:00,2022-01-25 00:00:00,6,8772,6575,6822
200420,112.11,A,VL10,GQF-1,Kvalita,150,Somet,,5,1998-01-19 00:00:00,2022-01-25 00:00:00,,6,8772,8772,99999
200352,112.11,C,VL10,PFO-L/52,Údržba,150,Somet,,4,1998-01-21 00:00:00,2022-01-25 00:00:00,,6,8770,8770,99999
200453,112.11,C,VL10,PFO-L/52,Údržba,150,Somet,,4,1998-01-21 00:00:00,2022-01-25 00:00:00,2022-01-25 00:00:00,6,8770,6573,6782
200221,112.11,C,VL10,,,200,Somet,,5,1997-09-25 00:00:00,2021-09-22 00:00:00,,6,8763,8763,99999
200225,112.11,C,VL10,,,200,Somet,,5,1997-09-25 00:00:00,2021-09-22 00:00:00,,6,8763,8763,99999
200226,112.11,C,VL10,PFO-L/52,Údržba,200,Somet,,6,1997-09-25 00:00:00,2021-09-22 00:00:00,,6,8763,8763,99999
200429,112.11,C,VL10,PFO-L/52,Údržba,200,Somet,,6,1997-09-25 00:00:00,2021-09-22 00:00:00,,6,8763,8763,99999
200418,112.11,C,VL10,PFO-L/52,Údržba,160,Somet,,5,1997-06-27 00:00:00,2021-06-23 00:00:00,,6,8762,8762,99999
201534,112.11,C,V160,PFO-P/31,Údržba,250,Somet,,5,1998-05-13 00:00:00,2022-05-09 00:00:00,,6,8762,8762,99999
200373,112.11,C,VL20,PFO-B/2,Údržba,150,Somet,,5,1998-01-19 00:00:00,2022-01-12 00:00:00,,6,8759,8759,99999
200248,112.11,C,VL10,PFO-L/4,Údržba,160,Somet,,5,1999-02-24 00:00:00,2023-02-13 00:00:00,,6,8755,8755,99999
200266,112.11,B,VL10,PFS-K/4,Sklad,160,Somet,,5,1999-02-24 00:00:00,2023-02-13 00:00:00,,6,8755,8755,99999
41202,112.11,C,V 10,PSW-F,Montáž,150,Kinex,,8,1999-09-28 00:00:00,2023-09-05 00:00:00,,4,8743,8743,99999
41441,112.11,C,V 10,PSW-F,Montáž,300,VIS,,8,1999-10-15 00:00:00,2023-09-19 00:00:00,,4,8740,8740,99999
200230,112.11,C,VL10,,,160,Somet,,5,1999-02-24 00:00:00,2023-01-26 00:00:00,,6,8737,8737,99999
200238,112.11,C,VL10,,,160,Somet,,5,1999-02-24 00:00:00,2023-01-26 00:00:00,,6,8737,8737,99999
200239,112.11,C,VL10,PFO-L/52,Údržba,160,Somet,,5,1999-02-24 00:00:00,2023-01-26 00:00:00,,6,8737,8737,99999
200247,112.11,C,VL10,,,160,Somet,,5,1999-02-24 00:00:00,2023-01-26 00:00:00,,6,8737,8737,99999
200253,112.11,C,VL10,PFO-L/52,Údržba,160,Somet,,5,1999-02-24 00:00:00,2023-01-26 00:00:00,,6,8737,8737,99999
200254,112.11,C,VL10,,,160,Somet,,5,1999-02-24 00:00:00,2023-01-26 00:00:00,,6,8737,8737,99999
200261,112.11,C,VL10,PFO-L/52,Údržba,160,Somet,,5,1999-02-24 00:00:00,2023-01-26 00:00:00,2023-01-26 00:00:00,6,8737,6540,7192
200350,112.11,C,VL10,PFO-L/52,Údržba,160,Somet,,5,1999-02-24 00:00:00,2023-01-26 00:00:00,,6,8737,8737,99999
200353,112.11,C,VL10,,,160,Somet,,5,1999-02-24 00:00:00,2023-01-26 00:00:00,,6,8737,8737,99999
200383,112.11,C,VL10,PFO-L/52,Údržba,160,Somet,,5,1999-02-24 00:00:00,2023-01-26 00:00:00,,6,8737,8737,99999
200421,112.11,C,VL10,PFO-L/4,Údržba,160,Somet,,5,1999-02-24 00:00:00,2023-01-26 00:00:00,,6,8737,8737,99999
31049,112.11,D,V 22,,,160,Somet,,14,2000-09-18 00:00:00,2024-08-08 00:00:00,,2,8725,8725,99999
201078,112.11,C,V160,PFO-P/31,Údržba,150,Somet,,5,1999-09-21 00:00:00,2023-08-10 00:00:00,,6,8724,8724,99999
203218,112.11,C,V270,PF2-K,Údržba,160,Somet,,5,2001-04-18 00:00:00,2025-02-27 00:00:00,,6,8716,8716,99999
203245,112.11,D,V270,,,160,Somet,,4,2001-04-18 00:00:00,2025-02-20 00:00:00,2025-02-20 00:00:00,6,8709,6469,7434
29948,112.11,D,V 22,,,300,China,,8,2000-07-17 00:00:00,2024-05-20 00:00:00,,2,8708,8708,99999
38672,112.11,B,V 10,PSW-T,Sklad,400,Somet,,7,2001-10-03 00:00:00,2025-07-31 00:00:00,,4,8702,8702,99999
34107,112.11,D,V 22,,,160,Somet,,13,2001-03-28 00:00:00,2025-01-03 00:00:00,,2,8682,8682,99999
29924,112.11,C,PSZ/3,PSZ/3,Údržba,300,China,,7,2000-07-17 00:00:00,2024-04-10 00:00:00,,3,8668,8668,99999
16535,112.12,C,V 22,PKT/21,Údržba,150,Mitutoyo,500,9,2000-04-19 00:00:00,2024-01-08 00:00:00,,3,8664,8664,99999
200540,112.11,B,VA30,PFS-K/4,Sklad,150,Somet,,7,2000-02-29 00:00:00,2023-11-15 00:00:00,,5,8660,8660,99999
141,112.11,A,GQF-3,GQF-3,Kvalita,250,Somet,,8,1999-07-23 00:00:00,2023-03-06 00:00:00,,4,8627,8627,99999
25308,112.12,A,V 22,GQH-1,Kvalita,150,Samson,,14,2000-09-01 00:00:00,2024-06-06 00:00:00,2024-04-15 00:00:00,2,8627,7797,8964
27189,112.12,B,V 22,PKT/1,TK,,Mitutoyo,552,14,2001-03-28 00:00:00,2025-02-17 00:00:00,2024-11-04 00:00:00,3,8622,7484,9016
203071,112.11,D,V270,,,200,Somet,,5,2000-02-01 00:00:00,2023-09-05 00:00:00,,3,8617,8617,99999
31041,112.11,C,V 22,PKG,Údržba,160,Somet,,12,2000-09-18 00:00:00,2024-04-16 00:00:00,,3,8611,8611,99999
26881,112.12,A,V 22,GQH-1,Kvalita,300,Mahr,25ES,12,2000-02-18 00:00:00,2023-09-11 00:00:00,,2,8606,8606,99999
45205,112.12,D,V 29,PSW-P,Obrábění,150,Mitutoyo,,8,2002-01-23 00:00:00,2025-08-05 00:00:00,,4,8595,8595,99999
27188,112.12,B,V 22,PKT/1,TK,,Mitutoyo,500,14,2000-03-17 00:00:00,2024-01-02 00:00:00,2023-09-08 00:00:00,4,8575,7018,8593
28202,112.12,B,V 22,PKT/1,TK,,Mitutoyo,500,14,2000-03-17 00:00:00,2023-09-08 00:00:00,2023-09-08 00:00:00,4,8575,7017,8547
33995,112.12,D,V 22,PKG,Hutě,150,Somet,,14,2001-03-23 00:00:00,2024-09-05 00:00:00,,1,8567,8567,99999
202306,112.11,C,V160,PFO-P/21,Údržba,150,Somet,,5,1999-10-18 00:00:00,2023-03-31 00:00:00,,6,8565,8565,99999
30349,112.12,B,V 22,PKT/1,TK,150,,,12,2000-08-15 00:00:00,2024-01-18 00:00:00,,4,8556,8556,99999
38633,112.11,B,V 29,PSW-T,Sklad,160,Somet,,7,2000-03-21 00:00:00,2023-08-14 00:00:00,,4,8546,8546,99999
37120,112.12,B,V 22,PKP,Vedení,150,Somet,K031250,12,2001-02-04 00:00:00,2024-06-05 00:00:00,,2,8522,8522,99999
16556,112.12,A,GQH-3/1,GQH-3,Kvalita,150,Mitutoyo,500,13,2001-08-09 00:00:00,2024-11-26 00:00:00,,2,8510,8510,99999
305119,112.11,C,V 22,PKT/4,Údržba,160,Somet,,6,1999-01-25 00:00:00,2022-05-13 00:00:00,,4,8509,8509,99999
36397,112.12,D,V 29,PSW-V,Obrábění,150,Mitutoyo,,9,2001-10-25 00:00:00,2025-02-07 00:00:00,,4,8506,8506,99999
202277,112.11,C,V160,PFO-P/31,Údržba,150,Somet,,5,1999-11-24 00:00:00,2023-03-06 00:00:00,,6,8503,8503,99999
305550,112.11,C,V 22,PKT/4,Údržba,150,Somet,,6,1999-01-05 00:00:00,2022-04-08 00:00:00,,4,8494,8494,99999
45086,112.11,D,V 29,PSW-P,Obrábění,160,Somet,,7,2001-09-11 00:00:00,2024-12-06 00:00:00,,4,8487,8487,99999
45091,112.11,D,V 29,PSW-P,Obrábění,160,Somet,,8,2001-09-11 00:00:00,2025-01-15 00:00:00,2024-12-06 00:00:00,4,8487,7000,7892
203076,112.11,C,V270,PF1-K,Údržba,400,Somet,,3,2000-02-04 00:00:00,2023-04-20 00:00:00,,6,8476,8476,99999
306243,112.11,C,V160,,,150,Somet,,4,1999-12-17 00:00:00,2023-02-24 00:00:00,,6,8470,8470,99999
45230,112.12,D,V 29,,,150,Mitutoyo,,8,2000-06-29 00:00:00,2023-08-30 00:00:00,,4,8462,8462,99999
33867,112.11,B,V 22,PKT/1,TK,160,Somet,,11,2001-03-16 00:00:00,2024-05-09 00:00:00,,5,8455,8455,99999
30091,112.11,A,GQH-1/1,GQH-1,Kvalita,200,China,,9,2000-07-20 00:00:00,2023-09-04 00:00:00,,2,8446,8446,99999
43719,112.11,C,V 10,PSW-F,Montáž,160,Somet,,7,2001-09-11 00:00:00,2024-10-21 00:00:00,,4,8441,8441,99999
31069,112.11,D,V 22,,,160,Somet,,6,2000-09-18 00:00:00,2023-10-23 00:00:00,,4,8435,8435,99999
44972,112.11,D,V 29,PSW-P,Obrábění,150,,,7,2001-11-08 00:00:00,2024-12-12 00:00:00,,4,8435,8435,99999
15948,112.11,C,V 22,PKT/21,Údržba,100,VIS,,12,2002-02-18 00:00:00,2025-03-20 00:00:00,,2,8431,8431,99999
37332,112.11,C,V 22,PKG,Údržba,150,,,12,2002-01-30 00:00:00,2025-02-28 00:00:00,2025-02-28 00:00:00,2,8430,7645,8430
45094,112.11,D,V 29,PSW-P,Obrábění,160,Somet,,8,2001-09-11 00:00:00,2024-12-12 00:00:00,2024-10-09 00:00:00,4,8429,6925,7834
41397,112.11,C,V 10,PSW-F,Montáž,160,Somet,,7,2001-09-11 00:00:00,2024-10-07 00:00:00,,4,8427,8427,99999
41346,112.11,B,V 10,PSW-T,Sklad,200,,,8,2000-12-11 00:00:00,2024-01-05 00:00:00,,4,8425,8425,99999
37545,112.12,A,GQG-2/3,GQG-2,Kvalita,200,Mitutoyo,500,8,2001-01-08 00:00:00,2024-01-26 00:00:00,,3,8418,8418,99999
33271,112.11,D,V 22,PKG,Hutě,400,Somet,,5,2001-01-18 00:00:00,2024-02-02 00:00:00,,2,8415,8415,99999
41651,112.11,D,V 10,PSW-F,Obrábění,800,,,8,2000-11-13 00:00:00,2023-11-23 00:00:00,,4,8410,8410,99999
41255,112.11,B,V 10,PSW-T,Sklad,150,Somet,,7,2001-06-29 00:00:00,2024-06-27 00:00:00,,4,8399,8399,99999
17804,112.12,A,GQD-2,GQD,Kvalita,150,Mitutoyo,500,12,2000-09-12 00:00:00,2023-09-07 00:00:00,,3,8395,8395,99999
37118,112.12,C,M6,PKP,Montáž,150,Somet,,12,2001-12-04 00:00:00,2024-11-27 00:00:00,,2,8394,8394,99999
36883,112.12,B,V 22,PKT/1,TK,150,Mitutoyo,500,16,2001-08-08 00:00:00,2024-07-31 00:00:00,,3,8393,8393,99999
203298,112.11,C,V270,PF2-K,Svařovna,150,Somet,,4,1996-02-29 00:00:00,2019-02-19 00:00:00,,6,8391,8391,99999
45288,112.11,D,V 29,PSW-P,Obrábění,250,,,7,2002-02-01 00:00:00,2025-01-15 00:00:00,,4,8384,8384,99999
41248,112.11,D,V 10,PSW-F,Obrábění,150,Somet,,7,2002-08-15 00:00:00,2025-07-25 00:00:00,,4,8380,8380,99999
203364,112.11,C,V270,PF2-K,Údržba,150,Somet,,6,1999-10-15 00:00:00,2022-09-19 00:00:00,,6,8375,8375,99999
41455,112.11,B,V 10,PSW-T,Sklad,300,China,,7,2001-06-12 00:00:00,2024-05-16 00:00:00,,4,8374,8374,99999
203014,112.12,C,V270,PF1-K,Svařovna,150,Mitutoyo,500,8,2001-06-20 00:00:00,2024-05-21 00:00:00,,4,8371,8371,99999
41449,112.11,D,V 10,PSW-F,Obrábění,300,China,,8,2001-05-29 00:00:00,2024-04-25 00:00:00,,4,8367,8367,99999
41451,112.11,C,V 10,PSW-F,Montáž,300,China,,7,2001-05-29 00:00:00,2024-04-25 00:00:00,,4,8367,8367,99999
36403,112.12,A,V 22,GQH-1,Kvalita,200,Mitutoyo,500,12,2001-10-26 00:00:00,2024-09-18 00:00:00,,2,8363,8363,99999
36402,112.12,A,V 22,GQH-1,Kvalita,150,Mitutoyo,500,12,2001-10-26 00:00:00,2024-09-12 00:00:00,,2,8357,8357,99999
15019,112.12,A,M6,GQH-1,Kvalita,150,Mitutoyo,500,12,2001-09-06 00:00:00,2024-07-22 00:00:00,,4,8355,8355,99999
41614,112.11,D,V 10,PSW-F,Obrábění,400,Somet,,8,2000-10-11 00:00:00,2023-08-18 00:00:00,,4,8346,8346,99999
42347,112.11,D,V 10,PSW-F,Obrábění,160,Somet,,7,2002-09-30 00:00:00,2025-08-06 00:00:00,,4,8346,8346,99999
42390,112.11,D,V 29,PSW-P,Obrábění,160,Somet,,7,2002-09-30 00:00:00,2025-08-06 00:00:00,,4,8346,8346,99999
41367,112.11,C,V 10,PSW-F,Montáž,160,Somet,,8,2002-07-25 00:00:00,2025-04-29 00:00:00,,4,8314,8314,99999
38476,112.11,B,V 29,PSW-T,Sklad,250,Somet,,7,2001-05-18 00:00:00,2024-02-19 00:00:00,,4,8312,8312,99999
34841,112.12,A,V 22,GQH,Kvalita,150,Mitutoyo,573,12,2001-05-28 00:00:00,2024-02-27 00:00:00,,2,8310,8310,99999
36609,112.12,A,V 22,GQH,Kvalita,600,Mitutoyo,500,12,2001-11-08 00:00:00,2024-07-25 00:00:00,,2,8295,8295,99999
201069,112.11,C,V160,PFO-P/31,Údržba,150,Somet,,5,1998-05-21 00:00:00,2021-02-03 00:00:00,,6,8294,8294,99999
41413,112.11,D,V 10,PSW-F,Obrábění,200,,,9,2000-10-13 00:00:00,2023-06-22 00:00:00,2023-06-22 00:00:00,4,8287,6795,7588
45310,112.11,C,V 10,PSW-F,Montáž,300,,,7,2000-07-21 00:00:00,2023-03-29 00:00:00,,4,8286,8286,99999
34877,112.12,A,GQD-1/5,GQD-1,Kvalita,150,Somet,,11,2001-05-18 00:00:00,2024-01-12 00:00:00,,3,8274,8274,99999
37349,112.12,A,V 22,GQH,Kvalita,300,Mitutoyo,500,12,2002-02-01 00:00:00,2024-09-20 00:00:00,2024-09-20 00:00:00,2,8267,7495,8267
203159,112.11,D,V270,,,150,Somet,,5,1999-11-16 00:00:00,2022-06-23 00:00:00,2022-06-23 00:00:00,6,8255,6008,6468
203239,112.11,C,V270,PF2-K,Údržba,160,Somet,,6,2001-04-18 00:00:00,2023-11-15 00:00:00,,6,8246,8246,99999
203221,112.11,B,V270,PF1/1,Provozní laboratoř,160,Somet,,5,2001-04-18 00:00:00,2023-11-14 00:00:00,,6,8245,8245,99999
202466,112.12,C,V160,,,150,Mitutoyo,500,7,2001-06-26 00:00:00,2024-01-16 00:00:00,2024-01-16 00:00:00,4,8239,6776,7112
41244,112.11,C,V 29,PSW-V,Montáž,150,Somet,,8,2001-02-14 00:00:00,2023-08-21 00:00:00,2023-08-21 00:00:00,4,8223,6753,7655
200304,112.11,C,VL10,PFO-L/52,Údržba,150,Somet,,4,2000-07-26 00:00:00,2023-01-26 00:00:00,,6,8219,8219,99999
146,112.11,A,GQH-1/1,GQH-1,Kvalita,300,Mitutoyo,505,9,2000-11-16 00:00:00,2023-05-15 00:00:00,,4,8215,8215,99999
306233,112.11,C,V160,PFO-P/12,Lisovna,150,Somet,,5,1999-12-09 00:00:00,2022-05-30 00:00:00,,6,8208,8208,99999
34111,112.11,C,V 22,PKG,Údržba,400,Somet,,13,2001-03-27 00:00:00,2024-01-30 00:00:00,2023-09-08 00:00:00,4,8200,6671,8200
201049,112.11,C,V160,PFO-P/21,Údržba,150,Somet,,6,2000-03-27 00:00:00,2022-09-05 00:00:00,,6,8197,8197,99999
203079,112.11,D,V270,,,400,Somet,,5,1998-03-21 00:00:00,2020-08-28 00:00:00,,6,8196,8196,99999
38659,112.11,D,V 29,PSW-V,Obrábění,600,Somet,,8,2000-10-20 00:00:00,2023-03-17 00:00:00,,4,8183,8183,99999
203078,112.11,C,V270,PF2-K,Údržba,320,,,5,2001-06-20 00:00:00,2023-11-14 00:00:00,,6,8182,8182,99999
45331,112.11,B,V 29,PSW-T,Sklad,400,Somet,,6,2000-09-27 00:00:00,2023-01-31 00:00:00,,4,8161,8161,99999
41470,112.11,B,V 29,PSW-T,Sklad,300,,,7,2002-01-15 00:00:00,2024-05-15 00:00:00,,4,8156,8156,99999
202272,112.11,C,V160,,,150,,,5,2002-11-07 00:00:00,2025-03-04 00:00:00,,6,8153,8153,99999
27185,112.12,B,V 22,PKT/1,TK,,Mitutoyo,500,12,2001-03-28 00:00:00,2023-07-17 00:00:00,,4,8146,8146,99999
203134,112.11,D,V270,,,160,Somet,,5,2003-03-13 00:00:00,2025-06-25 00:00:00,2025-06-25 00:00:00,6,8140,5920,7567
38641,112.11,B,V 29,PSW-T,Sklad,200,,,7,2001-05-10 00:00:00,2023-08-21 00:00:00,,4,8138,8138,99999
38496,112.12,C,V 10,PSW-F,Montáž,150,Mitutoyo,500,7,2000-10-30 00:00:00,2023-01-31 00:00:00,2023-01-31 00:00:00,4,8128,6667,7566
37358,112.12,A,V 22,GQH-1,Kvalita,300,Mitutoyo,500,11,2002-02-04 00:00:00,2024-05-06 00:00:00,,2,8127,8127,99999
43718,112.11,D,V 10,PSW-F,Obrábění,150,China,,7,2000-01-24 00:00:00,2022-04-22 00:00:00,,4,8124,8124,99999
40906,112.12,B,PSW-T,PSW-T,TK,300,Mitutoyo,,9,2002-08-06 00:00:00,2024-10-29 00:00:00,,3,8120,8120,99999
40908,112.11,B,PSW-T,PSW-T,TK,400,Somet,,10,2002-08-06 00:00:00,2024-10-29 00:00:00,,3,8120,8120,99999
136,112.11,A,GQH-1/1,GQH-1,Kvalita,800,Roch,,10,1999-09-23 00:00:00,2021-12-15 00:00:00,,4,8119,8119,99999
35118,112.12,A,GQD-2,GQD,Kvalita,150,Mitutoyo,500,13,2001-06-19 00:00:00,2023-09-07 00:00:00,2023-09-07 00:00:00,2,8115,7309,8115
41206,112.11,B,V 10,PSW-T,Sklad,150,Kinex,,7,1999-09-06 00:00:00,2021-11-23 00:00:00,,4,8114,8114,99999
41261,112.11,C,V 10,PSW-F,Montáž,150,,,7,2002-02-07 00:00:00,2024-04-24 00:00:00,,4,8112,8112,99999
202383,112.11,C,V160,PFO-P/31,Údržba,300,Somet,,3,1999-03-17 00:00:00,2021-05-31 00:00:00,,6,8111,8111,99999
34530,112.11,D,V 22,PKG,Hutě,160,Somet,,10,2001-04-13 00:00:00,2023-06-28 00:00:00,,2,8111,8111,99999
44948,112.11,D,V 29,PSW-P,Obrábění,150,China,,7,2002-11-26 00:00:00,2025-02-07 00:00:00,,4,8109,8109,99999
41412,112.11,C,V 10,PSW-F,Montáž,200,,,7,2002-02-12 00:00:00,2024-04-25 00:00:00,,4,8108,8108,99999
41603,112.11,C,V 10,PSW-F,Montáž,400,,,8,2000-11-28 00:00:00,2023-02-09 00:00:00,,4,8108,8108,99999
306260,112.11,C,V160,,,150,Somet,,5,2000-11-21 00:00:00,2023-02-01 00:00:00,,6,8107,8107,99999
31063,112.11,D,V 22,,,160,Somet,,7,2000-09-18 00:00:00,2022-11-29 00:00:00,,4,8107,8107,99999
34088,112.12,A,V 22,GQH-1,Kvalita,,Mitutoyo,500,7,2001-03-14 00:00:00,2023-05-25 00:00:00,,3,8107,8107,99999
38529,112.12,D,V 29,PSW-V,Obrábění,150,Mitutoyo,500,7,2000-11-20 00:00:00,2023-01-31 00:00:00,2023-01-31 00:00:00,4,8107,6645,7566
38598,112.11,D,V 29,PSW-V,Obrábění,400,Somet,,8,2000-11-22 00:00:00,2023-01-31 00:00:00,,4,8105,8105,99999
41225,112.11,D,V 10,PSW-F,Obrábění,150,Mitutoyo,530,7,1999-09-15 00:00:00,2021-11-23 00:00:00,,4,8105,8105,99999
44478,112.11,D,V 29,PSW-P,Obrábění,,Mitutoyo,,5,2003-01-23 00:00:00,2025-04-02 00:00:00,,4,8105,8105,99999
41216,112.11,B,V 10,PSW-T,Sklad,150,Kinex,,7,1999-10-15 00:00:00,2021-12-17 00:00:00,2021-12-17 00:00:00,4,8099,6612,7044
41232,112.11,C,V 10,PSW-F,Montáž,150,Mitutoyo,530,7,1999-09-22 00:00:00,2021-11-23 00:00:00,,4,8098,8098,99999
41613,112.11,C,V 10,PSW-F,Montáž,400,Somet,,8,2000-10-13 00:00:00,2022-12-14 00:00:00,2022-12-14 00:00:00,4,8097,6593,7391
301954,112.11,C,V 22,PKT/4,Údržba,160,Somet,,6,2003-02-10 00:00:00,2025-04-10 00:00:00,,4,8095,8095,99999
38432,112.11,D,V 29,PSW-V,Obrábění,160,Somet,,8,2000-10-13 00:00:00,2023-03-17 00:00:00,2022-12-07 00:00:00,4,8090,6600,7512
41484,112.11,D,V 10,,,300,,,8,2000-11-28 00:00:00,2023-01-11 00:00:00,,4,8079,8079,99999
41266,112.11,D,V 10,PSW-F,Hutě,150,,,7,2002-04-23 00:00:00,2024-05-30 00:00:00,2024-05-30 00:00:00,4,8073,6586,7938
38601,112.11,B,V 10,PSW-T,Sklad,250,Somet,,8,2000-11-15 00:00:00,2022-12-15 00:00:00,,4,8065,8065,99999
202959,112.11,C,V160,PFO-P/31,Údržba,150,Somet,,5,1999-10-11 00:00:00,2021-11-08 00:00:00,,6,8064,8064,99999
41227,112.11,B,V 10,PSW-T,Sklad,150,Mitutoyo,530,7,1999-10-15 00:00:00,2021-11-11 00:00:00,,4,8063,8063,99999
41233,112.11,C,V 10,PSW-F,Montáž,150,Mitutoyo,,7,2000-10-05 00:00:00,2022-10-17 00:00:00,,4,8047,8047,99999
38588,112.12,D,V 29,PSW-V,Obrábění,300,Mitutoyo,550,8,2001-10-04 00:00:00,2023-10-13 00:00:00,,4,8044,8044,99999
41746,112.12,D,V 10,PSW-F,Obrábění,200,Mitutoyo,,7,2000-10-12 00:00:00,2022-10-20 00:00:00,2022-10-20 00:00:00,4,8043,6580,7329
41511,112.11,C,V 10,PSW-F,Montáž,200,,,8,2000-10-13 00:00:00,2022-10-20 00:00:00,,4,8042,8042,99999
41482,112.11,C,V 10,PSW-F,Montáž,300,,,8,2000-12-13 00:00:00,2022-12-15 00:00:00,,4,8037,8037,99999
41417,112.11,C,V 10,PSW-F,Montáž,250,Somet,,7,2002-01-23 00:00:00,2024-01-24 00:00:00,,4,8036,8036,99999
304931,112.11,C,V160,PFO-P/21,Údržba,150,Somet,,5,1999-08-03 00:00:00,2021-07-28 00:00:00,,6,8030,8030,99999
32969,112.11,D,V 22,PKG,Hutě,160,Somet,,15,2000-04-28 00:00:00,2022-04-21 00:00:00,,4,8028,8028,99999
301032,112.12,C,VR/PKD/31,PKD/3,Údržba,150,Mitutoyo,,9,2002-01-17 00:00:00,2024-01-09 00:00:00,,3,8027,8027,99999
200023,112.12,A,GQF-1,GQF-1,Kvalita,1000,Somet,,12,2003-03-14 00:00:00,2025-02-27 00:00:00,,2,8021,8021,99999
38670,112.11,B,V 29,PSW-V,"Technologie, konstrukce",200,China,,7,2000-11-22 00:00:00,2022-11-08 00:00:00,,4,8021,8021,99999
44471,112.11,D,V 29,PSW-P,Obrábění,300,China,,7,2002-01-21 00:00:00,2024-01-02 00:00:00,,4,8016,8016,99999
301950,112.11,C,V 22,PKT/21,Údržba,160,Somet,,6,2003-02-10 00:00:00,2025-01-20 00:00:00,,4,8015,8015,99999
38660,112.11,B,V 29,PSW-T,Sklad,600,Somet,,8,2000-11-28 00:00:00,2022-11-07 00:00:00,,4,8014,8014,99999
202379,112.11,C,V160,PFO-P/21,Údržba,200,Somet,,4,2000-01-13 00:00:00,2021-12-14 00:00:00,,6,8006,8006,99999
41787,112.12,D,V 10,PSW-F,Obrábění,300,Mitutoyo,550,8,2001-10-22 00:00:00,2023-09-19 00:00:00,2023-09-19 00:00:00,4,8002,6539,7662
39367,112.11,B,V 10,PSW-T,Sklad,250,Somet,,7,2000-10-21 00:00:00,2022-09-14 00:00:00,,4,7998,7998,99999
39368,112.11,B,V 10,PSW-T,Sklad,150,Somet,,7,2000-10-21 00:00:00,2022-09-14 00:00:00,,4,7998,7998,99999
45124,112.12,D,V 29,PSW-P,Obrábění,150,Somet,,8,2001-10-02 00:00:00,2023-08-21 00:00:00,,4,7993,7993,99999
44466,112.11,C,V 10,PSW-F,Montáž,250,Somet,,6,2001-01-04 00:00:00,2022-11-15 00:00:00,,4,7985,7985,99999
41616,112.11,D,V 10,PSW-F,Obrábění,400,Somet,,7,2002-08-20 00:00:00,2024-06-18 00:00:00,,4,7973,7973,99999
301958,112.11,D,V 22,PKG,Hutě,160,Somet,,4,2003-02-10 00:00:00,2024-12-04 00:00:00,,5,7968,7968,99999
43337,112.12,D,V 22,PKG,Hutě,160,Somet,,12,2002-11-15 00:00:00,2024-09-06 00:00:00,,1,7966,7966,99999
17803,112.12,A,GQD-2,GQD,Kvalita,150,Mitutoyo,500,11,2000-02-25 00:00:00,2021-12-16 00:00:00,2021-12-16 00:00:00,2,7965,7115,8438
41485,112.11,C,V 10,PSW-F,Montáž,300,,,8,2000-11-28 00:00:00,2022-09-14 00:00:00,,4,7960,7960,99999
27109,112.11,B,V 22,PKT/1,TK,160,Somet,,14,2000-10-30 00:00:00,2022-08-15 00:00:00,,3,7959,7959,99999
38559,112.12,D,V 10,PSW-F,Obrábění,150,Mitutoyo,500,7,2003-01-15 00:00:00,2024-10-29 00:00:00,,4,7958,7958,99999
37560,112.11,B,PSW-T,PSW-T,TK,,,,9,2002-02-21 00:00:00,2023-12-04 00:00:00,,3,7956,7956,99999
201139,112.11,C,V160,,,150,,,5,2003-04-22 00:00:00,2025-01-22 00:00:00,2025-01-22 00:00:00,6,7946,5755,7589
43328,112.11,C,V 22,PKT/2,Údržba,160,Somet,,8,2002-11-15 00:00:00,2024-08-12 00:00:00,,3,7941,7941,99999
203214,112.11,B,V270,PF2/1,Provozní laboratoř,160,Somet,,6,2001-04-18 00:00:00,2023-01-13 00:00:00,,2,7940,7940,99999
200541,112.11,B,VA30,PFS-K/4,Sklad,150,Somet,,7,2002-02-19 00:00:00,2023-11-15 00:00:00,,5,7939,7939,99999
304999,112.11,C,V160,,,150,Hommel,31007,5,2003-07-16 00:00:00,2025-04-08 00:00:00,2025-04-08 00:00:00,6,7937,4822,7160
28119,112.12,A,V 22,GQH-1,Kvalita,300,,,9,2003-05-14 00:00:00,2025-02-14 00:00:00,2025-02-03 00:00:00,3,7936,6781,9063
45967,112.12,A,GQG-2/3,GQG-2,Kvalita,150,Mahr,,12,2003-08-20 00:00:00,2025-05-12 00:00:00,,2,7936,7936,99999
301003,112.11,C,VR/PKD/31,PKD/3,Údržba,150,,,8,2002-06-19 00:00:00,2024-03-01 00:00:00,,3,7926,7926,99999
38661,112.11,B,V 29,PSW-T,Sklad,1000,Somet,,8,2001-03-01 00:00:00,2022-11-04 00:00:00,,4,7918,7918,99999
41694,112.12,D,V 10,PSW-F,Obrábění,150,Mitutoyo,500,8,2002-09-09 00:00:00,2024-05-13 00:00:00,,4,7917,7917,99999
301020,112.12,C,VR/PKD/31,PKD/3,Údržba,150,Mitutoyo,,8,2002-01-22 00:00:00,2023-09-19 00:00:00,,3,7910,7910,99999
36743,112.11,C,V 22,PKT/21,Údržba,150,,,8,2001-11-21 00:00:00,2023-07-14 00:00:00,,3,7905,7905,99999
306237,112.11,C,V180,,,150,Somet,,4,1999-12-09 00:00:00,2021-07-28 00:00:00,,3,7902,7902,99999
203334,112.11,C,V270,PF1-K,Údržba,150,Somet,,5,2000-02-01 00:00:00,2021-08-31 00:00:00,,6,7882,7882,99999
300976,112.11,D,VR/PKD/31,,,160,Somet,,8,2002-06-06 00:00:00,2023-12-18 00:00:00,,5,7865,7865,99999
300940,112.11,C,VR/PKD/31,PKD/3,Údržba,150,Mauser,,8,2002-06-07 00:00:00,2023-12-18 00:00:00,,3,7864,7864,99999
301042,112.12,C,VR/PKD/31,PKD/3,Údržba,150,Mitutoyo,,8,2002-01-18 00:00:00,2023-07-21 00:00:00,,5,7854,7854,99999
41382,112.11,D,V 10,PSW-F,Obrábění,160,Somet,,7,2000-03-21 00:00:00,2021-09-13 00:00:00,,4,7846,7846,99999
46594,112.12,A,GQH-1/1,GQH-1,Kvalita,200,Mitutoyo,500,8,2003-12-16 00:00:00,2025-06-04 00:00:00,,3,7841,7841,99999
46595,112.11,A,GQH-1/1,GQH-1,Kvalita,250,,,8,2003-12-16 00:00:00,2025-06-04 00:00:00,,3,7841,7841,99999
38815,112.12,B,V 29,PSW-T,Sklad,,Mitutoyo,550,8,2000-11-28 00:00:00,2022-05-16 00:00:00,,4,7839,7839,99999
202361,112.11,B,V160,PFO-P/2,Vedení,150,Somet,,5,2003-01-15 00:00:00,2024-06-28 00:00:00,,6,7835,7835,99999
202512,112.12,B,V160,PFS-K/1,Vedení,160,Somet,,6,2003-01-21 00:00:00,2024-06-28 00:00:00,,4,7829,7829,99999
202513,112.12,C,V160,PFO-P/31,Údržba,160,Somet,,6,2003-01-21 00:00:00,2024-06-28 00:00:00,,4,7829,7829,99999
202509,112.12,C,V160,PFO-P/31,Údržba,150,Mitutoyo,500,6,2003-03-04 00:00:00,2024-08-02 00:00:00,,4,7822,7822,99999
202288,112.11,C,V160,PFO-P/31,Údržba,150,Somet,,4,1999-12-14 00:00:00,2021-05-12 00:00:00,,6,7820,7820,99999
41424,112.11,D,V 10,PSW-F,Obrábění,250,,,7,2001-05-29 00:00:00,2022-10-20 00:00:00,,4,7814,7814,99999
301005,112.11,C,VR/PKD/31,PKD/3,Údržba,150,,,8,2002-06-04 00:00:00,2023-10-17 00:00:00,,3,7805,7805,99999
300996,112.11,C,VR/PKD/31,PKD/3,Údržba,150,,,8,2002-06-05 00:00:00,2023-10-17 00:00:00,,3,7804,7804,99999
300989,112.11,C,VR/PKD/31,PKD/3,Údržba,150,Somet,,8,2002-06-12 00:00:00,2023-10-17 00:00:00,,3,7797,7797,99999
300891,112.11,C,VR/PKD/31,PKD/3,Údržba,200,,,8,2002-06-13 00:00:00,2023-10-17 00:00:00,,3,7796,7796,99999
300993,112.11,C,VR/PKD/31,PKD/3,Údržba,150,Somet,,8,2002-06-13 00:00:00,2023-10-17 00:00:00,,3,7796,7796,99999
46011,112.12,C,V 10,PSW-F,Montáž,200,Somet,,7,2003-08-12 00:00:00,2024-12-12 00:00:00,2024-12-12 00:00:00,4,7793,6335,7783
300998,112.11,C,VR/PKD/31,PKD/3,Údržba,150,,,8,2002-06-17 00:00:00,2023-10-17 00:00:00,2023-10-17 00:00:00,3,7792,6658,7330
301006,112.11,C,VR/PKD/31,PKD/3,Údržba,150,,,8,2002-06-18 00:00:00,2023-10-17 00:00:00,,3,7791,7791,99999
201051,112.11,C,V160,PFO-P/21,Údržba,150,Somet,,5,2002-09-23 00:00:00,2024-01-16 00:00:00,,6,7785,7785,99999
301963,112.11,C,V 22,PKT/4,Údržba,160,Somet,,4,2003-02-10 00:00:00,2024-05-31 00:00:00,,4,7781,7781,99999
38606,112.11,D,V 10,PSW-F,Obrábění,,China,,8,2001-03-16 00:00:00,2022-08-30 00:00:00,2022-06-29 00:00:00,4,7775,6304,7349
39869,112.12,A,GQD-1/5,GQD-1,Kvalita,150,Mauser,05.38001,12,2002-06-24 00:00:00,2023-10-04 00:00:00,,2,7772,7772,99999
38629,112.11,D,V 10,PSW-F,Obrábění,160,Somet,,7,2002-03-14 00:00:00,2023-06-20 00:00:00,,4,7768,7768,99999
41356,112.11,D,V 10,PSW-F,Obrábění,160,Somet,,8,2002-01-18 00:00:00,2023-07-12 00:00:00,2023-04-26 00:00:00,4,7768,6289,7533
38797,112.11,B,V 29,PSW-T,Sklad,300,China,,7,2000-12-06 00:00:00,2022-03-11 00:00:00,,4,7765,7765,99999
38427,112.11,C,V 29,PSW-V,Montáž,300,,,7,2001-04-19 00:00:00,2022-07-19 00:00:00,,4,7761,7761,99999
45221,112.12,C,V 29,PSW-P,Montáž,150,Mitutoyo,,8,2002-01-23 00:00:00,2023-04-18 00:00:00,,4,7755,7755,99999
301038,112.12,A,VR/GQH,GQH-2,Kvalita,150,Mitutoyo,500,9,2003-01-20 00:00:00,2024-04-12 00:00:00,,3,7753,7753,99999
41257,112.11,C,V 10,PSW-F,Montáž,150,Hommel,,7,2002-03-04 00:00:00,2023-05-26 00:00:00,,4,7753,7753,99999
200573,112.12,B,VA30,PFS-K/4,Sklad,150,Sylvac,,7,2003-09-15 00:00:00,2024-12-04 00:00:00,,5,7751,7751,99999
202280,112.11,C,V160,PFO-P/31,Údržba,150,Somet,,4,1999-12-20 00:00:00,2021-03-08 00:00:00,,6,7749,7749,99999
305257,112.12,C,V 22,PKT/4,Údržba,150,Somet,,6,2001-03-02 00:00:00,2022-05-19 00:00:00,,4,7748,7748,99999
25302,112.12,D,V 22,,,150,Samson,,12,2000-09-01 00:00:00,2021-11-08 00:00:00,,2,7738,7738,99999
41339,112.12,B,V 10,PSW-T,Sklad,160,Somet,,7,2002-08-08 00:00:00,2023-10-13 00:00:00,,4,7736,7736,99999
201705,112.11,C,V260,PF2-M,Údržba,150,Somet,MPS39,6,2003-11-14 00:00:00,2025-01-17 00:00:00,,5,7735,7735,99999
25311,112.12,A,V 22,GQH-1,Kvalita,150,Samson,,14,2000-09-01 00:00:00,2024-06-19 00:00:00,2021-11-05 00:00:00,2,7735,6942,8072
41577,112.11,D,V 10,,,400,,,7,2001-01-04 00:00:00,2022-03-10 00:00:00,,4,7735,7735,99999
203073,112.11,D,V270,,,320,,,4,1999-01-07 00:00:00,2020-03-11 00:00:00,,6,7734,7734,99999
32156,112.11,D,V 22,,,160,Somet,,10,2000-11-09 00:00:00,2022-03-07 00:00:00,2022-01-07 00:00:00,3,7729,6579,7729
45212,112.12,D,V 29,PSW-P,Obrábění,150,Mitutoyo,,8,2002-01-21 00:00:00,2023-03-17 00:00:00,2023-03-17 00:00:00,4,7725,6261,7249
31084,112.11,D,V 22,,,400,Somet,,12,2000-09-18 00:00:00,2022-03-09 00:00:00,2021-11-11 00:00:00,3,7724,4176,7724
37658,112.11,C,V 22,PKP,Montáž,150,Somet,,8,2000-01-10 00:00:00,2025-01-03 00:00:00,2021-03-04 00:00:00,3,7724,3459,6933
301043,112.12,A,VR/GQH,GQH-2,Kvalita,150,Mitutoyo,500,8,2002-01-11 00:00:00,2023-03-03 00:00:00,,3,7721,7721,99999
38766,112.11,B,PSW-T,PSW-T,TK,150,Kinex,,8,2002-07-02 00:00:00,2023-08-18 00:00:00,,3,7717,7717,99999
301081,112.12,A,VR/GQH,GQH-2,Kvalita,200,Mitutoyo,500,8,2002-01-17 00:00:00,2023-03-03 00:00:00,,3,7715,7715,99999
38732,112.11,B,V 10,PSW-T,Sklad,300,Somet,,7,2000-11-20 00:00:00,2022-01-04 00:00:00,,4,7715,7715,99999
309445,112.11,D,V 22,,,150,Somet,,5,1999-01-25 00:00:00,2020-03-06 00:00:00,,4,7711,7711,99999
200527,112.11,C,VA30,,,150,Somet,,7,2003-03-04 00:00:00,2024-04-12 00:00:00,,5,7710,7710,99999
301057,112.12,A,VR/GQH,GQH-2,Kvalita,200,Mitutoyo,500,8,2002-01-29 00:00:00,2023-03-03 00:00:00,,3,7703,7703,99999
41351,112.11,D,V 10,PSW-F,Obrábění,300,,,7,2001-05-29 00:00:00,2022-06-29 00:00:00,,4,7701,7701,99999
45308,112.11,B,V 10,PSW-T,Sklad,300,,,7,2002-02-05 00:00:00,2023-03-08 00:00:00,,4,7701,7701,99999
305063,112.12,C,V 22,PKT/4,Údržba,150,Somet,,6,2001-03-02 00:00:00,2022-03-25 00:00:00,,4,7693,7693,99999
200552,112.11,C,VA30,PF1-M,Údržba,150,Somet,,7,2003-05-26 00:00:00,2024-06-07 00:00:00,,5,7683,7683,99999
41357,112.11,C,V 10,PSW-F,Montáž,160,Somet,,7,2002-06-07 00:00:00,2023-06-20 00:00:00,,4,7683,7683,99999
42366,112.11,C,V 10,PSW-F,Montáž,160,Somet,,7,2002-09-30 00:00:00,2023-09-18 00:00:00,,4,7658,7658,99999
41623,112.11,B,V 29,PSW-T,Sklad,,,,8,2001-02-15 00:00:00,2022-02-01 00:00:00,,4,7656,7656,99999
201039,112.11,C,V160,PFO-P/12,Lisovna,150,Somet,,4,2000-03-31 00:00:00,2021-03-08 00:00:00,,6,7647,7647,99999
38400,112.11,C,V 29,PSW-V,Montáž,150,Kinex,957,7,2000-12-15 00:00:00,2021-11-19 00:00:00,,4,7644,7644,99999
301019,112.12,C,VR/PKD/31,PKD/3,Údržba,150,Mitutoyo,,8,2003-01-20 00:00:00,2023-12-18 00:00:00,,3,7637,7637,99999
45305,112.12,D,V 29,PSW-P,Obrábění,300,Mitutoyo,,8,2000-07-21 00:00:00,2021-08-19 00:00:00,2021-06-18 00:00:00,4,7637,6172,6608
301022,112.12,C,VR/PKD/31,PKD/3,Údržba,150,Mitutoyo,,8,2003-01-23 00:00:00,2023-12-19 00:00:00,,3,7635,7635,99999
201146,112.11,C,V160,PFO-P/31,Údržba,150,,,5,2003-02-25 00:00:00,2024-01-17 00:00:00,,6,7631,7631,99999
201162,112.11,C,V160,PFO-P/31,Údržba,150,,,5,2002-10-30 00:00:00,2023-09-18 00:00:00,,6,7628,7628,99999
202342,112.11,C,V160,,,150,Hommel,,5,1998-10-13 00:00:00,2019-08-29 00:00:00,,6,7625,7625,99999
42385,112.11,D,V 29,PSW-P,Obrábění,160,Somet,,7,2002-09-30 00:00:00,2023-08-14 00:00:00,,4,7623,7623,99999
202268,112.11,C,V160,PFO-P/31,Údržba,150,,,4,2004-03-16 00:00:00,2025-01-27 00:00:00,,6,7622,7622,99999
43704,112.11,C,V 10,PSW-F,Montáž,160,Somet,,8,2001-09-11 00:00:00,2022-07-18 00:00:00,,4,7615,7615,99999
200651,112.11,C,V270,PF1-K,Údržba,150,Somet,,5,2001-05-04 00:00:00,2022-03-07 00:00:00,,6,7612,7612,99999
45302,112.12,C,V 29,PSW-P,Montáž,300,Mitutoyo,550,7,2002-10-11 00:00:00,2023-08-14 00:00:00,,4,7612,7612,99999
15012,112.11,A,GQD-2,GQD,Kvalita,150,China,,9,2001-06-19 00:00:00,2022-04-13 00:00:00,,3,7603,7603,99999
47977,112.12,D,V 29,PSW-P,Obrábění,300,Somet,,6,2004-08-10 00:00:00,2025-06-02 00:00:00,2025-06-02 00:00:00,4,7601,6120,7588
33529,112.11,D,V 22,,,150,Somet,,6,1998-02-01 00:00:00,2018-11-20 00:00:00,,4,7597,7597,99999
44489,112.12,D,V 29,PSW-P,Obrábění,300,Somet,,8,2001-09-12 00:00:00,2022-06-27 00:00:00,2022-06-27 00:00:00,4,7593,6111,7049
47776,112.12,D,V 22,,,160,Somet,,11,2004-06-04 00:00:00,2025-03-07 00:00:00,,2,7581,7581,99999
15079,112.12,A,GQD-2,GQD,Kvalita,150,HHW,,11,2000-09-27 00:00:00,2021-06-23 00:00:00,2021-06-23 00:00:00,2,7574,6810,8262
46117,112.11,C,M6,,,160,Somet,,10,2003-09-11 00:00:00,2024-05-27 00:00:00,,2,7564,7564,99999
45115,112.12,D,V 29,PSW-P,Obrábění,150,Mitutoyo,,8,2002-10-14 00:00:00,2023-08-30 00:00:00,2023-06-26 00:00:00,4,7560,6085,7362
200668,112.11,C,V270,PF1-K,Svařovna,150,Somet,,5,2004-03-11 00:00:00,2024-11-18 00:00:00,,6,7557,7557,99999
301960,112.11,D,V 22,,,160,Somet,,5,2003-02-10 00:00:00,2024-01-30 00:00:00,2023-10-02 00:00:00,4,7539,3053,6818
45340,112.12,D,V 22,,,300,Mitutoyo,551,6,2003-05-23 00:00:00,2024-01-08 00:00:00,,1,7535,7535,99999
33201,112.12,C,M6,,,200,Mahr,16EX,12,2001-01-25 00:00:00,2021-11-08 00:00:00,2021-09-08 00:00:00,2,7531,6773,7531
304883,112.11,C,V160,PFO-P/21,Údržba,750,Mitutoyo,534,6,2004-03-05 00:00:00,2024-10-07 00:00:00,,4,7521,7521,99999
14952,112.11,C,V 22,PKT/21,Údržba,150,China,,6,2002-07-25 00:00:00,2023-02-22 00:00:00,,4,7517,7517,99999
25583,112.12,A,GQG-2/4,GQG-2,Kvalita,150,TESA,"05.30034,",9,1999-04-12 00:00:00,2019-10-30 00:00:00,2019-10-30 00:00:00,3,7506,6386,7327
305061,112.11,C,V 22,PKT/4,Údržba,150,Somet,,6,2002-11-18 00:00:00,2023-05-23 00:00:00,,4,7491,7491,99999
301900,112.11,A,GQD-2,GQD,Kvalita,150,Somet,,11,2004-02-19 00:00:00,2024-08-20 00:00:00,,3,7488,7488,99999
301079,112.12,C,VR/PKD/31,PKD/3,Údržba,150,Mitutoyo,,8,2003-01-22 00:00:00,2023-07-21 00:00:00,,3,7485,7485,99999
307673,112.11,C,PSZ/1,PSZ/1,Údržba,1000,,,8,2004-04-16 00:00:00,2024-10-07 00:00:00,2024-10-07 00:00:00,5,7479,5590,6621
202508,112.12,C,V160,,,150,Mitutoyo,500,6,2003-03-04 00:00:00,2023-08-22 00:00:00,2023-08-22 00:00:00,4,7476,5958,6964
301735,112.11,D,V 22,,,160,Somet,,9,2004-11-26 00:00:00,2025-05-14 00:00:00,,4,7474,7474,99999
42362,112.11,C,V 29,PSW-V,Montáž,160,Somet,,6,2002-09-30 00:00:00,2023-03-17 00:00:00,,4,7473,7473,99999
38575,112.12,B,V 10,PSW-T,Sklad,200,Mitutoyo,500,7,2002-09-24 00:00:00,2023-03-08 00:00:00,,4,7470,7470,99999
45300,112.12,D,V 29,PSW-P,Obrábění,300,Mitutoyo,550,7,2002-10-14 00:00:00,2023-03-28 00:00:00,,4,7470,7470,99999
16172,112.11,C,V 22,PKP,Montáž,300,UIK,,13,2002-03-05 00:00:00,2024-05-16 00:00:00,2022-08-16 00:00:00,4,7469,6685,8681
42175,112.12,C,V 10,PSW-F,Montáž,160,Somet,,7,2002-10-01 00:00:00,2023-03-08 00:00:00,,4,7463,7463,99999
46527,112.11,C,V 22,PKP,Montáž,160,Somet,,9,2003-11-10 00:00:00,2024-04-16 00:00:00,,3,7463,7463,99999
16124,112.11,D,V 22,,,650,Somet,,5,2000-02-08 00:00:00,2020-07-14 00:00:00,,2,7462,7462,99999
304820,112.11,C,V160,PFO-P/31,Údržba,250,Somet,,3,2004-03-24 00:00:00,2024-08-23 00:00:00,,6,7457,7457,99999
37333,112.11,D,V 22,,,150,,,11,2002-01-30 00:00:00,2022-06-27 00:00:00,,2,7453,7453,99999
32241,112.12,D,V 22,,,150,Somet,,15,2000-10-11 00:00:00,2021-03-04 00:00:00,,2,7449,7449,99999
305094,112.11,C,V 22,PKT/4,Údržba,160,Somet,,6,2002-10-18 00:00:00,2023-03-09 00:00:00,,4,7447,7447,99999
46534,112.11,C,V 22,PKG,Údržba,160,Somet,,11,2003-11-10 00:00:00,2024-03-28 00:00:00,,2,7444,7444,99999
301968,112.12,B,V 29,PSW-T,TK,200,Somet,,6,2005-01-10 00:00:00,2025-05-22 00:00:00,,1,7437,7437,99999
41772,112.12,D,V 10,PSW-F,Obrábění,300,Mitutoyo,550,7,2001-10-11 00:00:00,2022-02-14 00:00:00,,4,7431,7431,99999
302239,112.11,D,V 10,PSW-F,Obrábění,160,Somet,,7,2005-01-28 00:00:00,2025-06-02 00:00:00,,2,7430,7430,99999
16137,112.11,D,V 22,,,125,UIK,,6,2000-11-24 00:00:00,2021-03-26 00:00:00,,4,7427,7427,99999
43319,112.11,D,V 22,,,160,Somet,,10,2002-11-15 00:00:00,2023-03-17 00:00:00,,4,7427,7427,99999
303673,112.11,D,V 22,,,300,Somet,12030660,6,2004-05-31 00:00:00,2025-03-10 00:00:00,2024-09-24 00:00:00,4,7421,3628,7043
43251,112.11,D,V 10,PSW-F,Obrábění,400,,,7,2002-10-17 00:00:00,2023-02-10 00:00:00,,4,7421,7421,99999
201553,112.12,C,V160,,,150,Mitutoyo,500,6,2003-09-25 00:00:00,2024-01-16 00:00:00,2024-01-16 00:00:00,4,7418,5916,7202
202467,112.12,C,V160,PFO-P/31,Údržba,150,Mitutoyo,500,6,2001-06-26 00:00:00,2021-10-13 00:00:00,,4,7414,7414,99999
45207,112.12,D,V 29,PSW-P,Obrábění,150,Mitutoyo,,7,2002-03-15 00:00:00,2022-06-27 00:00:00,,4,7409,7409,99999
304871,112.11,C,V 22,PKT/4,Údržba,800,Mitutoyo,533,6,2003-01-23 00:00:00,2023-05-04 00:00:00,,4,7406,7406,99999
302241,112.11,C,V 10,PSW-F,Montáž,160,Somet,,7,2005-01-28 00:00:00,2025-04-29 00:00:00,,4,7396,7396,99999
44975,112.11,D,V 29,PSW-P,Obrábění,150,,,7,2003-01-17 00:00:00,2023-04-18 00:00:00,,4,7396,7396,99999
305441,112.11,C,V 22,PKT/4,Údržba,150,,,6,2002-01-22 00:00:00,2022-04-22 00:00:00,,4,7395,7395,99999
201748,112.11,C,V260,PF2-M,Údržba,150,Somet,,5,2004-01-21 00:00:00,2024-04-12 00:00:00,,5,7387,7387,99999
41583,112.11,D,V 10,PSW-F,Obrábění,,,,7,2002-01-21 00:00:00,2022-04-13 00:00:00,2022-04-13 00:00:00,4,7387,5898,7147
201745,112.11,C,V260,PF2-I,Logistika,150,Kinex,,5,2002-02-19 00:00:00,2022-05-11 00:00:00,,5,7386,7386,99999
44810,112.12,D,V 10,PSW-F,Obrábění,,Somet,,7,2003-04-01 00:00:00,2023-06-21 00:00:00,,4,7386,7386,99999
201679,112.11,C,V260,PF2-M,Údržba,150,Somet,MPS39,5,2003-11-14 00:00:00,2024-02-02 00:00:00,,5,7385,7385,99999
201781,112.11,B,V260,PFS-K/4,Sklad,200,Somet,MPS200,5,2003-11-14 00:00:00,2024-02-02 00:00:00,,5,7385,7385,99999
45226,112.12,D,V 29,PSW-P,Obrábění,150,Mitutoyo,,7,2002-04-12 00:00:00,2022-06-24 00:00:00,,4,7378,7378,99999
202473,112.12,C,V160,,,150,Mitutoyo,500,6,2001-06-26 00:00:00,2021-09-06 00:00:00,,4,7377,7377,99999
304876,112.11,C,V160,PFO-P/21,Údržba,400,Somet,,4,2004-03-31 00:00:00,2024-06-07 00:00:00,,6,7373,7373,99999
201592,112.11,B,V260,PFS-K/4,Sklad,200,Somet,MPS300,5,2003-11-14 00:00:00,2024-01-19 00:00:00,,5,7371,7371,99999
201644,112.11,B,V260,PFS-K/4,Sklad,200,Somet,MPS300,5,2003-11-14 00:00:00,2024-01-19 00:00:00,,5,7371,7371,99999
201645,112.11,B,V260,PFS-K/4,Sklad,200,Somet,MPS300,5,2003-11-14 00:00:00,2024-01-19 00:00:00,,5,7371,7371,99999
201774,112.11,B,V260,PFS-K/4,Sklad,200,Links,MPS200,5,2003-11-14 00:00:00,2024-01-19 00:00:00,,5,7371,7371,99999
201775,112.11,B,V260,PFS-K/4,Sklad,200,Somet,MPS200,5,2003-11-14 00:00:00,2024-01-19 00:00:00,,5,7371,7371,99999
201777,112.11,B,V260,PFS-K/4,Sklad,200,Somet,MPS200,5,2003-11-14 00:00:00,2024-01-19 00:00:00,,5,7371,7371,99999
201782,112.11,B,V260,PFS-K/4,Sklad,200,Somet,MPS200,5,2003-11-14 00:00:00,2024-01-19 00:00:00,,5,7371,7371,99999
201783,112.11,B,V260,PFS-K/4,Sklad,200,Somet,MPS200,5,2003-11-14 00:00:00,2024-01-19 00:00:00,,5,7371,7371,99999
201784,112.11,B,V260,PFS-K/4,Sklad,200,Somet,MPS200,5,2003-11-14 00:00:00,2024-01-19 00:00:00,,5,7371,7371,99999
201785,112.11,B,V260,PFS-K/4,Sklad,200,Somet,MPS200,5,2003-11-14 00:00:00,2024-01-19 00:00:00,,5,7371,7371,99999
201653,112.11,B,V260,PFS-K/4,Sklad,300,KS TOOLS,MPS300,5,2003-11-14 00:00:00,2024-01-18 00:00:00,,5,7370,7370,99999
201776,112.11,B,V260,PFS-K/4,Sklad,200,Somet,MPS200,5,2003-11-14 00:00:00,2024-01-18 00:00:00,,5,7370,7370,99999
202470,112.12,B,V160,PFS-K/1,Vedení,150,Mitutoyo,500,6,2001-06-26 00:00:00,2021-08-30 00:00:00,,4,7370,7370,99999
202309,112.11,C,V270,PF1-K,Údržba,160,Somet,,4,2004-07-19 00:00:00,2024-09-18 00:00:00,,3,7366,7366,99999
201741,112.11,B,V260,PFS-K/4,Sklad,150,Somet,,5,2004-03-16 00:00:00,2024-05-15 00:00:00,,5,7365,7365,99999
201676,112.11,B,V260,PFS-K/4,Sklad,150,Würth,,4,2000-02-29 00:00:00,2020-04-28 00:00:00,2020-04-28 00:00:00,5,7364,5494,5531
201703,112.11,B,V260,PFS-K/4,Sklad,150,Würth,,4,2000-02-29 00:00:00,2020-04-28 00:00:00,2020-04-28 00:00:00,5,7364,5494,5531
201678,112.11,B,V260,PFS-K/4,Sklad,150,Würth,,4,2000-02-29 00:00:00,2020-04-27 00:00:00,2020-04-27 00:00:00,5,7363,5494,5530
201686,112.11,B,V260,PFS-K/4,Sklad,150,Würth,,4,2000-02-29 00:00:00,2020-04-27 00:00:00,2020-04-27 00:00:00,5,7363,5494,5530
41507,112.11,D,V 10,,,300,,,7,2000-12-06 00:00:00,2021-03-02 00:00:00,2021-02-02 00:00:00,4,7363,5878,6714
202374,112.11,C,V160,,,200,Somet,,3,2000-01-13 00:00:00,2020-03-03 00:00:00,,6,7355,7355,99999
202375,112.11,C,V160,,,200,Somet,,3,2000-01-13 00:00:00,2020-03-03 00:00:00,,6,7355,7355,99999
202515,112.12,C,V160,,,160,Somet,,6,2003-01-21 00:00:00,2023-03-10 00:00:00,2023-03-10 00:00:00,4,7353,5895,6799
301041,112.12,D,VR/PKD/31,,,150,Mitutoyo,,8,2003-01-22 00:00:00,2023-03-10 00:00:00,,5,7352,7352,99999
41306,112.11,C,V 10,PSW-F,Montáž,150,,,7,2000-09-27 00:00:00,2020-11-12 00:00:00,,4,7351,7351,99999
45992,112.12,D,V 29,PSW-P,Obrábění,160,Somet,,7,2003-08-12 00:00:00,2023-09-27 00:00:00,,4,7351,7351,99999
301076,112.12,A,VR/GQH,GQH-2,Kvalita,150,Mitutoyo,500,8,2003-01-22 00:00:00,2023-03-03 00:00:00,,3,7345,7345,99999
301059,112.12,A,VR/GQH,GQH-2,Kvalita,300,Mitutoyo,551,8,2003-01-23 00:00:00,2023-03-03 00:00:00,,3,7344,7344,99999
29881,112.11,D,V 22,,,250,Somet,,2,2000-07-13 00:00:00,2020-08-20 00:00:00,,1,7343,7343,99999
306271,112.12,C,V160,PFO-P/21,Údržba,600,Mitutoyo,500,6,2004-02-12 00:00:00,2024-03-20 00:00:00,,4,7342,7342,99999
38456,112.11,C,V 29,PSW-V,Montáž,160,Somet,,6,2004-01-13 00:00:00,2024-02-19 00:00:00,,4,7342,7342,99999
201684,112.11,C,V260,PF2-M,Montáž,150,Somet,MPS39,5,2003-11-14 00:00:00,2023-12-20 00:00:00,,5,7341,7341,99999
201693,112.11,C,V260,PF2-M,Údržba,150,Somet,MPS39,5,2003-11-14 00:00:00,2023-12-20 00:00:00,,5,7341,7341,99999
201714,112.11,B,V260,PFS-K/4,Sklad,150,Somet,,5,2003-11-14 00:00:00,2023-12-20 00:00:00,2023-12-20 00:00:00,5,7341,5514,7341
201735,112.11,C,V260,PF2-M,Údržba,150,Somet,MPS39,5,2003-11-14 00:00:00,2023-12-20 00:00:00,,5,7341,7341,99999
201737,112.11,C,V260,PF2-M,Údržba,150,Somet,MPS39,5,2003-11-14 00:00:00,2023-12-20 00:00:00,,5,7341,7341,99999
201752,112.11,B,V260,PFS-K/4,Sklad,120,UIK,,5,2003-11-14 00:00:00,2023-12-20 00:00:00,,5,7341,7341,99999
201753,112.11,B,V260,PFS-K/4,Sklad,150,,,5,2003-11-14 00:00:00,2023-12-20 00:00:00,,5,7341,7341,99999
37357,112.12,D,V 22,,,300,Mitutoyo,500,10,2002-02-04 00:00:00,2022-03-08 00:00:00,2022-03-08 00:00:00,2,7337,6520,7340
303424,112.12,B,V 10,PSW-T,Sklad,160,Somet,,6,2005-05-24 00:00:00,2025-06-24 00:00:00,,4,7336,7336,99999
41749,112.12,D,V 10,PSW-F,Obrábění,200,Mitutoyo,,8,2001-01-08 00:00:00,2021-03-02 00:00:00,2021-02-08 00:00:00,4,7336,5868,6710
29654,112.11,D,V 22,,,250,Somet,,2,2000-06-29 00:00:00,2020-07-22 00:00:00,,,7328,7328,99999
44798,112.11,D,V 29,PSW-P,Obrábění,120,,,7,2002-01-23 00:00:00,2022-02-14 00:00:00,,4,7327,7327,99999
302478,112.11,C,V260,PF2-M,Montáž,150,Kinex,MPS39,5,2005-03-29 00:00:00,2025-04-16 00:00:00,,5,7323,7323,99999
302482,112.11,B,V260,PFS-K/4,Sklad,150,Kinex,MPS39,5,2005-03-29 00:00:00,2025-04-16 00:00:00,2025-04-16 00:00:00,5,7323,5508,7323
302487,112.11,C,V260,PF2-M,Montáž,150,Kinex,MPS39,5,2005-03-29 00:00:00,2025-04-16 00:00:00,,5,7323,7323,99999
302491,112.11,C,V260,PF2-M,Údržba,150,Kinex,,4,2005-03-29 00:00:00,2025-04-16 00:00:00,,5,7323,7323,99999
304960,112.11,C,V160,PFO-P/21,Údržba,160,Somet,,5,2000-11-24 00:00:00,2020-12-07 00:00:00,,6,7318,7318,99999
36650,112.11,A,GQH-1/1,GQH-1,Kvalita,150,China,,6,2001-11-09 00:00:00,2021-11-22 00:00:00,,4,7318,7318,99999
201826,112.12,C,V260,,,300,Kinex,,5,1999-10-18 00:00:00,2019-10-30 00:00:00,2019-10-30 00:00:00,5,7317,5478,5489
43990,112.12,B,V 10,PSW-T,Sklad,200,Somet,,7,2001-09-12 00:00:00,2021-09-24 00:00:00,,4,7317,7317,99999
45213,112.12,D,V 29,PSW-P,Obrábění,150,Mitutoyo,,7,2002-10-17 00:00:00,2022-10-27 00:00:00,,4,7315,7315,99999
201657,112.12,C,V260,,,300,Somet,MPS300,5,2003-04-10 00:00:00,2023-04-17 00:00:00,,5,7312,7312,99999
201658,112.12,C,V260,,,300,Somet,MPS300,5,2003-04-10 00:00:00,2023-04-17 00:00:00,,5,7312,7312,99999
201659,112.12,B,V260,PFS-K/4,Sklad,300,Somet,MPS300,5,2003-04-10 00:00:00,2023-04-17 00:00:00,,5,7312,7312,99999
201664,112.11,C,V260,,,600,Somet,MPS600,5,2002-09-18 00:00:00,2022-09-21 00:00:00,,5,7308,7308,99999
41740,112.12,D,V 10,PSW-F,Obrábění,200,Mitutoyo,,7,2001-01-08 00:00:00,2021-01-11 00:00:00,2021-01-11 00:00:00,4,7308,5866,6682
31127,112.11,C,V 22,PKG,Údržba,160,Somet,,16,2000-09-26 00:00:00,2024-06-06 00:00:00,2020-09-23 00:00:00,3,7302,6561,7309
203378,112.11,C,V260,,,300,Samson,MPS300,5,2004-10-19 00:00:00,2024-10-14 00:00:00,,5,7300,7300,99999
303789,112.12,C,VK20,,,150,Mitutoyo,500,6,2005-07-20 00:00:00,2025-07-10 00:00:00,,4,7295,7295,99999
44921,112.11,C,V 10,PSW-F,Montáž,160,,,6,2004-12-22 00:00:00,2024-12-12 00:00:00,,4,7295,7295,99999
305203,112.11,C,V 22,PKG,Údržba,150,Somet,,6,2002-10-16 00:00:00,2022-10-05 00:00:00,,4,7294,7294,99999
303420,112.12,D,V 10,PSW-F,Obrábění,160,Somet,,6,2005-05-24 00:00:00,2025-05-12 00:00:00,,4,7293,7293,99999
41591,112.11,B,V 10,PSW-T,Sklad,1000,,,6,2000-11-21 00:00:00,2020-11-09 00:00:00,2020-11-09 00:00:00,4,7293,5811,6627
41697,112.12,D,V 10,PSW-F,Obrábění,150,Mitutoyo,,7,1999-09-03 00:00:00,2019-08-19 00:00:00,,4,7290,7290,99999
201662,112.11,C,V260,PF2-M,Údržba,400,Somet,MPS400,5,2002-09-18 00:00:00,2022-09-02 00:00:00,,5,7289,7289,99999
201663,112.11,C,V260,,,400,Somet,MPS400,5,2002-09-18 00:00:00,2022-09-02 00:00:00,,5,7289,7289,99999
201166,112.11,C,V160,,,150,,,5,2003-03-27 00:00:00,2023-03-10 00:00:00,2023-03-10 00:00:00,6,7288,5037,6905
41696,112.12,D,V 10,PSW-F,Obrábění,150,Mitutoyo,,7,2002-09-09 00:00:00,2022-08-23 00:00:00,2022-08-23 00:00:00,4,7288,5835,7272
41733,112.12,B,V 10,PSW-T,Sklad,200,Mitutoyo,,7,2002-09-16 00:00:00,2022-08-23 00:00:00,,4,7281,7281,99999
41774,112.12,D,V 10,PSW-F,Obrábění,300,Mitutoyo,,7,2002-09-16 00:00:00,2022-08-23 00:00:00,,4,7281,7281,99999
302930,112.11,D,V 22,,,160,Somet,,9,2005-03-31 00:00:00,2025-03-03 00:00:00,,4,7277,7277,99999
303364,112.12,D,V270,,,150,Somet,,6,2005-05-23 00:00:00,2025-04-16 00:00:00,,4,7268,7268,99999
41612,112.11,C,V 10,PSW-F,Montáž,400,Somet,,8,2002-04-24 00:00:00,2022-04-25 00:00:00,2022-03-10 00:00:00,4,7260,5804,7112
41792,112.12,D,V 10,PSW-F,Obrábění,300,Mitutoyo,,7,2002-09-09 00:00:00,2022-07-19 00:00:00,,4,7253,7253,99999
16128,112.11,D,V 22,,,400,Somet,,6,2000-10-13 00:00:00,2020-07-13 00:00:00,2020-07-13 00:00:00,1,7213,6716,7917
43275,112.12,B,V 10,PSW-T,Sklad,300,Mitutoyo,,7,2002-09-26 00:00:00,2022-06-14 00:00:00,,4,7201,7201,99999
305600,112.11,C,V160,,,160,Somet,11016551,4,2005-09-22 00:00:00,2025-06-05 00:00:00,,6,7196,7196,99999
304981,112.11,C,V160,PFO-P/21,Údržba,150,Hommel,31007,4,2003-07-16 00:00:00,2023-03-21 00:00:00,,6,7188,7188,99999
306362,112.11,D,V270,,,160,Somet,11016551,5,2005-12-07 00:00:00,2025-07-21 00:00:00,,6,7166,7166,99999
202271,112.11,C,V160,PFO-P/31,Údržba,150,,,5,2002-11-07 00:00:00,2022-06-15 00:00:00,,6,7160,7160,99999
301949,112.11,C,V 22,PKT/4,Údržba,160,Somet,,5,2003-02-10 00:00:00,2022-09-13 00:00:00,,4,7155,7155,99999
33038,112.11,D,V 22,,,160,Somet,,14,1999-03-24 00:00:00,2018-10-25 00:00:00,,3,7155,7155,99999
33622,112.11,D,V 22,,,160,Somet,,14,2001-03-08 00:00:00,2020-10-02 00:00:00,,2,7148,7148,99999
304872,112.11,C,V160,PFO-P/31,Údržba,400,Somet,,4,2004-03-24 00:00:00,2023-10-18 00:00:00,,6,7147,7147,99999
203183,112.11,A,V270,GQF-3,Kvalita,160,Somet,,5,2001-04-18 00:00:00,2020-11-09 00:00:00,,6,7145,7145,99999
41477,112.11,C,V 10,PSW-F,Montáž,300,,,7,2000-11-28 00:00:00,2020-06-19 00:00:00,2020-06-19 00:00:00,4,7143,5693,6486
44907,112.11,D,V 29,PSW-P,Obrábění,150,Somet,,6,2003-01-23 00:00:00,2022-08-12 00:00:00,,4,7141,7141,99999
305025,112.11,C,V160,PFO-P/41,Lisovna,160,Somet,,4,2005-04-01 00:00:00,2024-10-11 00:00:00,,6,7133,7133,99999
202350,112.11,C,V160,PFO-P/31,Údržba,150,Somet,,5,2003-01-14 00:00:00,2022-07-15 00:00:00,,6,7122,7122,99999
304828,112.11,C,V180,,,300,Somet,,2,2004-04-19 00:00:00,2023-10-18 00:00:00,2023-10-18 00:00:00,6,7121,0,6630
44569,112.12,B,V 22,PKT/1,TK,160,Somet,,7,2003-03-05 00:00:00,2022-08-25 00:00:00,,3,7113,7113,99999
202284,112.11,C,V160,,,150,Somet,,5,1999-12-20 00:00:00,2019-06-06 00:00:00,,6,7108,7108,99999
41592,112.11,B,V 10,PSW-T,Sklad,1000,,,7,2000-11-21 00:00:00,2020-05-04 00:00:00,2020-05-04 00:00:00,4,7104,5595,6438
307576,112.11,C,PSZ/1,PSZ/1,Údržba,200,China,,7,2005-01-06 00:00:00,2024-06-10 00:00:00,,5,7095,7095,99999
306227,112.11,C,V160,,,150,Somet,,4,2005-11-21 00:00:00,2025-04-02 00:00:00,,6,7072,7072,99999
201151,112.11,C,V160,PFO-P/21,Údržba,150,,,5,2002-10-14 00:00:00,2022-02-17 00:00:00,,6,7066,7066,99999
305477,112.12,D,V 22,,,160,Somet,14016458,9,2005-09-16 00:00:00,2025-01-17 00:00:00,2025-01-17 00:00:00,1,7063,6185,7050
202919,112.12,A,VA30,GQF-1,Kvalita,160,Somet,,6,2004-08-24 00:00:00,2023-12-21 00:00:00,,5,7058,7058,99999
42378,112.11,D,V 29,PSW-V,Obrábění,160,Somet,,7,2002-09-25 00:00:00,2022-01-20 00:00:00,,4,7057,7057,99999
38455,112.11,C,V 10,PSW-F,Montáž,160,Somet,,6,2001-01-04 00:00:00,2020-04-29 00:00:00,2020-04-29 00:00:00,4,7055,5493,6559
44906,112.11,D,V 29,PSW-P,Obrábění,150,Somet,,7,2003-02-18 00:00:00,2022-06-06 00:00:00,,4,7048,7048,99999
303455,112.12,A,V 22,GQH-1,Kvalita,200,Mitutoyo,551,10,2005-05-30 00:00:00,2024-09-09 00:00:00,,2,7042,7042,99999
304977,112.11,C,V160,PFO-P/31,Údržba,150,Hommel,31007,5,2003-07-16 00:00:00,2022-10-26 00:00:00,,6,7042,7042,99999
34149,112.12,C,M6,,,200,Mauser,,11,2001-03-19 00:00:00,2020-12-02 00:00:00,2020-06-23 00:00:00,2,7036,6283,7027
301066,112.12,A,VR/PKD/31,GQH-2,Kvalita,190,Mitutoyo,,5,2002-01-17 00:00:00,2021-04-20 00:00:00,,5,7033,7033,99999
307580,112.11,C,PSZ/1,PSZ/1,Údržba,1000,,,6,2005-01-07 00:00:00,2024-04-09 00:00:00,,5,7032,7032,99999
203276,112.11,D,V270,,,160,Somet,,4,1999-12-14 00:00:00,2019-03-13 00:00:00,2019-03-13 00:00:00,6,7029,4728,5262
17102,112.12,A,GQD-2,GQD,Kvalita,150,Mitutoyo,500,10,2000-02-25 00:00:00,2019-05-21 00:00:00,2019-05-21 00:00:00,2,7025,6270,7498
38466,112.11,D,V 29,PSW-V,Obrábění,160,Somet,,6,2001-09-11 00:00:00,2020-12-02 00:00:00,,4,7022,7022,99999
45322,112.11,D,V 29,PSW-P,Obrábění,300,,,6,2003-04-09 00:00:00,2022-06-27 00:00:00,,4,7019,7019,99999
45034,112.11,C,V 10,PSW-F,Montáž,160,Somet,,6,2001-09-11 00:00:00,2020-11-23 00:00:00,,4,7013,7013,99999
200553,112.11,B,VA30,PFS-K/4,Sklad,150,Somet,,6,2003-10-06 00:00:00,2022-12-13 00:00:00,,5,7008,7008,99999
200559,112.11,B,VA30,PFS-K/4,Sklad,150,Somet,,6,2003-10-06 00:00:00,2022-12-13 00:00:00,,5,7008,7008,99999
200561,112.11,B,VA30,PFS,Vedení,150,Somet,MPS150,6,2003-10-06 00:00:00,2022-12-13 00:00:00,,5,7008,7008,99999
200564,112.11,B,VA30,PFS-K/4,Sklad,150,Somet,,6,2003-10-06 00:00:00,2022-12-13 00:00:00,,5,7008,7008,99999
200538,112.12,B,VA30,PFS-K/4,Sklad,200,,,6,2003-08-14 00:00:00,2022-10-19 00:00:00,,5,7006,7006,99999
41594,112.11,D,V 10,PSW-F,Obrábění,400,Somet,,6,2002-09-10 00:00:00,2021-11-12 00:00:00,,4,7003,7003,99999
26815,112.12,A,GQH-3/1,GQH-3,Kvalita,150,Somet,,10,2000-02-14 00:00:00,2019-04-15 00:00:00,2019-04-15 00:00:00,2,7000,6227,7003
38457,112.11,C,V 29,PSW-V,Montáž,160,Somet,,6,2001-01-04 00:00:00,2020-03-05 00:00:00,,4,7000,7000,99999
203294,112.11,C,V270,PF2-K,Údržba,160,Somet,,7,1999-12-14 00:00:00,2019-02-11 00:00:00,,6,6999,6999,99999
45351,112.11,D,V 29,PSW-P,Obrábění,600,Mitutoyo,,6,2003-04-01 00:00:00,2022-05-27 00:00:00,,4,6996,6996,99999
307569,112.11,C,PSZ/1,PSZ/1,Údržba,150,Mitutoyo,533,6,2005-01-06 00:00:00,2024-03-01 00:00:00,,5,6994,6994,99999
307570,112.11,C,PSZ/1,PSZ/1,Údržba,150,Mitutoyo,,6,2005-01-06 00:00:00,2024-03-01 00:00:00,,5,6994,6994,99999
307574,112.11,C,PSZ/1,PSZ/1,Údržba,200,KS TOOLS,,5,2005-01-06 00:00:00,2024-03-01 00:00:00,,5,6994,6994,99999
45103,112.11,D,V 29,PSW-P,Obrábění,160,Somet,,6,2001-01-04 00:00:00,2020-02-26 00:00:00,,4,6992,6992,99999
44474,112.11,D,V 10,PSW-F,Obrábění,300,China,,6,2002-12-13 00:00:00,2022-01-28 00:00:00,2022-01-28 00:00:00,4,6986,5514,6902
38454,112.11,C,V 29,PSW-V,Montáž,160,Somet,,6,2001-01-04 00:00:00,2020-02-19 00:00:00,,4,6985,6985,99999
306351,112.11,C,V270,PF2-K,Údržba,160,Somet,11016551,4,2005-12-07 00:00:00,2025-01-20 00:00:00,,6,6984,6984,99999
305243,112.11,C,VA30,PF1-M,Údržba,150,Somet,,6,2004-03-02 00:00:00,2023-04-11 00:00:00,,5,6979,6979,99999
41679,112.12,D,V 10,PSW-F,Obrábění,160,Somet,,6,2002-08-08 00:00:00,2021-09-13 00:00:00,,4,6976,6976,99999
305049,112.12,B,V 22,PKT/1,TK,160,Somet,,17,2005-08-08 00:00:00,2024-09-10 00:00:00,,1,6973,6973,99999
38464,112.11,D,V 29,PSW-V,Obrábění,160,Somet,,7,2001-09-11 00:00:00,2020-10-06 00:00:00,2020-10-06 00:00:00,4,6965,5518,6719
45084,112.11,D,V 29,PSW-P,Obrábění,160,Somet,,6,2001-09-11 00:00:00,2020-10-06 00:00:00,,4,6965,6965,99999
44632,112.11,D,V 29,PSW-V,Obrábění,300,VIS,,6,2003-03-18 00:00:00,2022-04-11 00:00:00,,4,6964,6964,99999
41392,112.11,C,V 10,PSW-F,Montáž,160,Somet,,6,2001-04-06 00:00:00,2020-04-29 00:00:00,2020-04-29 00:00:00,4,6963,5449,6440
202294,112.11,C,V160,,,150,Somet,,4,2000-02-28 00:00:00,2019-03-22 00:00:00,2019-03-22 00:00:00,6,6962,4774,5362
45325,112.11,D,V 29,PSW-P,Obrábění,300,,,6,2003-03-25 00:00:00,2022-04-11 00:00:00,,4,6957,6957,99999
14874,112.11,D,V 22,,,150,China,,6,2000-11-24 00:00:00,2019-12-10 00:00:00,,4,6955,6955,99999
46012,112.12,D,V 29,PSW-V,Obrábění,200,Somet,,5,2003-08-12 00:00:00,2022-08-25 00:00:00,,4,6953,6953,99999
39706,112.11,D,V 10,PSW-F,Obrábění,300,China,,6,2000-11-20 00:00:00,2019-11-28 00:00:00,2019-11-28 00:00:00,4,6947,5489,6372
41270,112.11,D,V 10,PSW-F,Hutě,150,,,7,2002-05-20 00:00:00,2021-05-27 00:00:00,2021-05-27 00:00:00,4,6947,5432,6839
304821,112.11,C,V160,,,250,Somet,,2,2004-03-24 00:00:00,2023-03-31 00:00:00,,6,6946,6946,99999
41526,112.11,D,V 10,PSW-F,Obrábění,150,Mitutoyo,530,6,2002-09-09 00:00:00,2021-09-13 00:00:00,,4,6944,6944,99999
45334,112.11,D,V 29,PSW-P,Obrábění,400,,,7,2003-05-12 00:00:00,2022-06-06 00:00:00,2022-05-16 00:00:00,4,6944,5482,6935
44481,112.11,B,V 29,PSW-T,Sklad,600,Mitutoyo,,6,2003-01-29 00:00:00,2022-02-01 00:00:00,,4,6943,6943,99999
44939,112.11,D,V 29,PSW-P,Obrábění,150,Somet,,6,2003-02-18 00:00:00,2022-02-15 00:00:00,2022-02-15 00:00:00,4,6937,5470,6880
307417,112.12,C,PSZ/1,PSZ/1,Údržba,200,Mitutoyo,500,7,2006-06-28 00:00:00,2025-06-23 00:00:00,,3,6935,6935,99999
45309,112.11,D,V 29,PSW-P,Obrábění,300,,,6,2003-04-16 00:00:00,2022-04-11 00:00:00,,4,6935,6935,99999
45225,112.12,C,V 29,PSW-P,Montáž,150,Mitutoyo,,6,2003-02-04 00:00:00,2022-01-28 00:00:00,,4,6933,6933,99999
44851,112.11,C,V 29,PSW-P,Montáž,150,Somet,,6,2003-02-06 00:00:00,2022-01-28 00:00:00,,4,6931,6931,99999
41450,112.11,D,V 10,PSW-F,Obrábění,300,China,,6,2001-06-04 00:00:00,2020-05-04 00:00:00,2020-05-04 00:00:00,4,6909,5418,6443
41238,112.11,C,V 10,PSW-F,Montáž,150,Mitutoyo,530,6,2002-09-10 00:00:00,2021-07-29 00:00:00,,4,6897,6897,99999
43222,112.11,B,V 10,PSW-T,Sklad,400,Somet,,7,2002-09-18 00:00:00,2021-09-13 00:00:00,2021-07-29 00:00:00,4,6889,5424,6820
302924,112.11,C,V 22,PKT/21,Údržba,160,Somet,,7,2005-03-31 00:00:00,2024-02-05 00:00:00,,4,6885,6885,99999
302233,112.11,D,V 10,PSW-F,Obrábění,160,Somet,,6,2005-01-28 00:00:00,2023-12-04 00:00:00,,4,6884,6884,99999
304926,112.11,C,V160,PFO-P/21,Údržba,150,Somet,,4,2005-04-15 00:00:00,2024-02-13 00:00:00,,6,6878,6878,99999
304951,112.11,C,V160,PFO-P/31,Údržba,150,Hommel,,5,2004-10-14 00:00:00,2023-08-10 00:00:00,,6,6874,6874,99999
38718,112.11,D,V 29,PSW-V,Obrábění,150,Somet,,7,2001-12-19 00:00:00,2020-10-13 00:00:00,,4,6873,6873,99999
33257,112.12,D,V 22,,,300,Somet,,19,2001-01-30 00:00:00,2019-11-21 00:00:00,,4,6869,6869,99999
305774,112.12,C,V 22,PKT/2,Údržba,200,Somet,,8,2005-10-18 00:00:00,2024-09-10 00:00:00,2024-07-29 00:00:00,3,6859,5705,6853
306206,112.11,C,V160,PFO-P/11,Lisovna,150,Somet,,4,2005-11-21 00:00:00,2024-08-30 00:00:00,,6,6857,6857,99999
43720,112.11,D,V 22,,,250,Somet,,9,2003-01-15 00:00:00,2021-10-19 00:00:00,,1,6852,6852,99999
301995,112.11,D,V 22,,,400,Somet,,8,2003-01-15 00:00:00,2024-09-19 00:00:00,2021-10-14 00:00:00,1,6847,4530,6097
41744,112.12,C,V 10,PSW-F,Montáž,200,Mitutoyo,,7,2000-11-08 00:00:00,2019-08-08 00:00:00,2019-08-08 00:00:00,4,6847,5363,6160
203325,112.11,C,V270,PF1-K,Svařovna,150,China,,4,2000-12-07 00:00:00,2019-08-28 00:00:00,,6,6838,6838,99999
44895,112.11,D,V 29,PSW-P,Obrábění,150,Somet,,6,2003-02-03 00:00:00,2021-10-15 00:00:00,2021-10-15 00:00:00,4,6829,5378,6762
45972,112.11,B,V 10,PSW-T,Sklad,,,,5,2003-06-16 00:00:00,2022-03-17 00:00:00,2022-02-22 00:00:00,4,6826,5322,6760
306516,112.12,A,GQG-1,GQG-1,Kvalita,150,Somet,,7,2005-01-27 00:00:00,2023-10-05 00:00:00,,3,6825,6825,99999
306517,112.12,A,GQG-1,GQG-1,Kvalita,150,Somet,,7,2005-01-27 00:00:00,2023-10-05 00:00:00,,3,6825,6825,99999
17884,112.11,A,V 22,GQH-1,Kvalita,150,China,,6,2002-10-02 00:00:00,2021-06-04 00:00:00,,4,6820,6820,99999
201179,112.11,C,V160,PFO-P/31,Údržba,150,,,5,2002-10-14 00:00:00,2021-06-11 00:00:00,,6,6815,6815,99999
27061,112.12,D,V 22,,,200,Mitutoyo,500,9,2000-01-17 00:00:00,2018-09-12 00:00:00,2018-09-12 00:00:00,2,6813,6035,6776
306375,112.11,C,V270,PF1-K,Údržba,160,Somet,,4,2005-12-07 00:00:00,2024-08-02 00:00:00,,6,6813,6813,99999
305573,112.12,D,V 10,PSW-F,Obrábění,160,Somet,14016458,6,2005-09-27 00:00:00,2024-05-13 00:00:00,2024-05-13 00:00:00,4,6803,5333,6788
306249,112.11,C,V180,,,150,Somet,,4,1999-12-20 00:00:00,2018-08-03 00:00:00,,6,6801,6801,99999
202236,112.11,C,V270,PF1-K,Údržba,160,Somet,,4,2001-04-18 00:00:00,2019-11-26 00:00:00,,6,6796,6796,99999
201547,112.12,C,V160,,,150,Mitutoyo,500,7,2003-10-01 00:00:00,2022-05-06 00:00:00,,4,6792,6792,99999
203324,112.11,D,V270,,,160,China,,4,2002-02-28 00:00:00,2020-10-02 00:00:00,,6,6791,6791,99999
42379,112.11,C,V 29,PSW-V,Montáž,160,Somet,,7,2002-09-25 00:00:00,2021-04-29 00:00:00,,4,6791,6791,99999
48257,112.12,B,V 10,PSW-T,Sklad,200,Somet,,7,2004-10-26 00:00:00,2023-07-12 00:00:00,2023-05-26 00:00:00,4,6786,5106,6770
203128,112.11,D,V270,,,150,Somet,,4,2000-02-21 00:00:00,2018-09-17 00:00:00,2018-09-17 00:00:00,6,6783,4379,5095
28123,112.12,D,V 22,,,300,Somet,,10,2001-06-11 00:00:00,2020-02-11 00:00:00,2020-01-06 00:00:00,2,6783,6002,7208
305472,112.12,D,V 22,PKG,Hutě,160,Somet,14016458,13,2005-09-16 00:00:00,2024-04-12 00:00:00,,1,6783,6783,99999
35254,112.12,B,V 22,PKT/1,TK,,Mitutoyo,551,9,2001-06-29 00:00:00,2023-11-22 00:00:00,2020-01-21 00:00:00,3,6780,5676,6780
201147,112.11,C,V160,PFO-P/11,Lisovna,150,,,4,2003-02-25 00:00:00,2021-09-16 00:00:00,,6,6778,6778,99999
301052,112.12,C,VR/PKD/31,PKD/15,Montáž,200,Mitutoyo,500,7,2002-01-23 00:00:00,2020-08-14 00:00:00,,2,6778,6778,99999
25327,112.12,B,V 22,PKT/1,TK,150,Samson,,6,2004-07-15 00:00:00,2023-01-31 00:00:00,,3,6774,6774,99999
39870,112.12,A,GQD-1/5,GQD-1,Kvalita,150,Mauser,"05.38001,",9,2002-06-24 00:00:00,2021-01-06 00:00:00,2021-01-06 00:00:00,3,6771,5680,6771
202360,112.11,C,V160,PFO-P/31,Údržba,150,Somet,,4,2003-01-15 00:00:00,2021-07-27 00:00:00,,6,6768,6768,99999
203236,112.11,B,V270,PF2/1,Provozní laboratoř,160,Somet,,4,2001-04-18 00:00:00,2019-10-24 00:00:00,,6,6763,6763,99999
202511,112.12,C,V160,,,160,Somet,,6,2003-01-21 00:00:00,2021-07-27 00:00:00,,4,6762,6762,99999
38792,112.11,D,V 29,PSW-V,Obrábění,200,MC,,7,2001-01-26 00:00:00,2019-08-01 00:00:00,,4,6761,6761,99999
29417,112.11,D,V 22,,,250,Somet,,5,2002-01-18 00:00:00,2020-07-22 00:00:00,,2,6760,6760,99999
201167,112.11,C,V160,,,150,,,4,2002-10-14 00:00:00,2021-04-16 00:00:00,,6,6759,6759,99999
45201,112.12,C,V 29,PSW-P,Montáž,150,Somet,,8,2002-12-09 00:00:00,2021-07-08 00:00:00,2021-06-04 00:00:00,4,6752,5315,6598
202274,112.11,C,V160,PFO-P/21,Údržba,150,,,4,2002-11-07 00:00:00,2021-04-27 00:00:00,,6,6746,6746,99999
301024,112.12,D,VR/PKD/31,PKD/11,Obrábění,150,Mitutoyo,,7,2002-01-17 00:00:00,2020-07-07 00:00:00,,1,6746,6746,99999
33068,112.12,D,V 22,,,150,Mitutoyo,500,11,2001-01-12 00:00:00,2019-07-01 00:00:00,2019-07-01 00:00:00,2,6744,5975,6745
29420,112.11,D,V 22,,,250,Somet,,3,2002-02-06 00:00:00,2020-10-07 00:00:00,2020-07-22 00:00:00,1,6741,0,7336
305508,112.11,C,V 29,PSW-V,Montáž,160,Somet,,6,2005-09-05 00:00:00,2024-02-19 00:00:00,,4,6741,6741,99999
302238,112.11,D,V 10,PSW-F,Obrábění,160,Somet,,6,2005-01-28 00:00:00,2023-07-11 00:00:00,,4,6738,6738,99999
203171,112.11,C,V270,PF1-K,Svařovna,160,Somet,,4,1998-06-09 00:00:00,2016-11-09 00:00:00,,6,6728,6728,99999
203246,112.11,D,V270,,,160,Somet,,4,2001-04-18 00:00:00,2019-09-19 00:00:00,2019-09-19 00:00:00,6,6728,4447,5453
203222,112.11,C,V270,PF1-K,Údržba,160,Somet,,4,2001-04-18 00:00:00,2019-09-18 00:00:00,,6,6727,6727,99999
307367,112.12,C,PSZ/1,PSZ/1,Údržba,300,Mitutoyo,551,7,2004-05-31 00:00:00,2022-10-31 00:00:00,,3,6727,6727,99999
307571,112.11,C,PSZ/1,PSZ/1,Údržba,150,Mitutoyo,561,7,2005-01-06 00:00:00,2023-06-01 00:00:00,,3,6720,6720,99999
307579,112.11,C,PSZ/1,PSZ/1,Údržba,400,Somet,,7,2005-01-06 00:00:00,2023-06-01 00:00:00,,5,6720,6720,99999
307452,112.11,C,PSZ/1,PSZ/1,Údržba,630,Somet,,7,2005-01-07 00:00:00,2023-06-01 00:00:00,,5,6719,6719,99999
307691,112.11,C,PSZ/1,PSZ/1,Údržba,,Mitutoyo,533,7,2005-01-07 00:00:00,2023-06-01 00:00:00,,5,6719,6719,99999
48189,112.12,D,V 29,PSW-P,Obrábění,160,Somet,,6,2004-10-07 00:00:00,2023-03-01 00:00:00,,4,6719,6719,99999
47407,112.12,B,V 29,PSW-T,Sklad,160,Somet,,6,2004-04-06 00:00:00,2022-08-24 00:00:00,,4,6714,6714,99999
201541,112.11,C,V160,,,400,Somet,,7,1998-05-15 00:00:00,2024-10-11 00:00:00,2016-09-26 00:00:00,6,6709,4515,4536
203185,112.11,C,V270,PF1-K,Údržba,160,Somet,,4,2001-04-18 00:00:00,2019-08-28 00:00:00,,6,6706,6706,99999
203215,112.11,C,V270,PF2-K,Svařovna,160,Somet,,4,2001-04-18 00:00:00,2019-08-28 00:00:00,,6,6706,6706,99999
203253,112.11,C,V270,PF1-K,Údržba,160,Somet,,4,2001-04-18 00:00:00,2019-08-28 00:00:00,,6,6706,6706,99999
203256,112.11,D,V270,,,160,Somet,,5,2001-04-18 00:00:00,2019-09-19 00:00:00,2019-08-28 00:00:00,6,6706,4502,5431
41617,112.11,B,V 10,PSW-T,Sklad,,Somet,,7,2001-02-16 00:00:00,2019-06-28 00:00:00,2019-06-28 00:00:00,4,6706,5220,6126
301084,112.12,D,VR/PKD/31,PKD/11,Obrábění,150,Mitutoyo,,11,2003-01-22 00:00:00,2021-05-27 00:00:00,,1,6700,6700,99999
47621,112.12,D,V 29,PSW-P,Obrábění,160,Somet,,6,2004-04-26 00:00:00,2022-08-30 00:00:00,2022-08-30 00:00:00,4,6700,5216,6682
307370,112.12,C,PSZ/1,PSZ/1,Údržba,,Mitutoyo,552,7,2005-05-10 00:00:00,2023-09-12 00:00:00,,3,6699,6699,99999
307375,112.12,C,PSZ/1,PSZ/1,Údržba,600,Mitutoyo,552,8,2005-05-10 00:00:00,2023-09-12 00:00:00,,3,6699,6699,99999
304982,112.11,C,V160,PFO-P/31,Údržba,150,Hommel,31007,4,2003-07-16 00:00:00,2021-11-08 00:00:00,,6,6690,6690,99999
305593,112.11,C,V160,PFO-P/31,Údržba,160,Somet,11016551,4,2005-09-22 00:00:00,2024-01-16 00:00:00,,6,6690,6690,99999
44482,112.11,B,V 31,PSW-T,Sklad,750,,,6,2000-04-14 00:00:00,2018-08-07 00:00:00,2018-08-07 00:00:00,4,6689,5220,5629
201169,112.11,C,V160,,,150,,,4,2002-10-14 00:00:00,2021-02-03 00:00:00,2021-02-03 00:00:00,6,6687,4341,6140
203302,112.11,C,V270,PF2-K,Údržba,150,,,4,2001-05-09 00:00:00,2019-08-28 00:00:00,,6,6685,6685,99999
201061,112.11,C,V160,,,150,Somet,,4,1999-12-06 00:00:00,2018-03-19 00:00:00,2018-03-19 00:00:00,6,6678,4495,5093
33314,112.12,C,M6,,,300,Somet,,13,2001-02-01 00:00:00,2019-05-16 00:00:00,2019-05-16 00:00:00,1,6678,6236,6678
302525,112.11,C,V270,PF2-K,Svařovna,160,Somet,,4,2005-04-04 00:00:00,2023-07-14 00:00:00,,6,6675,6675,99999
201107,112.11,C,V160,,,150,Somet,,4,1999-09-10 00:00:00,2017-12-13 00:00:00,2017-12-13 00:00:00,6,6669,4444,4997
301316,112.11,D,VR/PKD/31,,,150,Somet,,7,2002-06-07 00:00:00,2020-09-08 00:00:00,,3,6668,6668,99999
43274,112.12,D,V 10,PSW-F,Obrábění,300,Mitutoyo,,6,2004-11-08 00:00:00,2023-02-10 00:00:00,2023-02-10 00:00:00,4,6668,5209,7379
38593,112.11,C,V 29,PSW-V,Montáž,150,,,7,2000-10-30 00:00:00,2019-01-30 00:00:00,2019-01-30 00:00:00,4,6666,5187,6103
308765,112.11,D,PSZ/3,,,160,Somet,11016651,7,2007-03-15 00:00:00,2025-06-13 00:00:00,,3,6665,6665,99999
308853,112.12,D,V270,,,150,Mahr,4102403,5,2007-03-27 00:00:00,2025-06-25 00:00:00,,4,6665,6665,99999
41737,112.12,D,V 10,PSW-F,Obrábění,200,Mitutoyo,,6,2000-11-06 00:00:00,2019-02-04 00:00:00,2019-02-04 00:00:00,4,6664,5180,5975
202354,112.11,C,V160,,,150,Somet,,5,2003-01-15 00:00:00,2021-04-12 00:00:00,,6,6662,6662,99999
24579,112.12,C,M6,,,150,Samson,,11,2000-09-12 00:00:00,2018-12-03 00:00:00,,1,6656,6656,99999
41588,112.11,B,V 10,PSW-T,Sklad,750,,,6,2002-02-06 00:00:00,2020-04-28 00:00:00,2020-04-28 00:00:00,4,6656,5153,6432
306016,112.11,C,V160,PFO-P/21,Údržba,160,Somet,,4,2005-11-16 00:00:00,2024-02-02 00:00:00,,6,6652,6652,99999
304837,112.12,A,GQG-2/1,GQG-2,Kvalita,200,Sylvac,,10,2005-08-23 00:00:00,2023-11-08 00:00:00,,2,6651,6651,99999
304810,112.11,C,V160,PFO-P/21,Údržba,200,Somet,,4,2004-03-24 00:00:00,2022-06-08 00:00:00,,6,6650,6650,99999
41649,112.11,B,V 10,PSW-T,Sklad,400,,,6,2000-06-14 00:00:00,2018-08-29 00:00:00,2018-08-29 00:00:00,4,6650,5159,5822
301312,112.11,C,VR/PKD/31,PKD/3,Údržba,150,Somet,,7,2002-06-07 00:00:00,2020-08-19 00:00:00,,3,6648,6648,99999
41189,112.11,C,V 10,PSW-F,Montáž,150,,,6,2002-02-15 00:00:00,2020-04-29 00:00:00,2020-04-29 00:00:00,4,6648,5134,6447
201087,112.11,C,V160,,,150,Somet,,4,1999-09-21 00:00:00,2017-12-01 00:00:00,2017-12-01 00:00:00,6,6646,4432,4985
201092,112.11,C,V160,,,150,Somet,,4,1999-09-20 00:00:00,2017-11-30 00:00:00,2017-11-30 00:00:00,6,6646,4433,4984
201099,112.11,C,V160,,,150,Somet,,4,1999-09-20 00:00:00,2017-11-30 00:00:00,2017-11-30 00:00:00,6,6646,4426,4984
306354,112.11,C,V270,PF1-K,Údržba,160,Somet,11016551,4,2005-12-07 00:00:00,2024-02-16 00:00:00,,6,6645,6645,99999
201180,112.11,A,V160,GQF-3,Kvalita,150,,,4,2002-10-14 00:00:00,2020-12-21 00:00:00,,6,6643,6643,99999
304822,112.11,C,V160,,,250,Somet,,2,2004-03-24 00:00:00,2022-05-31 00:00:00,,6,6642,6642,99999
304879,112.11,C,V160,PFO-P/31,Údržba,400,Somet,,2,2004-03-24 00:00:00,2022-05-31 00:00:00,,6,6642,6642,99999
304997,112.11,C,V180,,,150,Hommel,31007,4,2003-07-16 00:00:00,2021-09-20 00:00:00,,6,6641,6641,99999
35253,112.12,C,M6,,,,Mitutoyo,551,8,2001-06-29 00:00:00,2019-09-04 00:00:00,2019-09-04 00:00:00,3,6641,5689,6641
306028,112.11,C,V160,,,150,Somet,,4,2005-11-16 00:00:00,2024-01-17 00:00:00,2024-01-17 00:00:00,6,6636,4433,6642
306205,112.11,C,V160,PFO-P/31,Údržba,150,Somet,,4,2005-11-21 00:00:00,2024-01-22 00:00:00,,6,6636,6636,99999
306027,112.11,B,V160,PFO-P/2,Vedení,160,Somet,,4,2005-11-16 00:00:00,2024-01-16 00:00:00,,6,6635,6635,99999
306029,112.11,C,V160,PFO-P/21,Údržba,160,Somet,,4,2005-11-16 00:00:00,2024-01-16 00:00:00,,6,6635,6635,99999
304945,112.11,C,V160,PFO-P/31,Údržba,150,Hommel,,4,2004-10-14 00:00:00,2022-12-08 00:00:00,,6,6629,6629,99999
202359,112.11,C,V160,PFO-P/12,Lisovna,150,Somet,,4,2003-01-15 00:00:00,2021-03-08 00:00:00,,6,6627,6627,99999
41502,112.11,C,V 10,PSW-F,Montáž,300,,,7,2000-12-13 00:00:00,2019-02-04 00:00:00,2019-02-04 00:00:00,4,6627,5144,5985
44829,112.11,D,V 31,PSW-P,Obrábění,120,,,6,2000-07-06 00:00:00,2018-08-27 00:00:00,2018-08-27 00:00:00,4,6626,5144,5621
301045,112.12,C,VR/PKD/31,PKD/3,Údržba,150,Mitutoyo,,6,2002-01-25 00:00:00,2020-03-16 00:00:00,,3,6625,6625,99999
306264,112.11,C,V160,PFO-P/21,Údržba,150,Somet,,4,1999-11-24 00:00:00,2018-01-12 00:00:00,,6,6624,6624,99999
304880,112.11,C,V160,PFO-P/21,Údržba,600,Somet,,4,2004-03-24 00:00:00,2022-05-09 00:00:00,,6,6620,6620,99999
304983,112.11,C,V160,PFO-P/31,Údržba,150,Hommel,31007,4,2003-07-16 00:00:00,2021-08-30 00:00:00,,6,6620,6620,99999
306365,112.11,D,V270,,,160,Somet,11016551,4,2005-12-07 00:00:00,2024-01-22 00:00:00,2024-01-22 00:00:00,6,6620,4262,6611
304873,112.11,C,V160,PFO-P/21,Údržba,400,Somet,,4,2004-03-24 00:00:00,2022-05-06 00:00:00,,6,6617,6617,99999
33286,112.12,C,M6,,,300,Somet,,8,2001-01-18 00:00:00,2019-02-27 00:00:00,2019-02-27 00:00:00,1,6614,5956,6600
304907,112.11,C,V160,PFO-P/31,Údržba,150,Somet,,4,2005-04-15 00:00:00,2023-05-24 00:00:00,,6,6613,6613,99999
201056,112.11,C,V160,,,150,Somet,,4,1999-12-06 00:00:00,2018-01-12 00:00:00,,6,6612,6612,99999
202291,112.11,C,V160,,,150,Somet,,4,1999-12-17 00:00:00,2018-01-23 00:00:00,,1,6612,6612,99999
305489,112.11,C,V 29,PSW-T,Logistika,160,Somet,,6,2005-09-05 00:00:00,2023-10-13 00:00:00,,4,6612,6612,99999
41781,112.12,D,V 10,PSW-F,Obrábění,300,Mitutoyo,,7,2001-04-09 00:00:00,2019-05-17 00:00:00,2019-05-17 00:00:00,4,6612,5159,6076
304878,112.11,C,V160,PFO-P/21,Údržba,400,Somet,,4,2004-03-31 00:00:00,2022-05-06 00:00:00,,6,6610,6610,99999
41212,112.11,B,V 10,PSW-T,Sklad,150,Kinex,,6,1999-09-20 00:00:00,2017-10-25 00:00:00,,4,6610,6610,99999
41528,112.11,D,V 29,PSW-V,Obrábění,,,,6,2002-09-10 00:00:00,2020-10-13 00:00:00,2020-10-13 00:00:00,4,6608,5154,6601
201144,112.11,B,V160,PFO-P/2,Vedení,150,,,4,2004-02-03 00:00:00,2022-03-07 00:00:00,,6,6607,6607,99999
301055,112.12,B,VR/PKD/31,EIB,Vývoj,200,Mitutoyo,,7,2002-01-11 00:00:00,2020-02-07 00:00:00,,3,6601,6601,99999
301065,112.12,B,VR/PKD/31,PKD/16,Sklad,150,Mitutoyo,,7,2002-01-16 00:00:00,2020-02-11 00:00:00,,5,6600,6600,99999
38467,112.11,D,V 29,PSW-V,Obrábění,160,Somet,,6,2001-01-04 00:00:00,2019-01-30 00:00:00,2019-01-30 00:00:00,4,6600,5135,6104
200260,112.11,C,VL10,PFO-L/52,Údržba,160,Somet,,3,1999-02-24 00:00:00,2017-03-20 00:00:00,,6,6599,6599,99999
202282,112.11,C,V160,,,150,Somet,,4,2000-11-22 00:00:00,2018-12-17 00:00:00,2018-12-17 00:00:00,6,6599,4409,5267
41582,112.11,D,V 10,,,,,,6,2002-01-21 00:00:00,2020-02-14 00:00:00,2020-02-14 00:00:00,4,6598,5132,6358
41377,112.11,D,V 10,PSW-F,Obrábění,160,Somet,,6,2000-03-21 00:00:00,2018-04-13 00:00:00,2018-04-13 00:00:00,4,6597,5146,5693
41378,112.11,C,V 10,PSW-F,Montáž,160,Somet,,6,2000-03-21 00:00:00,2018-04-13 00:00:00,2018-04-13 00:00:00,4,6597,5152,5693
301028,112.12,D,VR/PKD/31,PKD/12,Obrábění,150,Mitutoyo,,7,2002-01-16 00:00:00,2020-02-07 00:00:00,2020-02-07 00:00:00,3,6596,5468,5982
200428,112.11,C,VL10,,,150,Somet,,4,1999-09-14 00:00:00,2017-10-03 00:00:00,2017-10-03 00:00:00,6,6594,4384,5240
200449,112.11,C,VL10,PFO-L/51,Údržba,150,Somet,,4,1999-09-14 00:00:00,2017-10-03 00:00:00,,6,6594,6594,99999
41618,112.11,B,V 10,PSW-T,Sklad,,,,7,2000-11-24 00:00:00,2018-12-14 00:00:00,2018-12-14 00:00:00,4,6594,5124,5930
200384,112.11,C,VL10,PFO-L/52,Údržba,150,Somet,,4,1999-11-04 00:00:00,2017-11-22 00:00:00,2017-11-22 00:00:00,6,6593,4403,5293
305000,112.11,C,V160,,,150,Hommel,31007,4,2003-07-16 00:00:00,2021-07-28 00:00:00,,6,6587,6587,99999
305505,112.11,C,V 10,PSW-F,Montáž,160,Somet,,6,2005-09-05 00:00:00,2023-09-18 00:00:00,,4,6587,6587,99999
304903,112.11,C,V160,PFO-P/31,Údržba,150,Somet,,4,2005-04-15 00:00:00,2023-04-27 00:00:00,,6,6586,6586,99999
48194,112.12,C,V 10,PSW-F,Montáž,160,Somet,,6,2004-10-07 00:00:00,2022-10-17 00:00:00,2022-10-17 00:00:00,4,6584,5125,6570
38747,112.11,D,V 29,PSW-V,Obrábění,150,Somet,,6,2002-02-21 00:00:00,2020-02-26 00:00:00,2020-02-26 00:00:00,4,6579,5103,6490
307953,112.12,A,GQG-3,GQG-3,Kvalita,150,Kinex,,5,2006-10-09 00:00:00,2024-10-10 00:00:00,,3,6576,6576,99999
200270,112.11,C,VL10,,,150,Somet,,4,1998-01-19 00:00:00,2016-01-20 00:00:00,2016-01-20 00:00:00,6,6575,4382,4629
200427,112.11,C,VL10,PFO-L/52,Údržba,150,Somet,,4,1998-01-19 00:00:00,2016-01-20 00:00:00,2016-01-20 00:00:00,6,6575,4382,4618
47403,112.12,D,V 10,PSW-F,Obrábění,300,Somet,,6,2004-04-06 00:00:00,2022-04-07 00:00:00,,4,6575,6575,99999
200197,112.11,C,VL10,,,150,Somet,,4,2003-03-18 00:00:00,2021-03-16 00:00:00,,6,6573,6573,99999
200199,112.11,C,VL10,PFO-L/52,Údržba,150,Somet,,4,2003-03-18 00:00:00,2021-03-16 00:00:00,2021-03-16 00:00:00,6,6573,4388,6514
200201,112.11,C,VL10,,,150,Somet,,4,2003-04-15 00:00:00,2021-04-13 00:00:00,2021-04-13 00:00:00,6,6573,4396,6542
200203,112.11,C,VL10,,,150,Somet,,4,2003-03-18 00:00:00,2021-03-16 00:00:00,,6,6573,6573,99999
200212,112.11,C,VL10,PFO-L/52,Údržba,160,Somet,,4,2003-03-18 00:00:00,2021-03-16 00:00:00,2021-03-16 00:00:00,6,6573,4388,6514
200213,112.11,C,VL10,PFO-L/52,Údržba,160,Somet,,4,2003-03-18 00:00:00,2021-03-16 00:00:00,,6,6573,6573,99999
200216,112.11,C,VL10,,,160,Somet,,4,2003-03-18 00:00:00,2021-03-16 00:00:00,,6,6573,6573,99999
200258,112.11,C,VL10,PFO-L/52,Údržba,160,Somet,,4,2003-03-18 00:00:00,2021-03-16 00:00:00,,6,6573,6573,99999
200452,112.11,C,VL10,PFO-L/52,Údržba,150,Somet,,4,1998-01-21 00:00:00,2016-01-20 00:00:00,,6,6573,6573,99999
200205,112.11,C,VL10,PFO-L/52,Údržba,160,Somet,,4,2003-03-18 00:00:00,2021-03-15 00:00:00,,6,6572,6572,99999
200207,112.11,C,VL10,,,160,Somet,,4,2003-03-18 00:00:00,2021-03-15 00:00:00,,6,6572,6572,99999
200219,112.11,C,VL10,PFO-L/52,Údržba,160,Somet,,4,2003-03-18 00:00:00,2021-03-15 00:00:00,2021-03-15 00:00:00,6,6572,4388,6513
304978,112.11,C,V160,PFO-P/21,Údržba,150,Hommel,31007,3,2003-07-16 00:00:00,2021-07-12 00:00:00,,6,6571,6571,99999
200022,112.12,A,GQF-3,GQD-1,Kvalita,200,Mitutoyo,500,10,2003-03-14 00:00:00,2021-03-08 00:00:00,2021-03-08 00:00:00,2,6569,5864,6824
200426,112.11,C,VL10,PFO-L/52,Údržba,150,Somet,,4,2003-04-22 00:00:00,2021-04-13 00:00:00,,6,6566,6566,99999
200196,112.11,B,VL10,PPF-L,Vedení,160,Somet,,4,2003-03-26 00:00:00,2021-03-16 00:00:00,,6,6565,6565,99999
200215,112.11,C,VL10,PFO-L/52,Údržba,160,Somet,,4,2003-03-26 00:00:00,2021-03-16 00:00:00,,6,6565,6565,99999
200218,112.11,C,VL10,PFO-L/52,Údržba,150,Somet,,4,2003-03-26 00:00:00,2021-03-16 00:00:00,,6,6565,6565,99999
202296,112.11,C,V160,,,150,Somet,,4,2000-11-22 00:00:00,2018-11-13 00:00:00,2018-11-13 00:00:00,6,6565,4380,5233
45165,112.12,D,V 29,PSW-V,Obrábění,150,Somet,,7,2001-10-02 00:00:00,2019-09-23 00:00:00,,4,6565,6565,99999
200195,112.11,C,VL10,PFO-L/52,Údržba,160,Somet,,4,2003-03-26 00:00:00,2021-03-15 00:00:00,,6,6564,6564,99999
200257,112.11,C,VL10,PFO-L/52,Údržba,160,Somet,,4,2003-03-26 00:00:00,2021-03-15 00:00:00,,6,6564,6564,99999
41779,112.12,D,V 10,PSW-F,Obrábění,300,Mitutoyo,,7,2000-11-08 00:00:00,2018-10-29 00:00:00,2018-10-29 00:00:00,4,6564,5096,5876
43254,112.11,D,V 10,PSW-F,Obrábění,,,,6,2002-09-23 00:00:00,2020-09-11 00:00:00,2020-09-11 00:00:00,4,6563,5098,6498
305507,112.11,B,V 29,PSW-T,Sklad,160,Somet,,6,2005-09-05 00:00:00,2023-08-21 00:00:00,,4,6559,6559,99999
309082,112.11,C,VK20,,,150,,,6,2007-06-20 00:00:00,2025-05-30 00:00:00,,4,6554,6554,99999
308126,112.12,C,VK20,,,150,Mitutoyo,,6,2006-10-27 00:00:00,2024-09-30 00:00:00,,4,6548,6548,99999
32239,112.12,D,V 22,,,150,Somet,,11,2000-10-11 00:00:00,2018-10-25 00:00:00,2018-09-12 00:00:00,1,6545,6161,6515
200235,112.11,C,VL10,PFO-L/52,Údržba,160,Somet,,4,1999-02-24 00:00:00,2017-01-20 00:00:00,,6,6540,6540,99999
200245,112.11,C,VL10,PFO-L/52,Údržba,160,Somet,,4,1999-02-24 00:00:00,2017-01-20 00:00:00,,6,6540,6540,99999
200246,112.11,C,VL10,PFO-L/52,Údržba,160,Somet,,4,1999-02-24 00:00:00,2017-01-20 00:00:00,,6,6540,6540,99999
200250,112.11,C,VL10,PFO-L/52,Údržba,160,Somet,,4,1999-02-24 00:00:00,2017-01-20 00:00:00,,6,6540,6540,99999
200251,112.11,C,VL10,PFO-L/52,Údržba,160,Somet,,4,1999-02-24 00:00:00,2017-01-20 00:00:00,,6,6540,6540,99999
200255,112.11,C,VL10,,,160,Somet,,4,1999-02-24 00:00:00,2017-01-20 00:00:00,,6,6540,6540,99999
41578,112.11,D,V 10,PSW-F,Obrábění,400,,,9,2000-11-22 00:00:00,2023-02-10 00:00:00,2018-10-18 00:00:00,4,6539,5081,5874
200311,112.11,C,VL10,,,150,Somet,,4,1999-03-01 00:00:00,2017-01-20 00:00:00,,6,6535,6535,99999
306809,112.12,B,V 10,PSW-T,Sklad,,Mitutoyo,550,6,2006-03-10 00:00:00,2024-01-30 00:00:00,,4,6535,6535,99999
41742,112.12,D,V 10,PSW-F,Obrábění,200,Mitutoyo,,7,2000-12-11 00:00:00,2018-10-19 00:00:00,2018-10-19 00:00:00,4,6521,5049,5867
41508,112.11,D,V 10,PSW-F,Obrábění,300,,,7,2000-11-24 00:00:00,2018-09-27 00:00:00,2018-09-27 00:00:00,4,6516,5032,5855
41615,112.11,D,V 10,PSW-F,Obrábění,400,Somet,,7,2000-11-21 00:00:00,2018-09-24 00:00:00,,4,6516,6516,99999
200256,112.11,C,VL10,PFO-L/4,Údržba,150,Somet,,4,2003-03-18 00:00:00,2021-01-14 00:00:00,2021-01-14 00:00:00,6,6512,4322,6450
308858,112.12,C,V270,PF1-K,Údržba,150,Mahr,4102403,5,2007-03-27 00:00:00,2025-01-20 00:00:00,,4,6509,6509,99999
305023,112.11,C,V160,PFO-P/21,Údržba,160,Somet,,4,2005-04-01 00:00:00,2023-01-24 00:00:00,,6,6507,6507,99999
202382,112.11,C,V160,,,300,,,4,2003-02-14 00:00:00,2020-12-07 00:00:00,2020-12-07 00:00:00,6,6506,2259,5983
41415,112.11,D,V 10,PSW-F,Obrábění,200,,,7,2000-12-07 00:00:00,2018-09-27 00:00:00,,4,6503,6503,99999
30278,112.12,B,V 22,PKT/1,TK,300,Somet,,16,2000-08-03 00:00:00,2024-06-06 00:00:00,2018-04-18 00:00:00,1,6467,5745,6467
308797,112.11,C,V270,PF2-K,Údržba,160,Somet,11016511,4,2007-03-07 00:00:00,2024-11-18 00:00:00,,6,6466,6466,99999
201155,112.11,C,V160,PFO-P/31,Údržba,150,,,5,2003-03-27 00:00:00,2020-12-07 00:00:00,,6,6465,6465,99999
16555,112.12,A,GQH-3/1,GQH-3,Kvalita,150,Mitutoyo,500,9,2001-08-09 00:00:00,2019-04-15 00:00:00,,2,6458,6458,99999
304905,112.11,C,V180,,,150,Somet,,2,2005-05-20 00:00:00,2023-01-24 00:00:00,2023-01-24 00:00:00,6,6458,0,6360
203000,112.12,D,V270,,,150,Somet,,5,1999-12-14 00:00:00,2017-08-16 00:00:00,,4,6455,6455,99999
31054,112.12,B,V 22,PKT/1,TK,150,Somet,,14,2000-09-18 00:00:00,2018-05-15 00:00:00,,3,6448,6448,99999
308277,112.11,D,V 22,,,160,Somet,11016651,8,2006-10-13 00:00:00,2024-06-04 00:00:00,,1,6444,6444,99999
305504,112.11,C,V 10,PSW-F,Montáž,160,Somet,,6,2005-09-05 00:00:00,2023-04-26 00:00:00,,4,6442,6442,99999
307936,112.11,D,V 29,PSW-V,Obrábění,160,Somet,11016511,6,2006-09-26 00:00:00,2024-05-15 00:00:00,,4,6441,6441,99999
202995,112.12,D,V270,,,150,Somet,,6,2000-10-09 00:00:00,2018-05-18 00:00:00,,4,6430,6430,99999
37119,112.12,C,M6,,,150,Somet,,9,2001-02-04 00:00:00,2018-09-07 00:00:00,,2,6424,6424,99999
201587,112.12,C,V160,,,150,Sylvac,S225,6,2003-11-13 00:00:00,2021-06-11 00:00:00,,4,6420,6420,99999
303363,112.12,A,V270,GQF-3,Kvalita,150,Somet,,6,2005-05-23 00:00:00,2022-12-20 00:00:00,,4,6420,6420,99999
301069,112.12,D,VR/PKD/31,,,150,HHW,,8,2003-01-23 00:00:00,2021-07-07 00:00:00,2020-08-14 00:00:00,1,6413,5118,6170
305133,112.11,D,V 22,,,160,Somet,,7,2004-03-22 00:00:00,2025-07-02 00:00:00,2021-10-11 00:00:00,4,6412,4928,5879
38720,112.11,B,V 29,PSW-T,Sklad,150,Somet,,6,2001-01-04 00:00:00,2018-07-23 00:00:00,2018-07-23 00:00:00,4,6409,4955,5907
301031,112.12,D,VR/PKD/31,PKD/11,Obrábění,150,Mitutoyo,,6,2002-01-28 00:00:00,2019-08-08 00:00:00,2019-08-08 00:00:00,1,6401,5600,5799
34131,112.11,C,V 22,PKG,Údržba,150,Somet,,24,2001-03-28 00:00:00,2024-10-23 00:00:00,2018-10-05 00:00:00,4,6400,6005,6401
201010,112.12,C,V270,PF1-K,Svařovna,160,Somet,,7,2004-04-06 00:00:00,2021-10-12 00:00:00,,4,6398,6398,99999
308820,112.11,D,V 22,PKG,Hutě,400,Somet,13040560,6,2007-03-21 00:00:00,2024-09-25 00:00:00,,4,6398,6398,99999
38794,112.11,D,V 29,PSW-V,Obrábění,200,China,,6,2001-03-12 00:00:00,2018-09-17 00:00:00,2018-09-17 00:00:00,4,6398,4888,5962
203125,112.11,C,V270,PF2-K,Údržba,160,Somet,,5,2003-11-20 00:00:00,2021-05-26 00:00:00,,6,6397,6397,99999
309311,112.11,C,V 22,PKT/21,Údržba,160,Somet,11016551,5,2007-07-19 00:00:00,2025-01-17 00:00:00,,4,6392,6392,99999
27149,112.12,D,V 22,,,200,Mitutoyo,,13,2001-02-21 00:00:00,2018-08-14 00:00:00,,3,6383,6383,99999
202388,112.11,C,V160,,,1000,Mitutoyo,,2,2002-06-19 00:00:00,2019-12-09 00:00:00,,6,6382,6382,99999
302925,112.11,D,V 22,,,160,Somet,,11,2005-03-31 00:00:00,2023-02-03 00:00:00,2022-09-20 00:00:00,2,6382,6132,6348
307653,112.11,D,V 22,,,160,Somet,,8,2006-08-03 00:00:00,2024-01-09 00:00:00,,4,6368,6368,99999
201138,112.11,C,V160,PFO-P/21,Údržba,150,,,5,2002-12-02 00:00:00,2020-05-05 00:00:00,,6,6364,6364,99999
47976,112.12,B,V 29,PSW-T,Sklad,300,Somet,,5,2004-08-10 00:00:00,2022-01-04 00:00:00,2022-01-04 00:00:00,4,6356,4873,6343
32128,112.11,D,V 22,,,400,Somet,,7,1997-01-07 00:00:00,2014-05-14 00:00:00,2014-05-14 00:00:00,4,6336,4777,4936
38745,112.11,C,V 29,PSW-V,Montáž,150,China,,6,2001-10-03 00:00:00,2019-02-07 00:00:00,,4,6336,6336,99999
304434,112.12,A,GQG-2/1,GQG-2,Kvalita,600,Mitutoyo,500,7,2005-06-23 00:00:00,2022-10-17 00:00:00,,3,6325,6325,99999
308040,112.11,D,V 22,,,160,Somet,11016651,6,2006-10-13 00:00:00,2024-02-01 00:00:00,,4,6320,6320,99999
35495,112.12,D,V 22,,,150,Somet,,4,2001-07-18 00:00:00,2018-11-06 00:00:00,,1,6320,6320,99999
304433,112.12,A,GQG-2/1,GQG-2,Kvalita,300,Mitutoyo,551,7,2005-06-23 00:00:00,2022-10-04 00:00:00,,3,6312,6312,99999
304437,112.12,A,GQG-2/1,GQG-2,Kvalita,150,Mitutoyo,500,7,2005-06-23 00:00:00,2022-10-04 00:00:00,,3,6312,6312,99999
304435,112.12,A,GQG-2/1,GQG-2,Kvalita,150,Mitutoyo,500,7,2005-06-23 00:00:00,2022-10-03 00:00:00,,3,6311,6311,99999
309382,112.11,C,V270,PF1-K,Svařovna,160,Somet,11016551,6,2007-07-31 00:00:00,2024-11-07 00:00:00,,6,6309,6309,99999
42355,112.11,D,V 10,PSW-F,Obrábění,160,Somet,,7,2002-09-25 00:00:00,2020-01-03 00:00:00,2020-01-03 00:00:00,4,6309,4864,6283
307577,112.11,C,PSZ/1,PSZ/1,Údržba,300,KS TOOLS,,6,2005-01-05 00:00:00,2022-04-14 00:00:00,2022-04-14 00:00:00,5,6308,4445,5742
46226,112.12,A,GQD-1/5,GQD-1,Kvalita,150,Kinex,,8,2003-10-02 00:00:00,2021-01-06 00:00:00,2021-01-06 00:00:00,3,6306,5215,6306
14949,112.11,D,V 22,,,150,Somet,,6,2002-07-25 00:00:00,2019-10-22 00:00:00,,4,6298,6298,99999
38423,112.11,B,V 29,PSW-T,Sklad,400,Somet,,6,2001-04-30 00:00:00,2018-07-24 00:00:00,2018-07-24 00:00:00,4,6294,4839,5915
307368,112.11,C,PSZ/1,PSZ/1,Údržba,150,Mitutoyo,536,6,2004-06-11 00:00:00,2021-08-31 00:00:00,,5,6290,6290,99999
310559,112.12,D,V 10,PSW-F,Obrábění,300,Vogel,,6,2008-02-22 00:00:00,2025-05-12 00:00:00,,4,6289,6289,99999
309500,112.12,B,VA30,PFS-K/4,Sklad,150,Kinex,,5,2007-09-18 00:00:00,2024-12-04 00:00:00,,5,6287,6287,99999
309492,112.12,C,VA30,,,150,,,5,2007-09-18 00:00:00,2024-12-03 00:00:00,,5,6286,6286,99999
309499,112.12,C,VA30,PF1-M,Montáž,150,Kinex,,5,2007-09-18 00:00:00,2024-12-03 00:00:00,,5,6286,6286,99999
309501,112.12,C,VA30,PF1-M,Údržba,150,Kinex,,5,2007-09-18 00:00:00,2024-12-03 00:00:00,,5,6286,6286,99999
309503,112.12,B,VA30,PFS-K/4,Sklad,150,Kinex,,5,2007-09-18 00:00:00,2024-12-03 00:00:00,,5,6286,6286,99999
309485,112.12,C,VA30,PF1-M,Údržba,150,Kinex,,5,2007-09-18 00:00:00,2024-11-27 00:00:00,,5,6280,6280,99999
47443,112.11,D,V 22,,,,Somet,,9,2004-03-30 00:00:00,2021-06-04 00:00:00,,2,6275,6275,99999
41469,112.11,C,V 10,PSW-F,Montáž,300,,,7,2002-01-15 00:00:00,2019-06-07 00:00:00,2019-03-21 00:00:00,4,6274,4819,6033
42178,112.12,C,V 31,PSW-P,Montáž,160,Somet,,6,2002-10-01 00:00:00,2019-11-26 00:00:00,2019-11-26 00:00:00,4,6265,4822,6250
308944,112.12,B,V 22,PKT/1,TK,150,HHW,,9,2007-04-12 00:00:00,2024-06-05 00:00:00,,3,6264,6264,99999
305731,112.12,C,V160,,,150,Somet,,6,2005-10-25 00:00:00,2022-12-12 00:00:00,2022-12-12 00:00:00,4,6257,4767,6262
41760,112.12,D,V 10,PSW-F,Obrábění,200,Somet,,7,2001-09-12 00:00:00,2018-10-29 00:00:00,2018-10-29 00:00:00,4,6256,4787,5877
306498,112.12,D,V 22,,,150,Mitutoyo,500,5,2006-01-10 00:00:00,2023-02-22 00:00:00,2023-02-22 00:00:00,4,6252,4719,6245
41439,112.11,D,V 10,PSW-F,Obrábění,300,VIS,,7,2002-03-05 00:00:00,2019-06-07 00:00:00,2019-04-10 00:00:00,4,6245,4804,6053
306248,112.11,C,V180,,,150,Somet,,4,1999-12-09 00:00:00,2017-01-09 00:00:00,2017-01-09 00:00:00,6,6241,3774,4053
41652,112.11,B,V 10,PSW-T,Sklad,750,,,6,2001-02-16 00:00:00,2018-03-16 00:00:00,2018-03-16 00:00:00,4,6237,4771,5656
33405,112.11,D,V 22,,,150,,,6,1995-03-09 00:00:00,2012-04-02 00:00:00,,3,6234,6234,99999
33495,112.11,D,V 22,,,250,Somet,,8,1997-04-16 00:00:00,2014-05-07 00:00:00,,1,6230,6230,99999
307798,112.11,C,V160,,,150,Somet,,4,2005-11-30 00:00:00,2022-12-08 00:00:00,,6,6217,6217,99999
309873,112.11,D,V 10,PSW-F,Obrábění,160,Somet,,6,2007-10-30 00:00:00,2024-10-29 00:00:00,,4,6209,6209,99999
203117,112.11,C,V270,PF1-K,Údržba,150,Somet,,4,2003-07-08 00:00:00,2020-07-01 00:00:00,,6,6203,6203,99999
309163,112.11,C,PSZ/3,PSZ/3,Údržba,160,Somet,11016551,6,2007-06-20 00:00:00,2024-06-13 00:00:00,,3,6203,6203,99999
306372,112.11,D,V270,,,160,Somet,11016551,4,2005-12-07 00:00:00,2022-11-28 00:00:00,2022-11-28 00:00:00,6,6200,4432,6191
311146,112.12,C,VK20,,,150,KS TOOLS,,5,2008-06-12 00:00:00,2025-05-30 00:00:00,,4,6196,6196,99999
27107,112.12,B,V 22,PKT/1,TK,300,Somet,,17,2000-03-27 00:00:00,2020-12-09 00:00:00,2017-03-07 00:00:00,3,6189,6164,6221
305594,112.11,C,V160,PFO-P/31,Údržba,160,Somet,11016551,4,2005-09-22 00:00:00,2022-08-26 00:00:00,,6,6182,6182,99999
42349,112.11,D,V 31,PSW-P,Obrábění,160,Somet,,6,2002-09-30 00:00:00,2019-09-03 00:00:00,,4,6182,6182,99999
203131,112.11,C,V270,PF1-K,Údržba,150,Somet,,4,2003-10-16 00:00:00,2020-09-14 00:00:00,,6,6178,6178,99999
36877,112.11,C,V 22,PKG,Údržba,,Somet,,9,2000-02-28 00:00:00,2023-04-24 00:00:00,2017-01-24 00:00:00,3,6175,4959,5535
304818,112.11,C,V180,,,250,Somet,,3,2004-03-24 00:00:00,2021-02-09 00:00:00,,6,6166,6166,99999
304803,112.12,C,V160,PFO-P/31,Údržba,150,Mitutoyo,500,6,2004-08-30 00:00:00,2021-07-12 00:00:00,,4,6160,6160,99999
32180,112.11,D,V 22,,,160,Somet,,5,2000-11-09 00:00:00,2017-09-18 00:00:00,,4,6157,6157,99999
42700,112.12,D,V 22,,,150,Mitutoyo,500,9,2002-11-05 00:00:00,2019-09-13 00:00:00,2019-09-13 00:00:00,2,6156,5397,6156
309175,112.11,D,PSZ/3,PSZ/3,Obrábění,160,Somet,11016651,6,2007-06-08 00:00:00,2024-04-10 00:00:00,,3,6151,6151,99999
201181,112.11,C,V160,PFO-P/31,Údržba,150,,,4,2003-07-17 00:00:00,2020-05-15 00:00:00,,6,6147,6147,99999
310572,112.12,D,V 10,PSW-F,Obrábění,150,Vogel,,5,2008-02-22 00:00:00,2024-12-11 00:00:00,,4,6137,6137,99999
303671,112.12,D,V 22,,,200,Mitutoyo,500,7,2004-03-23 00:00:00,2021-01-07 00:00:00,,1,6134,6134,99999
306499,112.11,C,VK20,,,150,Somet,,5,2006-01-17 00:00:00,2022-10-20 00:00:00,,4,6120,6120,99999
311273,112.11,C,V 22,PKT/4,Údržba,160,Somet,,5,2008-07-10 00:00:00,2025-04-08 00:00:00,,4,6116,6116,99999
308292,112.12,D,V 22,,,160,Somet,14016458,2,2007-01-09 00:00:00,2023-10-03 00:00:00,,1,6111,6111,99999
203210,112.11,D,V270,,,160,Somet,,4,2001-04-18 00:00:00,2018-01-05 00:00:00,2018-01-05 00:00:00,6,6106,4517,4834
311194,112.11,D,V 22,,,160,Somet,11016611,4,2008-06-17 00:00:00,2025-02-26 00:00:00,2025-02-26 00:00:00,4,6098,1085,6084
305579,112.12,D,V 29,PSW-P,Obrábění,160,Somet,14016458,5,2005-09-27 00:00:00,2022-06-06 00:00:00,,4,6096,6096,99999
306223,112.12,C,V180,,,150,Mitutoyo,500,6,2005-09-20 00:00:00,2022-05-30 00:00:00,,4,6096,6096,99999
16268,112.12,C,M6,,,300,Mitutoyo,500,10,2000-06-29 00:00:00,2017-03-07 00:00:00,,1,6095,6095,99999
29843,112.12,D,V 22,,,150,Mitutoyo,500,17,2000-07-11 00:00:00,2017-03-17 00:00:00,2017-03-17 00:00:00,1,6093,5714,6093
30348,112.12,D,V 22,,,150,,S225,10,2000-08-15 00:00:00,2017-04-21 00:00:00,,2,6093,6093,99999
304086,112.12,C,VK20,,,150,Mitutoyo,500,5,2007-12-13 00:00:00,2024-08-05 00:00:00,,4,6080,6080,99999
304277,112.11,C,VK20,,,150,Somet,,5,2008-10-28 00:00:00,2025-05-30 00:00:00,,4,6058,6058,99999
304201,112.11,C,VK20,,,150,,,5,2008-10-29 00:00:00,2025-05-30 00:00:00,,4,6057,6057,99999
47405,112.12,D,V 10,PSW-F,Obrábění,300,Somet,,7,2004-04-06 00:00:00,2020-11-05 00:00:00,2020-11-05 00:00:00,4,6057,4579,6057
202352,112.11,C,V160,PFO-P/31,Údržba,150,Somet,,4,2003-01-14 00:00:00,2019-08-14 00:00:00,,6,6056,6056,99999
305574,112.12,D,V 29,PSW-V,Obrábění,160,Somet,14016458,5,2005-09-27 00:00:00,2022-04-27 00:00:00,2022-04-27 00:00:00,4,6056,4439,6041
304342,112.11,C,VK20,,,150,Somet,,5,2008-11-12 00:00:00,2025-05-30 00:00:00,,4,6043,6043,99999
304807,112.12,C,V180,,,200,Mitutoyo,500,4,2004-04-06 00:00:00,2020-10-21 00:00:00,2020-10-21 00:00:00,4,6042,4566,5539
306356,112.11,C,V270,PF1-K,Údržba,160,Somet,11016551,4,2005-12-07 00:00:00,2022-06-23 00:00:00,,6,6042,6042,99999
306962,112.11,C,VK20,,,150,Mitutoyo,,5,2006-04-12 00:00:00,2022-10-20 00:00:00,2022-10-20 00:00:00,4,6035,4564,6037
306965,112.11,C,VK20,,,150,Mitutoyo,,5,2006-04-12 00:00:00,2022-10-20 00:00:00,,4,6035,6035,99999
46540,112.11,D,V 22,,,160,Somet,,8,2003-11-10 00:00:00,2020-05-19 00:00:00,,3,6035,6035,99999
35851,112.11,D,V 22,,,160,Somet,,12,2001-09-14 00:00:00,2018-03-23 00:00:00,,5,6034,6034,99999
308851,112.12,D,V270,,,150,Mahr,4102403,5,2007-03-27 00:00:00,2023-10-02 00:00:00,,4,6033,6033,99999
303407,112.11,C,V 10,PSW-F,Montáž,300,BOS HK,,6,2005-05-24 00:00:00,2021-11-22 00:00:00,2021-11-22 00:00:00,4,6026,4564,6026
304268,112.11,C,VK20,,,150,Somet,,5,2008-10-20 00:00:00,2025-04-17 00:00:00,,4,6023,6023,99999
309424,112.11,B,V 10,PSW-T,Sklad,160,Somet,11016551,6,2007-07-31 00:00:00,2024-01-24 00:00:00,,4,6021,6021,99999
36521,112.11,D,V 22,,,250,Somet,,16,2001-11-07 00:00:00,2018-05-03 00:00:00,,1,6021,6021,99999
304075,112.12,A,VK20,GQK,Kvalita,150,Mitutoyo,500,5,2007-11-02 00:00:00,2024-04-26 00:00:00,2024-04-26 00:00:00,4,6020,4507,6883
201157,112.11,C,V160,PFO-P/31,Údržba,150,,,4,2003-02-25 00:00:00,2019-08-14 00:00:00,,6,6014,6014,99999
305736,112.12,C,V160,PFO-P/31,Údržba,150,Somet,,5,2005-10-25 00:00:00,2022-04-13 00:00:00,,4,6014,6014,99999
38638,112.11,D,V 29,PSW-V,Obrábění,200,Mitutoyo,536,6,2000-10-20 00:00:00,2017-04-04 00:00:00,,4,6010,6010,99999
309383,112.11,C,V270,PF1-K,Svařovna,160,Somet,11016551,5,2007-07-31 00:00:00,2024-01-10 00:00:00,,6,6007,6007,99999
304267,112.11,C,VK20,,,150,,,5,2008-03-06 00:00:00,2024-08-08 00:00:00,,4,5999,5999,99999
203251,112.11,D,V270,,,160,Somet,,4,2001-04-18 00:00:00,2017-09-14 00:00:00,,6,5993,5993,99999
41519,112.11,C,V 10,PSW-F,Montáž,300,,,6,2002-09-09 00:00:00,2019-02-04 00:00:00,2019-02-04 00:00:00,4,5992,4509,5984
304089,112.12,B,VK20,EIB,Vývoj,150,Mitutoyo,500,5,2007-12-04 00:00:00,2024-04-29 00:00:00,,4,5991,5991,99999
304083,112.12,C,VK20,,,150,Mitutoyo,500,5,2007-12-05 00:00:00,2024-04-29 00:00:00,2024-04-29 00:00:00,4,5990,4474,6886
304081,112.12,C,VK20,,,150,Mitutoyo,500,5,2007-12-05 00:00:00,2024-04-26 00:00:00,,4,5987,5987,99999
304085,112.12,C,VK20,,,150,Mitutoyo,500,5,2007-12-05 00:00:00,2024-04-26 00:00:00,2024-04-26 00:00:00,4,5987,4474,6883
304868,112.11,C,V 22,PKT/4,Údržba,,Mitutoyo,533,7,2003-01-23 00:00:00,2023-11-23 00:00:00,2019-06-12 00:00:00,4,5984,4528,5040
310974,112.12,C,VK20,,,150,KS TOOLS,,5,2008-05-13 00:00:00,2024-09-30 00:00:00,,4,5984,5984,99999
39703,112.11,D,V 10,PSW-F,Obrábění,150,,,6,2000-11-15 00:00:00,2017-04-04 00:00:00,,4,5984,5984,99999
310633,112.12,C,VK20,,,200,Mitutoyo,573,5,2008-03-20 00:00:00,2024-08-06 00:00:00,,4,5983,5983,99999
33272,112.12,D,V 22,,,200,Somet,,9,2001-01-31 00:00:00,2017-06-14 00:00:00,,2,5978,5978,99999
307729,112.12,D,V 10,PSW-F,Obrábění,200,Mitutoyo,500,5,2006-08-09 00:00:00,2022-12-15 00:00:00,2022-12-15 00:00:00,4,5972,4482,5951
310312,112.11,D,V 10,PSW-F,Obrábění,250,Somet,,4,2008-02-14 00:00:00,2024-06-18 00:00:00,,4,5969,5969,99999
305586,112.12,C,V 10,PSW-F,Montáž,160,Somet,14016458,6,2005-09-27 00:00:00,2022-01-28 00:00:00,,4,5967,5967,99999
307101,112.12,D,V 10,PSW-F,Obrábění,600,Mitutoyo,500,5,2006-04-24 00:00:00,2022-08-25 00:00:00,,4,5967,5967,99999
44815,112.11,A,GQG-3,GQG-3,Kvalita,160,Somet,,5,2007-04-23 00:00:00,2023-08-24 00:00:00,,4,5967,5967,99999
35489,112.12,D,V 22,,,150,Somet,,12,2001-07-18 00:00:00,2021-06-29 00:00:00,2017-11-14 00:00:00,1,5963,5216,5942
25342,112.12,C,V 22,PKT/2,Údržba,150,Samson,,11,2000-11-30 00:00:00,2024-06-05 00:00:00,2017-03-28 00:00:00,3,5962,5250,6389
303367,112.12,D,V270,,,150,Somet,,5,2005-05-23 00:00:00,2021-09-16 00:00:00,2021-09-16 00:00:00,4,5960,4496,5960
303790,112.12,C,VK20,,,150,Mitutoyo,500,5,2005-07-20 00:00:00,2021-11-12 00:00:00,,4,5959,5959,99999
305581,112.12,D,V 29,PSW-P,Obrábění,160,Somet,14016458,5,2005-09-27 00:00:00,2022-01-20 00:00:00,2022-01-20 00:00:00,4,5959,4487,5944
201616,112.12,C,V160,,,160,Somet,,5,2003-09-25 00:00:00,2020-01-17 00:00:00,,4,5958,5958,99999
308371,112.11,B,VK20,PFK/1,Sklad,150,Somet,,5,2007-02-06 00:00:00,2023-05-30 00:00:00,,4,5957,5957,99999
311423,112.12,B,V 10,PSW-T,Sklad,300,Vogel,,5,2008-08-20 00:00:00,2024-12-10 00:00:00,,4,5956,5956,99999
308379,112.11,B,VK20,PFK/1,Sklad,150,Somet,,5,2007-02-09 00:00:00,2023-05-30 00:00:00,,4,5954,5954,99999
308857,112.12,B,V270,PFS-K,Vedení,150,Mahr,,5,2007-03-27 00:00:00,2023-07-14 00:00:00,,4,5953,5953,99999
201546,112.12,C,V160,,,150,Mitutoyo,500,5,2003-10-01 00:00:00,2020-01-15 00:00:00,,4,5950,5950,99999
308988,112.12,D,V 10,,,160,Somet,14016459,5,2007-05-03 00:00:00,2023-08-17 00:00:00,2023-08-17 00:00:00,4,5950,4479,5937
308447,112.12,D,V 10,PSW-F,Obrábění,200,Schut,,6,2007-02-06 00:00:00,2023-07-12 00:00:00,2023-05-22 00:00:00,4,5949,4469,5940
308990,112.12,B,V 10,PSW-T,Sklad,160,Somet,14016459,5,2007-05-03 00:00:00,2023-08-15 00:00:00,,4,5948,5948,99999
301040,112.12,C,VR/PKD/31,PKD/3,Údržba,150,Mitutoyo,,5,2002-01-17 00:00:00,2018-04-27 00:00:00,,3,5944,5944,99999
16930,112.12,C,M6,,,300,Mitutoyo,551,5,2002-10-02 00:00:00,2019-01-08 00:00:00,2019-01-08 00:00:00,4,5942,4438,7365
303953,112.12,C,VK20,,,150,Mitutoyo,500,5,2006-04-13 00:00:00,2022-07-18 00:00:00,,4,5940,5940,99999
308123,112.12,C,VK20,PFK-K,Svařovna,150,Mitutoyo,,5,2006-10-27 00:00:00,2023-01-27 00:00:00,,4,5936,5936,99999
43276,112.12,D,V 10,PSW-F,Obrábění,300,Mitutoyo,,7,2002-11-04 00:00:00,2019-04-30 00:00:00,2019-02-04 00:00:00,4,5936,4453,5912
309384,112.11,C,V270,PF2-K,Údržba,160,Somet,11016551,4,2007-07-31 00:00:00,2023-10-26 00:00:00,,3,5931,5931,99999
310570,112.12,C,V 29,PSW-V,Montáž,150,Vogel,,5,2008-02-22 00:00:00,2024-05-15 00:00:00,,4,5927,5927,99999
303788,112.12,C,VK20,,,150,Mitutoyo,500,5,2005-08-23 00:00:00,2021-11-12 00:00:00,,4,5925,5925,99999
303950,112.12,C,VK20,,,150,Mitutoyo,500,5,2006-04-11 00:00:00,2022-07-01 00:00:00,,4,5925,5925,99999
1001511,112.11,C,VK20,,,150,,,5,2009-03-12 00:00:00,2025-05-30 00:00:00,,4,5923,5923,99999
309619,112.12,C,V 22,PKT/4,Údržba,160,Somet,14016459,5,2007-09-17 00:00:00,2023-12-05 00:00:00,,4,5923,5923,99999
301901,112.11,A,GQD-2,GQD,Kvalita,,,,9,2004-03-09 00:00:00,2020-05-26 00:00:00,,2,5922,5922,99999
310354,112.12,C,VK20,,,150,KS TOOLS,,5,2008-02-11 00:00:00,2024-04-29 00:00:00,,4,5922,5922,99999
311982,112.12,D,V 29,PSW-V,Obrábění,200,,,6,2008-12-04 00:00:00,2025-02-20 00:00:00,,4,5922,5922,99999
202461,112.12,C,V180,,,150,Mitutoyo,500,5,2001-06-29 00:00:00,2017-09-13 00:00:00,2017-09-13 00:00:00,4,5920,4378,4796
44824,112.11,C,V 31,PSW-P,Montáž,120,VIK,,6,2003-01-17 00:00:00,2019-04-02 00:00:00,2019-04-02 00:00:00,4,5919,4486,5839
1001519,112.12,C,VK20,,,150,Senator,,5,2009-03-17 00:00:00,2025-05-30 00:00:00,,4,5918,5918,99999
1001520,112.12,B,VK20,PFK-P,Provozní laboratoř,150,Senator,,5,2009-03-17 00:00:00,2025-05-30 00:00:00,,4,5918,5918,99999
304311,112.12,C,VK20,,,150,Mitutoyo,500,5,2008-10-01 00:00:00,2024-12-11 00:00:00,,4,5915,5915,99999
308446,112.12,B,V 10,PSW-T,Sklad,200,Schut,,5,2007-02-06 00:00:00,2023-04-18 00:00:00,,4,5915,5915,99999
312614,112.12,D,V 10,PSW-F,Obrábění,,Vogel,,5,2009-02-23 00:00:00,2025-05-05 00:00:00,,4,5915,5915,99999
311425,112.12,D,V 29,PSW-V,Obrábění,300,Vogel,,5,2008-08-20 00:00:00,2024-10-29 00:00:00,,4,5914,5914,99999
306911,112.12,B,VK20,PFK/1,Sklad,150,Mitutoyo,500,5,2006-03-13 00:00:00,2022-05-20 00:00:00,,4,5912,5912,99999
304084,112.12,A,KV/7021/1,GQK,Kvalita,150,Mitutoyo,500,5,2007-12-04 00:00:00,2024-02-09 00:00:00,,4,5911,5911,99999
306631,112.12,D,V 10,PSW-F,Obrábění,300,Somet,14030459,6,2006-01-30 00:00:00,2022-06-14 00:00:00,2022-04-07 00:00:00,4,5911,4427,5902
303383,112.11,C,V 10,PSW-F,Montáž,160,Somet,,5,2005-05-24 00:00:00,2021-07-29 00:00:00,2021-07-29 00:00:00,4,5910,4480,5910
305577,112.12,D,V 29,PSW-P,Obrábění,160,Somet,14016458,5,2005-09-27 00:00:00,2021-12-01 00:00:00,2021-12-01 00:00:00,4,5909,4439,5894
303399,112.11,D,V 29,PSW-P,Obrábění,160,BOS HK,,5,2005-05-24 00:00:00,2021-07-26 00:00:00,2021-07-26 00:00:00,4,5907,4466,5907
44903,112.11,,V 31,,,150,Somet,,6,2002-04-12 00:00:00,2018-06-12 00:00:00,2018-06-12 00:00:00,4,5905,4441,5541
202281,112.11,C,V160,,,150,Somet,,4,2000-11-21 00:00:00,2017-01-17 00:00:00,2017-01-17 00:00:00,6,5901,4402,4568
303949,112.12,C,VK20,,,150,Mitutoyo,500,5,2006-04-07 00:00:00,2022-06-03 00:00:00,,4,5901,5901,99999
304316,112.11,C,VK20,,,200,Mitutoyo,505,5,2008-10-15 00:00:00,2024-12-11 00:00:00,,4,5901,5901,99999
302646,112.12,A,KV/7021/1,GQK,Kvalita,150,Mitutoyo,,5,2006-03-16 00:00:00,2022-05-11 00:00:00,,4,5900,5900,99999
304294,112.12,C,VK20,,,150,Mitutoyo,500,5,2008-10-15 00:00:00,2024-12-10 00:00:00,2024-12-10 00:00:00,4,5900,4450,7111
308116,112.12,C,VK20,,,150,Mitutoyo,,5,2006-10-27 00:00:00,2022-12-22 00:00:00,,4,5900,5900,99999
304275,112.11,C,VK20,,,150,,,5,2008-10-16 00:00:00,2024-12-10 00:00:00,,4,5899,5899,99999
305575,112.12,D,V 29,PSW-P,Obrábění,160,Somet,14016458,5,2005-09-27 00:00:00,2021-11-19 00:00:00,,4,5897,5897,99999
311143,112.12,C,VK20,,,150,KS TOOLS,,5,2008-06-13 00:00:00,2024-08-05 00:00:00,,4,5897,5897,99999
41426,112.11,B,V 10,PSW-T,Sklad,250,,,6,2002-10-03 00:00:00,2018-11-22 00:00:00,2018-11-22 00:00:00,4,5894,4437,5915
309901,112.12,A,GQH-1/1,GQH-1,Kvalita,150,Mahr,16EX,5,2007-10-25 00:00:00,2023-12-13 00:00:00,,4,5893,5893,99999
33078,112.11,A,GQH-3/1,GQH-3,Kvalita,150,China,,5,2001-01-12 00:00:00,2017-03-02 00:00:00,,4,5893,5893,99999
304255,112.11,C,VK20,,,150,China,,5,2008-10-03 00:00:00,2024-11-20 00:00:00,,4,5892,5892,99999
311419,112.12,B,V 29,PSW-T,Sklad,600,Mitutoyo,550,6,2008-08-20 00:00:00,2024-10-07 00:00:00,,4,5892,5892,99999
1001675,112.12,C,VK20,,,150,Kinex,500,5,2009-04-17 00:00:00,2025-05-30 00:00:00,,4,5887,5887,99999
304202,112.11,C,VK20,,,150,Somet,,5,2008-10-30 00:00:00,2024-12-11 00:00:00,,4,5886,5886,99999
45998,112.12,D,V 31,PSW-P,Obrábění,160,Somet,,6,2003-08-12 00:00:00,2019-09-23 00:00:00,2019-09-23 00:00:00,4,5886,4382,5876
304230,112.11,C,VK20,,,150,,,5,2008-10-09 00:00:00,2024-11-19 00:00:00,,4,5885,5885,99999
38551,112.12,D,V 29,PSW-V,Obrábění,150,Somet,,6,2000-12-22 00:00:00,2017-01-30 00:00:00,2017-01-30 00:00:00,4,5883,4409,5373
312613,112.12,D,V 10,PSW-F,Obrábění,,Vogel,,5,2009-02-23 00:00:00,2025-04-02 00:00:00,,4,5882,5882,99999
304221,112.11,C,VK20,,,150,Somet,,5,2008-10-14 00:00:00,2024-11-19 00:00:00,,4,5880,5880,99999
304233,112.11,C,VK20,,,150,,,5,2008-11-04 00:00:00,2024-12-10 00:00:00,,4,5880,5880,99999
304575,112.11,C,VK20,,,150,Somet,,5,2008-11-05 00:00:00,2024-12-11 00:00:00,,4,5880,5880,99999
304220,112.11,C,VK20,,,150,,,5,2008-11-05 00:00:00,2024-12-10 00:00:00,,4,5879,5879,99999
304228,112.11,C,VK20,,,150,Somet,,5,2008-11-06 00:00:00,2024-12-11 00:00:00,2024-12-11 00:00:00,4,5879,4429,7112
304266,112.11,C,VK20,,,150,Somet,,5,2008-11-06 00:00:00,2024-12-10 00:00:00,2024-12-10 00:00:00,4,5878,4429,7111
304209,112.11,C,VK20,,,150,Somet,,5,2008-10-21 00:00:00,2024-11-20 00:00:00,,4,5874,5874,99999
304348,112.11,C,VK20,,,150,Somet,,5,2008-11-10 00:00:00,2024-12-10 00:00:00,,4,5874,5874,99999
304351,112.11,C,VK20,,,150,Somet,,5,2008-11-10 00:00:00,2024-12-10 00:00:00,,4,5874,5874,99999
304341,112.11,C,VK20,,,150,Somet,,5,2008-11-12 00:00:00,2024-12-11 00:00:00,,4,5873,5873,99999
304345,112.11,C,VK20,PFK-L,Lakovna,150,Somet,,5,2008-11-12 00:00:00,2024-12-10 00:00:00,,4,5872,5872,99999
304346,112.11,C,VK20,,,150,Somet,,5,2008-11-12 00:00:00,2024-12-10 00:00:00,,4,5872,5872,99999
310311,112.11,B,V 29,PSW-T,Sklad,250,Somet,,4,2008-02-14 00:00:00,2024-03-13 00:00:00,,4,5872,5872,99999
41699,112.12,D,V 10,PSW-F,Obrábění,150,Somet,,6,2002-03-29 00:00:00,2018-04-25 00:00:00,2018-04-25 00:00:00,4,5871,4414,5691
202286,112.11,C,V160,,,150,Somet,,5,1999-12-09 00:00:00,2018-06-07 00:00:00,2016-01-04 00:00:00,6,5870,2336,4189
305053,112.12,B,V 10,PSW-T,Sklad,600,Mitutoyo,550,5,2005-07-22 00:00:00,2021-08-17 00:00:00,2021-08-17 00:00:00,4,5870,4421,5828
304247,112.11,C,VK20,,,150,Somet,,5,2008-10-30 00:00:00,2024-11-19 00:00:00,,4,5864,5864,99999
304343,112.11,C,VK20,,,150,Somet,,5,2008-11-20 00:00:00,2024-12-10 00:00:00,2024-12-10 00:00:00,4,5864,4415,7111
310561,112.12,B,V 29,PSW-T,Sklad,150,Vogel,,5,2008-02-22 00:00:00,2024-03-13 00:00:00,,4,5864,5864,99999
44347,112.12,A,GQG-3,GQG-3,Kvalita,300,Mitutoyo,500,7,2000-01-14 00:00:00,2021-05-14 00:00:00,2016-01-28 00:00:00,4,5858,4394,4720
306807,112.12,D,V 10,PSW-F,Obrábění,,Mitutoyo,550,5,2006-03-10 00:00:00,2022-03-17 00:00:00,,4,5851,5851,99999
304224,112.11,C,VK20,,,150,Somet,,5,2008-10-02 00:00:00,2024-10-08 00:00:00,,4,5850,5850,99999
43717,112.11,C,V 10,PSW-F,Montáž,150,Kinex,,6,2002-07-25 00:00:00,2018-07-27 00:00:00,2018-07-27 00:00:00,4,5846,4299,5674
303954,112.12,C,VK20,,,150,Mitutoyo,500,5,2006-05-19 00:00:00,2022-05-20 00:00:00,,4,5845,5845,99999
33270,112.11,C,M6,,,400,Somet,,4,2001-01-18 00:00:00,2017-01-19 00:00:00,,2,5845,5845,99999
303394,112.11,C,V 29,PSW-P,Montáž,160,BOS HK,,5,2005-05-24 00:00:00,2021-05-24 00:00:00,,4,5844,5844,99999
304282,112.11,C,VK20,,,150,Somet,,5,2008-10-09 00:00:00,2024-10-08 00:00:00,2024-10-08 00:00:00,4,5843,4388,7048
43272,112.12,D,V 10,PSW-F,Obrábění,200,Mitutoyo,,6,2002-09-26 00:00:00,2018-09-24 00:00:00,2018-09-24 00:00:00,4,5842,4361,5779
303135,112.11,C,VK20,,,150,Somet,,5,2008-10-10 00:00:00,2024-10-07 00:00:00,,4,5841,5841,99999
310562,112.12,B,V 10,PSW-T,Sklad,150,Vogel,,5,2008-02-22 00:00:00,2024-02-19 00:00:00,2024-02-19 00:00:00,4,5841,4374,5827
310567,112.12,B,V 29,PSW-T,Sklad,150,Vogel,,5,2008-02-22 00:00:00,2024-02-19 00:00:00,,4,5841,5841,99999
304210,112.11,C,VK20,,,150,Somet,,5,2008-10-13 00:00:00,2024-10-08 00:00:00,,4,5839,5839,99999
202323,112.11,C,V160,PFO-P/21,Údržba,150,Somet,,4,2004-03-16 00:00:00,2020-03-10 00:00:00,,6,5838,5838,99999
304218,112.11,C,VK20,,,150,Somet,,5,2008-10-14 00:00:00,2024-10-08 00:00:00,,4,5838,5838,99999
304232,112.11,C,VK20,,,150,Somet,,5,2008-10-14 00:00:00,2024-10-08 00:00:00,,4,5838,5838,99999
304271,112.11,C,VK20,,,150,,,5,2008-10-16 00:00:00,2024-10-10 00:00:00,,4,5838,5838,99999
303143,112.12,C,VK20,,,150,Mitutoyo,,5,2008-10-10 00:00:00,2024-10-02 00:00:00,,4,5836,5836,99999
308986,112.12,D,V 29,PSW-V,Obrábění,160,Somet,14016459,5,2007-05-03 00:00:00,2023-04-25 00:00:00,2023-04-25 00:00:00,4,5836,4362,5823
304297,112.12,C,VK20,,,150,Mitutoyo,500,5,2008-10-17 00:00:00,2024-10-08 00:00:00,,4,5835,5835,99999
307937,112.11,D,V 29,PSW-V,Obrábění,160,Somet,11016511,5,2006-09-26 00:00:00,2022-09-16 00:00:00,,4,5834,5834,99999
304208,112.11,C,VK20,,,150,,,5,2008-10-21 00:00:00,2024-10-10 00:00:00,,4,5833,5833,99999
307100,112.12,D,V 10,PSW-F,Obrábění,600,Mitutoyo,500,5,2006-04-24 00:00:00,2022-04-13 00:00:00,,4,5833,5833,99999
1001853,112.11,B,V 10,PSW-T,Sklad,600,Somet,,5,2009-05-27 00:00:00,2025-05-15 00:00:00,,4,5832,5832,99999
139,112.12,A,GQH-1/1,GQH-1,Kvalita,150,Mahr,16EX,5,2007-10-25 00:00:00,2023-10-13 00:00:00,,4,5832,5832,99999
45214,112.12,D,V 31,PSW-P,Obrábění,150,Mitutoyo,,6,2002-01-21 00:00:00,2018-01-09 00:00:00,,4,5832,5832,99999
302509,112.12,A,KV/7021/1,GQK,Kvalita,300,Mitutoyo,,5,2006-05-24 00:00:00,2022-05-11 00:00:00,,4,5831,5831,99999
304204,112.11,C,VK20,,,150,,,5,2008-10-13 00:00:00,2024-09-30 00:00:00,,4,5831,5831,99999
46259,112.12,B,V 22,PKT/1,TK,160,Somet,,17,2003-09-29 00:00:00,2024-01-10 00:00:00,2019-09-16 00:00:00,2,5831,5068,5827
304291,112.11,C,VK20,,,150,Somet,,5,2008-10-21 00:00:00,2024-10-07 00:00:00,2024-10-07 00:00:00,4,5830,4376,7047
305580,112.12,B,V 10,PSW-F,Vedení,160,Somet,14016458,5,2005-09-27 00:00:00,2021-09-13 00:00:00,,4,5830,5830,99999
304244,112.11,C,VK20,,,150,,,5,2008-10-22 00:00:00,2024-10-07 00:00:00,,4,5829,5829,99999
304286,112.11,C,VK20,,,150,Somet,,5,2008-10-22 00:00:00,2024-10-07 00:00:00,,4,5829,5829,99999
304206,112.11,C,VK20,,,150,China,,5,2008-10-30 00:00:00,2024-10-08 00:00:00,,4,5822,5822,99999
304213,112.11,C,VK20,,,150,Somet,,5,2008-10-30 00:00:00,2024-10-08 00:00:00,2024-10-08 00:00:00,4,5822,4361,7048
304238,112.11,C,VK20,,,150,Somet,,5,2008-10-30 00:00:00,2024-10-08 00:00:00,,4,5822,5822,99999
304260,112.11,C,VK20,,,150,,,5,2008-10-29 00:00:00,2024-10-07 00:00:00,,4,5822,5822,99999
38603,112.11,D,V 29,PSW-V,Obrábění,400,Somet,,6,2000-11-20 00:00:00,2016-10-20 00:00:00,,4,5813,5813,99999
1002146,112.11,D,V270,,,160,Somet,,4,2009-07-07 00:00:00,2025-06-05 00:00:00,,6,5812,5812,99999
309865,112.12,D,V 29,PSW-P,Obrábění,160,Somet,14016459,5,2007-10-30 00:00:00,2023-09-25 00:00:00,,4,5809,5809,99999
202369,112.11,C,V160,,,200,Somet,,4,2000-01-13 00:00:00,2015-12-08 00:00:00,,6,5808,5808,99999
45275,112.12,C,V 29,PSW-P,Montáž,200,Somet,,6,2001-09-12 00:00:00,2017-08-07 00:00:00,,4,5808,5808,99999
203275,112.11,D,V270,,,160,Somet,,4,1999-12-14 00:00:00,2015-11-06 00:00:00,,6,5806,5806,99999
304080,112.12,C,VK20,,,150,Mitutoyo,500,5,2007-12-17 00:00:00,2023-11-09 00:00:00,,4,5806,5806,99999
43279,112.12,D,V 10,PSW-F,Obrábění,300,Somet,,8,2001-09-12 00:00:00,2021-09-13 00:00:00,2017-08-02 00:00:00,4,5803,4313,5361
202348,112.11,C,V160,,,150,Somet,,4,2003-01-14 00:00:00,2018-11-26 00:00:00,,6,5795,5795,99999
311551,112.11,A,GQG-1,GQG-1,Kvalita,200,China,,5,2008-10-01 00:00:00,2024-08-13 00:00:00,,3,5795,5795,99999
311553,112.11,A,GQG-1,GQG-1,Kvalita,250,Somet,,5,2008-10-01 00:00:00,2024-08-13 00:00:00,,3,5795,5795,99999
311554,112.11,A,GQG-1,GQG-1,Kvalita,150,Somet,,5,2008-10-01 00:00:00,2024-08-13 00:00:00,,3,5795,5795,99999
38682,112.11,D,V 29,PSW-V,Obrábění,150,Somet,,6,2000-10-19 00:00:00,2016-08-31 00:00:00,,4,5795,5795,99999
43334,112.11,D,V 22,,,160,Somet,,9,2002-11-15 00:00:00,2018-09-20 00:00:00,,2,5788,5788,99999
15078,112.12,D,V 22,,,150,Mitutoyo,500,5,2003-02-14 00:00:00,2018-12-14 00:00:00,2018-12-14 00:00:00,4,5782,4352,7340
38587,112.12,B,V 29,PSW-T,Sklad,300,Mitutoyo,550,6,2001-08-30 00:00:00,2017-06-28 00:00:00,2017-06-28 00:00:00,4,5781,4311,5522
202504,112.12,C,V160,,,150,Mitutoyo,,6,2003-02-14 00:00:00,2018-12-10 00:00:00,,4,5778,5778,99999
310746,112.11,C,V160,PFO-P/31,Údržba,160,,11016551,4,2008-03-25 00:00:00,2024-01-16 00:00:00,,6,5775,5775,99999
45123,112.12,B,V 31,PSW-T,Sklad,150,Somet,,6,2001-10-02 00:00:00,2017-07-24 00:00:00,2017-07-24 00:00:00,4,5774,4305,5199
309789,112.12,C,V 10,PSW-F,Montáž,160,Somet,14016459,5,2007-10-25 00:00:00,2023-08-15 00:00:00,2023-08-15 00:00:00,4,5773,4317,5766
201062,112.11,C,V160,,,150,Somet,,3,1999-12-06 00:00:00,2015-09-21 00:00:00,,6,5768,5768,99999
37616,112.11,C,M6,,,200,TESA,,7,2001-04-10 00:00:00,2017-01-18 00:00:00,2017-01-18 00:00:00,2,5762,4460,5431
309896,112.11,D,V 10,PSW-F,Obrábění,160,Somet,11015611,5,2007-11-08 00:00:00,2023-08-17 00:00:00,,4,5761,5761,99999
28118,112.12,C,M6,,,300,,,8,2000-05-19 00:00:00,2016-02-11 00:00:00,,1,5746,5746,99999
304794,112.12,C,V180,,,150,Mitutoyo,500,5,2003-02-13 00:00:00,2018-10-29 00:00:00,2018-10-29 00:00:00,4,5737,4269,4816
310491,112.11,C,V 22,PKT/4,Údržba,160,Somet,11016551,4,2008-02-13 00:00:00,2023-10-23 00:00:00,,4,5731,5731,99999
28121,112.11,D,V 22,,,,Somet,,6,2000-09-14 00:00:00,2016-05-17 00:00:00,2016-05-17 00:00:00,3,5724,4548,5879
41348,112.11,B,V 10,PSW-S,Vedení,250,,,6,1999-02-08 00:00:00,2014-10-09 00:00:00,,4,5722,5722,99999
44476,112.11,,V 31,,,400,Somet,,5,2002-12-13 00:00:00,2018-08-08 00:00:00,2018-08-08 00:00:00,4,5717,4247,5630
203108,112.11,D,V270,,,150,Somet,,3,1996-04-19 00:00:00,2011-12-06 00:00:00,,6,5709,5709,99999
32123,112.11,D,V 22,,,160,Somet,,13,1997-06-03 00:00:00,2013-01-09 00:00:00,,1,5699,5699,99999
35227,112.12,C,M6,,,200,Mitutoyo,500,6,2001-06-25 00:00:00,2017-01-31 00:00:00,,3,5699,5699,99999
15098,112.12,C,M6,,,150,Hommel,,7,2002-05-30 00:00:00,2018-04-18 00:00:00,2018-01-03 00:00:00,3,5697,4569,6995
35075,112.11,C,M6,,,200,,,8,2001-06-15 00:00:00,2017-01-18 00:00:00,2017-01-18 00:00:00,2,5696,4394,5696
17062,112.11,D,V 22,,,160,Somet,,9,2002-03-05 00:00:00,2017-10-06 00:00:00,,2,5694,5694,99999
1002457,112.12,C,V 22,PKT/4,Údržba,150,Somet,,5,2009-09-10 00:00:00,2025-04-10 00:00:00,,4,5691,5691,99999
304998,112.11,C,V180,,,150,Hommel,31007,4,2003-07-16 00:00:00,2019-02-11 00:00:00,,6,5689,5689,99999
33983,112.12,C,M6,,,150,Somet,,15,2001-03-23 00:00:00,2016-10-13 00:00:00,2016-10-13 00:00:00,1,5683,5283,5684
1002138,112.11,C,V270,PF1-K,Údržba,160,Somet,,4,2009-07-07 00:00:00,2025-01-22 00:00:00,,6,5678,5678,99999
307385,112.12,C,PSZ/1,PSZ/1,Údržba,1000,Mitutoyo,552,6,2005-05-10 00:00:00,2020-11-19 00:00:00,,5,5672,5672,99999
307931,112.11,C,V 10,PSW-F,Montáž,160,Somet,11016511,5,2006-09-26 00:00:00,2022-04-07 00:00:00,,4,5672,5672,99999
30277,112.12,D,V 22,,,300,Somet,,6,2000-08-03 00:00:00,2016-02-10 00:00:00,2016-02-10 00:00:00,1,5669,4794,5669
307578,112.11,C,PSZ/1,PSZ/1,Údržba,400,Somet,,6,2005-06-13 00:00:00,2020-12-18 00:00:00,2020-12-18 00:00:00,3,5667,4567,5260
304269,112.11,C,VK20,,,150,,,5,2008-10-29 00:00:00,2024-04-29 00:00:00,2024-04-29 00:00:00,4,5661,4146,6886
16135,112.11,D,V 22,,,120,UIK,,6,2003-10-17 00:00:00,2019-04-16 00:00:00,2019-04-16 00:00:00,3,5660,4497,7463
39028,112.11,D,V 29,PSW-V,Obrábění,400,,,5,2002-10-11 00:00:00,2018-04-04 00:00:00,2018-04-04 00:00:00,4,5654,4205,5789
304805,112.12,C,V180,,,150,Mitutoyo,500,6,2004-08-30 00:00:00,2020-02-10 00:00:00,,4,5642,5642,99999
1003491,112.12,D,V 22,,,200,Mitutoyo,550,10,2010-03-17 00:00:00,2025-08-08 00:00:00,,1,5623,5623,99999
1002765,112.12,C,V 22,PKP,Montáž,150,,,6,2009-10-22 00:00:00,2025-03-10 00:00:00,,3,5618,5618,99999
203066,112.11,D,V270,,,300,China,,2,2001-11-26 00:00:00,2017-04-12 00:00:00,,6,5616,5616,99999
203153,112.11,D,V270,,,150,Somet,,4,2002-09-30 00:00:00,2018-02-09 00:00:00,2018-02-09 00:00:00,6,5611,3392,4873
307575,112.11,C,PSZ/1,PSZ/1,Údržba,200,China,,6,2005-01-06 00:00:00,2020-05-12 00:00:00,,4,5605,5605,99999
203353,112.11,C,V270,PF1-K,Svařovna,150,Somet,,5,2006-10-25 00:00:00,2022-02-18 00:00:00,,6,5595,5595,99999
307369,112.12,C,PSZ/1,PSZ/1,Údržba,,Preisser,,6,2007-02-15 00:00:00,2022-06-02 00:00:00,,3,5586,5586,99999
203304,112.11,D,V270,,,150,,,4,1999-11-16 00:00:00,2015-03-02 00:00:00,2015-03-02 00:00:00,6,5585,3369,3787
33308,112.12,D,V 22,,,300,Somet,,14,2001-02-01 00:00:00,2023-02-03 00:00:00,2016-05-17 00:00:00,1,5584,4992,5584
307376,112.12,C,PSZ/1,PSZ/1,Údržba,600,Mitutoyo,552,6,2005-05-10 00:00:00,2020-08-21 00:00:00,2020-08-21 00:00:00,3,5582,4434,5166
301086,112.12,D,VR/PKD/31,PKD/12,Obrábění,150,HHW,,6,2002-01-31 00:00:00,2017-05-12 00:00:00,,1,5580,5580,99999
37646,112.11,B,PSW-T,PSW-T,TK,400,Somet,,7,2002-03-08 00:00:00,2017-06-12 00:00:00,,3,5575,5575,99999
303366,112.12,D,V270,,,150,Somet,,6,2005-05-23 00:00:00,2020-08-21 00:00:00,2020-08-21 00:00:00,1,5569,5183,5569
309416,112.11,D,V270,,,160,Somet,11016551,4,2007-07-30 00:00:00,2022-10-26 00:00:00,2022-10-26 00:00:00,6,5567,3287,5538
203147,112.11,D,V270,,,150,Somet,,4,2003-01-22 00:00:00,2018-04-19 00:00:00,2018-04-19 00:00:00,6,5566,3240,4943
44864,112.11,C,V 31,PSW-P,Montáž,150,Somet,,5,2003-01-17 00:00:00,2018-04-12 00:00:00,2018-04-12 00:00:00,4,5564,4100,5483
203060,112.11,D,V270,,,200,China,,3,2000-03-22 00:00:00,2015-06-05 00:00:00,,6,5553,5553,99999
309515,112.12,C,V 22,PKT/4,Údržba,150,HHW,,5,2007-09-12 00:00:00,2022-11-22 00:00:00,,4,5550,5550,99999
201649,112.11,B,V260,PFS-K/4,Sklad,300,China,,4,2003-11-14 00:00:00,2019-01-18 00:00:00,2019-01-18 00:00:00,5,5544,3707,5544
1003562,112.11,D,V270,,,160,Somet,,4,2010-04-02 00:00:00,2025-06-05 00:00:00,,6,5543,5543,99999
41253,112.11,D,V 10,PSW-F,Obrábění,150,Somet,,5,2001-09-20 00:00:00,2016-11-23 00:00:00,,4,5543,5543,99999
201646,112.11,B,V260,PFS-K/4,Sklad,300,China,,4,2003-11-20 00:00:00,2019-01-18 00:00:00,2019-01-18 00:00:00,5,5538,3701,5538
27060,112.12,D,V 22,,,,Mitutoyo,500,8,2000-02-24 00:00:00,2018-08-22 00:00:00,2015-04-22 00:00:00,3,5536,4403,5537
39702,112.11,C,V 29,PSW-T,Logistika,150,China,,5,2000-11-22 00:00:00,2016-01-19 00:00:00,,4,5536,5536,99999
44905,112.11,D,V 29,PSW-P,Obrábění,150,Somet,,5,2003-02-18 00:00:00,2018-04-12 00:00:00,,4,5532,5532,99999
301962,112.11,D,V 22,,,160,Somet,,5,2003-02-10 00:00:00,2018-06-07 00:00:00,2018-04-03 00:00:00,4,5531,4050,4810
308790,112.11,C,V270,PF2-K,Údržba,160,Somet,11016511,5,2007-03-07 00:00:00,2022-04-28 00:00:00,,6,5531,5531,99999
310788,112.12,B,V 29,PSW-T,Sklad,150,Vogel,,5,2008-03-25 00:00:00,2023-05-17 00:00:00,,4,5531,5531,99999
201012,112.12,D,V270,,,160,Somet,,5,2004-04-06 00:00:00,2019-05-28 00:00:00,2019-05-28 00:00:00,4,5530,3639,5530
201665,112.11,B,V260,PFS-K/4,Sklad,150,China,,4,2003-11-14 00:00:00,2019-01-03 00:00:00,2019-01-03 00:00:00,5,5529,3682,5529
44908,112.11,C,V 31,PSW-P,Montáž,150,Somet,,5,2003-02-18 00:00:00,2018-04-09 00:00:00,2018-04-09 00:00:00,4,5529,4068,5477
201724,112.11,B,V260,PFS-K/4,Sklad,150,Somet,,4,2003-11-14 00:00:00,2019-01-02 00:00:00,2019-01-02 00:00:00,5,5528,3678,5528
201726,112.11,B,V260,PFS-K/4,Sklad,150,Somet,,4,2003-11-14 00:00:00,2019-01-02 00:00:00,2019-01-02 00:00:00,5,5528,3678,5528
31450,112.11,D,V 22,,,250,Somet,,10,1999-03-24 00:00:00,2014-05-12 00:00:00,,2,5528,5528,99999
41318,112.11,B,V 10,PSW-T,Sklad,160,Somet,,5,2002-08-09 00:00:00,2017-09-26 00:00:00,,4,5527,5527,99999
310295,112.11,C,V180,,,160,Somet,11016611,4,2007-12-19 00:00:00,2023-01-24 00:00:00,,6,5515,5515,99999
201697,112.11,B,V260,PFS-K/4,Sklad,150,China,,4,2003-11-14 00:00:00,2018-12-19 00:00:00,,5,5514,5514,99999
302481,112.11,B,V260,PFS-K/4,Sklad,150,Kinex,MPS39,4,2005-03-29 00:00:00,2020-04-28 00:00:00,,5,5509,5509,99999
41457,112.11,B,V 10,PSW-S,Vedení,300,China,,6,2001-05-31 00:00:00,2016-06-30 00:00:00,,4,5509,5509,99999
310297,112.11,C,V160,PFO-P/21,Údržba,160,Somet,11016611,4,2007-12-19 00:00:00,2023-01-13 00:00:00,,6,5504,5504,99999
305440,112.11,D,V 22,,,160,,,4,2004-01-30 00:00:00,2019-02-22 00:00:00,,4,5502,5502,99999
1003490,112.12,C,V 22,PKT/4,Údržba,200,Mitutoyo,551,7,2010-03-17 00:00:00,2025-04-08 00:00:00,,2,5501,5501,99999
306514,112.12,A,GQG-1,GQG-1,Kvalita,150,Sylvac,,8,2005-01-27 00:00:00,2023-10-05 00:00:00,2020-02-17 00:00:00,3,5499,4402,5141
41274,112.12,B,PSW-T,PSW-T,TK,150,Mitutoyo,,7,2002-09-05 00:00:00,2017-09-20 00:00:00,,3,5494,5494,99999
303361,112.12,D,V270,,,150,Somet,,6,2005-05-23 00:00:00,2020-06-01 00:00:00,,4,5488,5488,99999
309862,112.12,A,GQG-2/1,GQG-2,Kvalita,150,Mahr,16EX,6,2007-10-25 00:00:00,2022-10-31 00:00:00,,3,5485,5485,99999
312253,112.11,C,V 22,PKT/4,Údržba,160,Somet,,4,2009-02-02 00:00:00,2024-02-02 00:00:00,,4,5478,5478,99999
44995,112.11,D,V 29,PSW-P,Obrábění,150,,,5,2003-04-16 00:00:00,2018-04-12 00:00:00,,4,5475,5475,99999
45298,112.12,D,V 31,PSW-P,Obrábění,300,Mitutoyo,550,5,2002-10-16 00:00:00,2017-10-11 00:00:00,,4,5474,5474,99999
44854,112.11,D,V 31,PSW-P,Obrábění,150,Somet,,5,2003-01-17 00:00:00,2018-01-09 00:00:00,,4,5471,5471,99999
308043,112.12,D,V 22,,,300,Somet,14030459,4,2006-10-13 00:00:00,2021-09-30 00:00:00,2021-09-30 00:00:00,5,5466,3580,5460
310277,112.12,C,V180,,,160,Somet,14016459,4,2007-12-20 00:00:00,2022-12-05 00:00:00,2022-12-05 00:00:00,4,5464,3962,5428
301033,112.12,A,VR/GQH,GQH-2,Kvalita,150,Mitutoyo,,6,2002-01-18 00:00:00,2016-12-22 00:00:00,2016-12-22 00:00:00,3,5452,4371,4840
35014,112.11,C,M6,,,200,TESA,,6,2001-06-14 00:00:00,2016-05-03 00:00:00,2016-05-03 00:00:00,2,5437,4471,5437
46413,112.12,D,V 10,PSW-F,Obrábění,200,Mitutoyo,,7,2003-10-14 00:00:00,2018-08-30 00:00:00,2018-08-30 00:00:00,4,5434,3914,5427
43221,112.11,B,V 10,PSW-T,Sklad,400,Somet,,5,2002-09-24 00:00:00,2017-08-02 00:00:00,2017-08-02 00:00:00,4,5426,3990,5363
41374,112.11,D,V 10,PSW-F,Obrábění,160,Somet,,5,2000-03-21 00:00:00,2015-01-12 00:00:00,,4,5410,5410,99999
1004880,112.12,A,GQH-3/1,GQH-3,Kvalita,150,Mahr,,8,2010-10-11 00:00:00,2025-08-01 00:00:00,,2,5408,5408,99999
202317,112.11,D,V270,,,200,Somet,,2,2004-07-19 00:00:00,2019-05-09 00:00:00,,6,5407,5407,99999
38371,112.11,D,V 29,PSW-V,Obrábění,150,Kinex,,5,2002-01-23 00:00:00,2016-11-02 00:00:00,,4,5397,5397,99999
201142,112.11,C,V160,,,150,,,4,2003-02-25 00:00:00,2017-11-30 00:00:00,2017-11-30 00:00:00,6,5392,3046,4979
1002314,112.11,C,V 29,PSW-V,Montáž,160,Somet,,5,2009-08-11 00:00:00,2024-05-15 00:00:00,,4,5391,5391,99999
17118,112.11,D,V 22,,,160,Somet,,10,2000-01-31 00:00:00,2014-10-20 00:00:00,,2,5376,5376,99999
25335,112.12,B,V 22,PKT/1,TK,150,Samson,,15,2000-07-26 00:00:00,2024-09-10 00:00:00,2015-04-15 00:00:00,2,5376,4599,5676
38444,112.11,C,M6,,,200,TESA,,7,2002-05-02 00:00:00,2017-01-18 00:00:00,2017-01-18 00:00:00,1,5375,4892,5362
38448,112.11,C,M6,,,200,TESA,,6,2002-05-02 00:00:00,2017-01-18 00:00:00,2017-01-18 00:00:00,2,5375,4675,5362
1002055,112.11,C,V160,,,160,Somet,,3,2009-05-28 00:00:00,2024-02-13 00:00:00,2024-02-13 00:00:00,6,5374,3121,5342
1001723,112.12,D,V270,,,150,,,5,2009-04-14 00:00:00,2023-12-21 00:00:00,2023-12-21 00:00:00,4,5364,3860,5355
309410,112.11,D,V270,,,160,Somet,11016551,4,2007-07-30 00:00:00,2022-04-05 00:00:00,,6,5363,5363,99999
29939,112.11,D,V 22,PKG,Hutě,300,China,,4,2000-07-17 00:00:00,2023-07-17 00:00:00,2015-03-23 00:00:00,2,5362,0,5362
308788,112.11,C,V270,PF1-K,Údržba,160,Somet,11016511,3,2007-03-07 00:00:00,2021-11-08 00:00:00,,6,5360,5360,99999
17049,112.12,D,V 22,,,200,,,6,2002-05-27 00:00:00,2017-01-23 00:00:00,2017-01-23 00:00:00,3,5355,4468,6650
1002054,112.11,C,V160,PFO-P/21,Údržba,160,Somet,,3,2009-05-28 00:00:00,2024-01-16 00:00:00,,6,5346,5346,99999
1003853,112.12,C,M6,,,150,,,9,2010-06-03 00:00:00,2025-01-13 00:00:00,,2,5338,5338,99999
1003867,112.12,C,M6,,,150,,,9,2010-06-03 00:00:00,2025-01-13 00:00:00,,2,5338,5338,99999
25285,112.11,D,V 22,,,160,Somet,,7,2000-10-06 00:00:00,2018-09-13 00:00:00,2015-05-18 00:00:00,4,5337,949,5709
1002687,112.12,A,V 22,GQH-1,Kvalita,150,Mitutoyo,500,8,2009-10-22 00:00:00,2024-05-31 00:00:00,,2,5335,5335,99999
38679,112.11,B,V 29,PSW-S,Vedení,150,Somet,,6,2001-03-14 00:00:00,2015-10-19 00:00:00,,4,5332,5332,99999
203168,112.11,D,V270,,,160,Somet,,4,1998-06-09 00:00:00,2013-01-11 00:00:00,,6,5330,5330,99999
25003,112.11,A,GQD-2,GQD,Kvalita,800,Mitutoyo,533,6,2001-07-23 00:00:00,2016-02-09 00:00:00,,3,5314,5314,99999
38692,112.11,B,V 10,PSW-T,Sklad,150,,,5,2002-02-12 00:00:00,2016-08-31 00:00:00,,4,5314,5314,99999
203374,112.11,D,V270,,,150,Somet,,2,1993-09-13 00:00:00,2008-03-31 00:00:00,2008-03-31 00:00:00,6,5313,0,1259
306940,112.12,C,V160,,,160,Somet,14016479,3,2006-03-27 00:00:00,2020-10-12 00:00:00,,4,5313,5313,99999
203050,112.12,D,V270,,,200,Somet,,3,2001-06-07 00:00:00,2015-12-08 00:00:00,,4,5297,5297,99999
1001735,112.11,B,V 29,PSW-T,Sklad,750,,,5,2009-04-20 00:00:00,2023-10-20 00:00:00,,4,5296,5296,99999
306024,112.11,B,V160,PFO-P/1,Vedení,150,Somet,,4,2005-11-16 00:00:00,2020-05-15 00:00:00,,6,5294,5294,99999
306032,112.11,C,V160,PFO-P/21,Údržba,150,Somet,,4,2005-11-16 00:00:00,2020-05-15 00:00:00,,6,5294,5294,99999
310560,112.12,C,V 29,PSW-P,Montáž,150,Vogel,,5,2008-02-22 00:00:00,2022-08-12 00:00:00,2022-08-12 00:00:00,4,5285,3819,5271
309871,112.11,C,V 10,PSW-F,Montáž,160,Somet,11016511,7,2007-10-30 00:00:00,2022-04-12 00:00:00,,4,5278,5278,99999
1004630,112.12,A,GQD-1/5,GQD-1,Kvalita,150,,907,8,2010-08-25 00:00:00,2025-02-04 00:00:00,,2,5277,5277,99999
34874,112.12,A,GQD-1/5,GQD-1,Kvalita,150,Somet,,10,2001-05-18 00:00:00,2015-10-29 00:00:00,,2,5277,5277,99999
201083,112.11,C,V160,,,150,Somet,,4,1999-09-20 00:00:00,2014-02-25 00:00:00,2014-02-25 00:00:00,6,5272,2635,3610
1005262,112.12,C,V 37,,,150,Mitutoyo,,6,2010-12-23 00:00:00,2025-05-27 00:00:00,,3,5269,5269,99999
1003185,112.12,D,V 22,,,150,,,7,2010-01-19 00:00:00,2025-03-07 00:00:00,2024-06-19 00:00:00,1,5265,4838,5255
38520,112.12,D,V 29,PSW-V,Obrábění,150,Mitutoyo,500,6,2001-03-14 00:00:00,2015-08-10 00:00:00,,4,5262,5262,99999
38795,112.11,D,V 10,PSW-F,Obrábění,300,,,6,2001-01-08 00:00:00,2015-06-03 00:00:00,,4,5259,5259,99999
202334,112.11,C,V180,,,150,Somet,,4,1999-11-08 00:00:00,2014-04-01 00:00:00,,6,5258,5258,99999
308803,112.11,D,V270,,,160,Somet,11016511,4,2007-03-07 00:00:00,2021-07-27 00:00:00,,6,5256,5256,99999
38572,112.12,D,V 29,PSW-V,Obrábění,200,Mitutoyo,,6,2001-03-15 00:00:00,2015-08-04 00:00:00,,4,5255,5255,99999
304936,112.11,C,V180,,,150,Somet,,4,2005-05-20 00:00:00,2019-10-07 00:00:00,2019-10-07 00:00:00,6,5253,4424,5152
304814,112.11,C,V180,,,250,Somet,,4,2004-03-24 00:00:00,2018-08-20 00:00:00,2018-08-06 00:00:00,6,5248,2122,4731
1004838,112.12,A,GQH-3/1,GQH-3,Kvalita,150,,,8,2010-10-11 00:00:00,2025-02-13 00:00:00,,2,5239,5239,99999
1004839,112.12,A,GQH-3/1,GQH-3,Kvalita,300,,,8,2010-10-11 00:00:00,2025-02-13 00:00:00,,2,5239,5239,99999
42644,112.11,B,PSW-T,PSW-T,TK,400,Somet,,7,2002-11-04 00:00:00,2017-03-07 00:00:00,,3,5237,5237,99999
38686,112.11,D,V 29,PSW-V,Obrábění,150,Somet,,6,2001-03-16 00:00:00,2015-07-16 00:00:00,,4,5235,5235,99999
47402,112.12,D,V 10,PSW-F,Obrábění,300,Somet,,5,2004-04-06 00:00:00,2018-07-30 00:00:00,2018-07-30 00:00:00,4,5228,3733,5228
33194,112.11,A,V 22,GQH-1,Kvalita,150,,,18,2001-01-25 00:00:00,2024-05-28 00:00:00,2015-05-19 00:00:00,2,5227,4451,5227
1001665,112.11,A,V 22,GQH,Kvalita,150,,906,8,2009-03-30 00:00:00,2023-07-14 00:00:00,,2,5219,5219,99999
47626,112.12,D,V 31,PSW-P,Obrábění,160,Somet,,5,2004-04-26 00:00:00,2018-08-07 00:00:00,,4,5216,5216,99999
32183,112.11,D,V 22,,,160,Somet,,10,2000-11-09 00:00:00,2015-02-18 00:00:00,,1,5214,5214,99999
29810,112.11,D,V 22,,,160,Somet,,13,2000-07-11 00:00:00,2014-10-15 00:00:00,,2,5209,5209,99999
37382,112.11,D,V 22,,,150,,,10,2002-02-08 00:00:00,2016-08-30 00:00:00,2016-05-10 00:00:00,2,5205,4494,5208
30089,112.11,D,V 22,,,200,China,,3,2000-07-20 00:00:00,2015-02-04 00:00:00,2014-10-13 00:00:00,4,5198,0,5198
31035,112.11,D,V 22,,,160,Somet,,14,2000-09-18 00:00:00,2019-06-11 00:00:00,2014-12-09 00:00:00,2,5195,4455,5198
1005477,112.11,C,PSZ/1,PSZ/1,Údržba,200,Somet,,5,2008-03-13 00:00:00,2022-06-02 00:00:00,,5,5194,5194,99999
33258,112.12,D,V 22,,,300,Somet,,15,2001-01-30 00:00:00,2020-07-02 00:00:00,2015-04-21 00:00:00,3,5194,4052,5194
41187,112.11,D,V 10,PSW-F,Obrábění,150,,,6,2001-01-17 00:00:00,2015-04-07 00:00:00,,4,5193,5193,99999
41373,112.11,C,V 10,PSW-F,Montáž,160,Somet,,5,2000-03-21 00:00:00,2014-06-09 00:00:00,,4,5193,5193,99999
47979,112.12,B,V 10,PSW-T,Sklad,300,Somet,,5,2004-08-10 00:00:00,2018-10-29 00:00:00,2018-10-29 00:00:00,4,5193,3725,5180
1002553,112.12,C,V 10,PSW-F,Montáž,150,,,5,2009-09-22 00:00:00,2023-12-04 00:00:00,,4,5186,5186,99999
38501,112.12,D,V 29,PSW-V,Obrábění,150,Mitutoyo,500,6,2000-11-20 00:00:00,2015-01-26 00:00:00,2015-01-26 00:00:00,4,5180,3683,4639
41736,112.12,D,V 10,PSW-F,Obrábění,200,Mitutoyo,,5,2000-11-08 00:00:00,2015-01-13 00:00:00,,4,5179,5179,99999
305598,112.11,C,V160,PFO-P/21,Údržba,160,Somet,11016551,3,2005-09-22 00:00:00,2019-11-20 00:00:00,,6,5172,5172,99999
1003880,112.11,C,VK30,,,150,KS TOOLS,,5,2010-06-10 00:00:00,2024-08-06 00:00:00,,4,5171,5171,99999
38531,112.12,D,V 10,PSW-F,Obrábění,150,Mitutoyo,500,5,2000-11-20 00:00:00,2015-01-12 00:00:00,,4,5166,5166,99999
301074,112.12,D,VR/PKD/31,PKD/12,Obrábění,150,HHW,,6,2003-01-22 00:00:00,2017-03-13 00:00:00,,3,5164,5164,99999
301046,112.12,B,VR/PKD/33,PKD/3,TK,150,Mitutoyo,,6,2003-01-20 00:00:00,2017-03-09 00:00:00,2017-03-09 00:00:00,3,5162,4011,4917
201538,112.11,C,V160,,,250,Somet,,3,1998-05-13 00:00:00,2012-06-27 00:00:00,,6,5159,5159,99999
41579,112.11,D,V 10,PSW-F,Obrábění,400,,,6,2000-11-28 00:00:00,2015-01-13 00:00:00,,4,5159,5159,99999
45098,112.11,,V 31,,,160,Somet,,5,2000-10-13 00:00:00,2014-11-26 00:00:00,,4,5157,5157,99999
48193,112.12,B,V 29,PSW-T,Sklad,160,Somet,14016458,5,2004-10-07 00:00:00,2018-11-20 00:00:00,,4,5157,5157,99999
48188,112.12,C,V 10,PSW-F,Montáž,160,Somet,14016458,5,2004-10-07 00:00:00,2018-11-19 00:00:00,,4,5156,5156,99999
305497,112.11,C,V 29,PSW-V,Montáž,160,Somet,,5,2005-09-05 00:00:00,2019-10-15 00:00:00,,4,5153,5153,99999
27126,112.12,B,V 22,PKT/1,TK,,Mitutoyo,500,13,2000-02-22 00:00:00,2025-01-17 00:00:00,2014-03-31 00:00:00,2,5151,4399,5148
38722,112.11,D,V 29,PSW-V,Obrábění,200,,,6,2000-10-30 00:00:00,2014-12-05 00:00:00,,4,5149,5149,99999
1002140,112.11,C,V270,PF1-K,Údržba,160,Somet,,4,2009-07-07 00:00:00,2023-08-09 00:00:00,,6,5146,5146,99999
33852,112.11,D,V 22,,,400,Somet,,2,2001-02-15 00:00:00,2015-03-19 00:00:00,,4,5145,5145,99999
37323,112.11,D,V 22,,,160,Somet,,11,2002-01-30 00:00:00,2016-03-02 00:00:00,,2,5145,5145,99999
44978,112.11,,V 31,,,150,,,5,2000-10-26 00:00:00,2014-11-26 00:00:00,,4,5144,5144,99999
45311,112.11,B,V 31,PSW-S,Vedení,300,,,5,2000-10-26 00:00:00,2014-11-26 00:00:00,,4,5144,5144,99999
1003728,112.12,B,V 29,PSW-T,Sklad,300,Somet,,4,2010-05-03 00:00:00,2024-05-31 00:00:00,,4,5142,5142,99999
38508,112.12,C,V 29,PSW-V,Montáž,150,Mitutoyo,500,5,2000-12-14 00:00:00,2015-01-12 00:00:00,,4,5142,5142,99999
45010,112.11,C,V 31,PSW-P,Montáž,150,Somet,,5,2000-06-29 00:00:00,2014-07-24 00:00:00,,4,5138,5138,99999
45204,112.12,C,V 31,PSW-P,Montáž,150,Somet,,5,2003-01-06 00:00:00,2017-01-30 00:00:00,,4,5138,5138,99999
45017,112.11,C,V 31,PSW-P,Montáž,150,Somet,,5,2000-09-27 00:00:00,2014-10-21 00:00:00,,4,5137,5137,99999
203049,112.12,D,V270,,,200,Somet,,5,2001-06-07 00:00:00,2015-06-30 00:00:00,,4,5136,5136,99999
301037,112.12,C,VR/PKD/31,PSU,Údržba,150,Mitutoyo,,6,2003-01-20 00:00:00,2017-02-10 00:00:00,,3,5135,5135,99999
310298,112.11,C,V160,PFO-P/31,Údržba,160,Somet,11016611,3,2008-12-19 00:00:00,2023-01-10 00:00:00,,6,5135,5135,99999
312615,112.12,B,V 29,PSW-T,Sklad,,Vogel,,5,2009-02-23 00:00:00,2023-03-17 00:00:00,,4,5135,5135,99999
31064,112.11,D,V 22,,,160,Somet,,11,2000-09-18 00:00:00,2014-10-08 00:00:00,,2,5133,5133,99999
33241,112.12,D,V 22,,,300,Somet,,14,2001-01-30 00:00:00,2015-02-18 00:00:00,,1,5132,5132,99999
41201,112.11,D,V 10,PSW-F,Obrábění,150,Kinex,,5,1999-09-24 00:00:00,2013-10-11 00:00:00,,4,5131,5131,99999
48182,112.12,B,V 29,PSW-T,TK,160,Somet,,5,2004-10-07 00:00:00,2018-10-22 00:00:00,2018-10-22 00:00:00,4,5128,3666,5114
44477,112.11,B,V 31,PSW-T,Sklad,,Mitutoyo,,6,2000-07-21 00:00:00,2014-07-30 00:00:00,,4,5122,5122,99999
45328,112.11,D,V 31,PSW-P,Obrábění,400,Somet,,5,2000-07-21 00:00:00,2014-07-30 00:00:00,,4,5122,5122,99999
45349,112.11,D,V 31,PSW-P,Obrábění,600,,,5,2000-07-21 00:00:00,2014-07-30 00:00:00,2014-07-30 00:00:00,4,5122,3658,4087
38435,112.11,D,V 29,PSW-V,Obrábění,160,Somet,,5,2001-01-04 00:00:00,2015-01-12 00:00:00,,4,5121,5121,99999
41780,112.12,B,V 10,PSW-S,Vedení,300,Mitutoyo,,6,2000-10-13 00:00:00,2014-10-21 00:00:00,2014-10-21 00:00:00,4,5121,3640,4407
38632,112.11,C,V 29,PSW-V,Montáž,160,Somet,,5,2000-03-21 00:00:00,2014-03-24 00:00:00,,4,5116,5116,99999
41418,112.11,D,V 10,PSW-F,Obrábění,250,Somet,,5,2002-06-28 00:00:00,2016-06-30 00:00:00,2016-06-30 00:00:00,4,5116,3630,5040
1002104,112.12,D,V 29,PSW-P,Obrábění,150,Somet,,5,2009-07-01 00:00:00,2023-06-26 00:00:00,,4,5108,5108,99999
200094,112.12,A,GQF-2,GQF-2,Kvalita,200,Mitutoyo,500,8,2002-09-09 00:00:00,2016-09-01 00:00:00,,2,5106,5106,99999
45335,112.11,D,V 31,PSW-P,Obrábění,,Mitutoyo,,6,2000-09-12 00:00:00,2014-10-22 00:00:00,2014-09-05 00:00:00,4,5106,3625,4125
31046,112.11,D,V 22,,,160,Somet,,10,2000-09-18 00:00:00,2014-09-10 00:00:00,,2,5105,5105,99999
41610,112.11,D,V 29,,,400,,,4,2000-12-14 00:00:00,2014-12-05 00:00:00,,4,5104,5104,99999
38406,112.11,D,V 29,PSW-V,Obrábění,150,Hommel,,5,2002-02-19 00:00:00,2016-02-09 00:00:00,,4,5103,5103,99999
1002864,112.12,A,GQG-2/1,GQG-2,Kvalita,150,Mahr,,8,2009-11-20 00:00:00,2023-11-09 00:00:00,,2,5102,5102,99999
30962,112.12,D,V 22,,,150,Mitutoyo,500,8,2000-09-12 00:00:00,2014-09-01 00:00:00,,2,5102,5102,99999
45195,112.12,D,V 31,PSW-P,Obrábění,150,Somet,,6,2001-10-02 00:00:00,2015-09-21 00:00:00,,4,5102,5102,99999
33293,112.12,D,V 22,,,300,Somet,,5,2001-02-01 00:00:00,2015-01-15 00:00:00,2015-01-15 00:00:00,1,5096,4667,5096
304298,112.12,C,VK20,,,150,Mitutoyo,500,5,2008-11-12 00:00:00,2022-10-25 00:00:00,2022-10-25 00:00:00,4,5095,4390,6334
39632,112.11,D,V 10,PSW-F,Obrábění,400,Sylvac,,5,2001-02-16 00:00:00,2015-01-26 00:00:00,,4,5092,5092,99999
312628,112.11,C,V160,PFO-P/21,Údržba,160,Somet,,2,2009-02-24 00:00:00,2023-02-01 00:00:00,,6,5090,5090,99999
305498,112.11,B,V 10,PSW-T,Sklad,160,Somet,,5,2005-09-05 00:00:00,2019-08-09 00:00:00,,4,5086,5086,99999
312630,112.11,C,V160,PFO-P/31,Údržba,160,Somet,,2,2009-02-24 00:00:00,2023-01-24 00:00:00,,6,5082,5082,99999
15779,112.12,C,M6,,,150,HHW,5015947,12,2000-03-02 00:00:00,2015-11-10 00:00:00,2014-01-29 00:00:00,2,5081,4340,5560
41487,112.11,D,V 10,PSW-F,Obrábění,300,,,5,2004-10-26 00:00:00,2018-09-24 00:00:00,2018-09-24 00:00:00,4,5081,3620,5852
41503,112.11,D,V 10,PSW-F,Obrábění,300,,,6,2000-11-23 00:00:00,2014-10-21 00:00:00,2014-10-21 00:00:00,4,5080,3599,4418
41611,112.11,D,V 29,,,400,,,3,2001-06-01 00:00:00,2015-04-27 00:00:00,,4,5078,5078,99999
41332,112.12,C,V 29,PSW-V,Montáž,160,Somet,,6,2002-08-08 00:00:00,2016-06-30 00:00:00,,4,5075,5075,99999
45274,112.12,D,V 31,PSW-P,Obrábění,200,Somet,,6,2001-09-12 00:00:00,2015-08-04 00:00:00,,4,5074,5074,99999
312626,112.11,C,V160,PFO-P/31,Údržba,160,Somet,,4,2009-02-24 00:00:00,2023-01-13 00:00:00,,6,5071,5071,99999
1003561,112.11,D,V270,,,160,Somet,,3,2010-04-02 00:00:00,2024-02-16 00:00:00,,6,5068,5068,99999
309411,112.11,D,V270,,,160,Somet,11016551,3,2007-07-30 00:00:00,2021-06-11 00:00:00,2021-06-11 00:00:00,6,5065,2605,5036
41609,112.11,D,V 29,PSW-V,Obrábění,400,,,6,2000-12-13 00:00:00,2014-10-22 00:00:00,2014-10-22 00:00:00,4,5061,3565,4416
47978,112.12,D,V 10,PSW-F,Obrábění,300,Somet,,5,2004-08-10 00:00:00,2018-06-19 00:00:00,2018-06-19 00:00:00,4,5061,3607,5048
309407,112.11,C,V160,PFO-P/21,Údržba,160,Somet,11016551,4,2007-07-30 00:00:00,2021-05-31 00:00:00,,6,5054,5054,99999
41358,112.11,C,V 10,PSW-F,Montáž,,Somet,,5,2002-01-31 00:00:00,2015-12-01 00:00:00,,4,5052,5052,99999
30344,112.12,B,V 22,PKT/1,TK,300,Hommel,,14,2000-08-15 00:00:00,2024-01-11 00:00:00,2014-06-11 00:00:00,2,5048,4270,5048
305027,112.11,C,V180,,,160,Somet,,3,2005-04-01 00:00:00,2019-01-23 00:00:00,,6,5045,5045,99999
1004828,112.12,C,V270,PF2-K,Údržba,150,,,4,2010-10-14 00:00:00,2024-07-29 00:00:00,,4,5037,5037,99999
33239,112.12,D,V 22,,,300,Somet,,9,2001-01-30 00:00:00,2014-11-14 00:00:00,2014-11-14 00:00:00,4,5036,3552,5036
41478,112.11,D,V 10,PSW-F,Obrábění,300,,,6,2000-12-15 00:00:00,2014-09-24 00:00:00,,4,5031,5031,99999
203132,112.11,D,V270,,,150,Somet,,4,2003-04-16 00:00:00,2017-01-19 00:00:00,2017-01-19 00:00:00,6,5027,2625,4488
41405,112.11,C,V 10,PSW-F,Montáž,160,Somet,,5,2001-05-29 00:00:00,2015-03-02 00:00:00,,4,5025,5025,99999
42357,112.11,C,V 10,PSW-F,Montáž,160,Somet,,5,2002-09-30 00:00:00,2016-06-30 00:00:00,,4,5022,5022,99999
309417,112.11,C,V270,PF1-K,Svařovna,160,Somet,11016551,3,2007-07-30 00:00:00,2021-04-19 00:00:00,,6,5012,5012,99999
1002545,112.12,D,V 29,PSW-P,Obrábění,150,,,5,2009-09-22 00:00:00,2023-06-12 00:00:00,,4,5011,5011,99999
37858,112.12,D,V 22,,,150,Somet,,9,2002-03-08 00:00:00,2019-06-07 00:00:00,2015-11-26 00:00:00,3,5011,3899,4980
203277,112.11,D,V270,,,160,Somet,,3,1999-12-14 00:00:00,2013-08-26 00:00:00,2013-08-26 00:00:00,6,5004,2726,3237
304934,112.11,C,V180,PFO-P/31,Údržba,150,Somet,,4,1999-08-03 00:00:00,2013-04-10 00:00:00,,6,4999,4999,99999
1006231,112.12,D,V 22,PKG,Obrábění,200,,907,12,2011-05-24 00:00:00,2025-01-17 00:00:00,,1,4987,4987,99999
35487,112.12,D,V 22,,,150,Somet,,13,2001-07-18 00:00:00,2022-02-22 00:00:00,2015-03-13 00:00:00,1,4986,4242,4965
45035,112.11,D,V 31,PSW-P,Obrábění,160,Somet,,5,2001-09-11 00:00:00,2015-04-27 00:00:00,,4,4976,4976,99999
1005755,112.12,A,V 22,GQH-3,Kvalita,150,,,7,2011-02-01 00:00:00,2024-09-13 00:00:00,,2,4973,4973,99999
1006630,112.12,C,V 22,PKT/21,Údržba,200,Mitutoyo,551,4,2011-07-15 00:00:00,2025-02-24 00:00:00,,3,4973,4973,99999
312462,112.12,D,V 10,PSW-F,Obrábění,150,,,5,2009-02-10 00:00:00,2022-09-16 00:00:00,,4,4966,4966,99999
38583,112.12,D,V 29,PSW-V,Obrábění,300,Mitutoyo,551,6,2000-11-22 00:00:00,2014-06-26 00:00:00,,4,4964,4964,99999
303368,112.12,D,V270,,,150,Mahr,,5,2005-05-23 00:00:00,2018-12-17 00:00:00,,4,4956,4956,99999
41404,112.11,D,V 10,PSW-F,Obrábění,160,Somet,,5,2001-09-11 00:00:00,2015-04-07 00:00:00,,4,4956,4956,99999
45166,112.12,,V 31,,,150,Somet,,6,2001-10-02 00:00:00,2015-04-27 00:00:00,,4,4955,4955,99999
310558,112.12,D,V 10,PSW-F,Obrábění,300,Vogel,,5,2008-02-22 00:00:00,2021-09-13 00:00:00,,4,4952,4952,99999
203343,112.11,D,V270,,,150,Somet,,2,1993-11-11 00:00:00,2007-06-01 00:00:00,2007-06-01 00:00:00,6,4950,0,955
41775,112.12,D,V 10,PSW-F,Obrábění,300,Mitutoyo,,6,2000-12-13 00:00:00,2014-06-26 00:00:00,,4,4943,4943,99999
27111,112.12,D,V 22,,,250,Mauser,PAC250BI,6,2000-02-25 00:00:00,2014-02-18 00:00:00,2013-08-22 00:00:00,1,4927,1110,4927
38438,112.11,D,V 29,PSW-V,Obrábění,160,Somet,,5,2000-03-21 00:00:00,2013-09-11 00:00:00,,4,4922,4922,99999
1007642,112.12,B,M6,PKT/1,TK,150,,,8,2011-11-16 00:00:00,2025-05-07 00:00:00,,3,4921,4921,99999
33043,112.11,D,V 22,,,160,Somet,,11,1999-03-24 00:00:00,2012-09-12 00:00:00,,2,4921,4921,99999
304948,112.11,D,V 22,,,130,Mitutoyo,505,4,2002-12-06 00:00:00,2016-05-26 00:00:00,2016-05-26 00:00:00,4,4920,3387,3923
1004597,112.11,C,V270,PF2-K,Údržba,160,Somet,,3,2010-09-06 00:00:00,2024-02-20 00:00:00,,6,4915,4915,99999
34015,112.12,D,V 22,,,200,Mitutoyo,551,8,2001-03-23 00:00:00,2014-09-04 00:00:00,,2,4913,4913,99999
38739,112.11,D,V 10,PSW-F,Obrábění,150,MEBA,,5,2001-01-08 00:00:00,2014-06-20 00:00:00,,4,4911,4911,99999
30342,112.12,B,V 22,PKT/1,TK,300,Hommel,,14,2000-08-15 00:00:00,2025-07-04 00:00:00,2014-01-22 00:00:00,2,4908,4138,4908
203258,112.11,D,V270,,,160,Somet,,4,2001-04-18 00:00:00,2014-09-24 00:00:00,,6,4907,4907,99999
30341,112.12,B,V 22,PKT/1,TK,200,,S225,14,2000-08-15 00:00:00,2025-05-16 00:00:00,2014-01-21 00:00:00,2,4907,4140,4907
1003766,112.11,A,GQG-1,GQG-1,Kvalita,300,,,6,2010-05-14 00:00:00,2023-10-05 00:00:00,,3,4892,4892,99999
41260,112.11,C,V 10,PSW-F,Montáž,150,,,6,2002-02-06 00:00:00,2015-06-29 00:00:00,,4,4891,4891,99999
201603,112.11,D,V270,,,160,Somet,,5,2001-04-18 00:00:00,2014-09-02 00:00:00,2014-09-02 00:00:00,6,4885,3254,3779
308859,112.12,D,V270,,,150,Mahr,4102403,4,2007-03-27 00:00:00,2020-08-10 00:00:00,,4,4885,4885,99999
203349,112.11,D,V270,,,150,Somet,,3,2000-02-04 00:00:00,2013-06-13 00:00:00,2013-06-13 00:00:00,6,4878,2502,3159
1002129,112.11,C,V270,PF1-K,Údržba,160,Somet,,4,2009-07-07 00:00:00,2022-11-08 00:00:00,,6,4872,4872,99999
41091,112.11,D,V 29,PSW-V,Obrábění,160,Somet,,5,2001-09-11 00:00:00,2015-01-12 00:00:00,,4,4871,4871,99999
301974,112.11,D,V 22,,,200,China,,2,1992-04-23 00:00:00,2005-08-19 00:00:00,,4,4866,4866,99999
301977,112.11,D,V 22,,,200,China,,2,1992-04-23 00:00:00,2005-08-19 00:00:00,,4,4866,4866,99999
301978,112.11,D,V 22,,,200,China,,2,1992-04-23 00:00:00,2005-08-19 00:00:00,,4,4866,4866,99999
301979,112.11,D,V 22,,,200,China,,2,1992-04-23 00:00:00,2005-08-19 00:00:00,,4,4866,4866,99999
309412,112.11,C,V270,PF2-K,Údržba,160,Somet,11016551,3,2007-07-30 00:00:00,2020-11-24 00:00:00,,6,4866,4866,99999
29931,112.11,D,V 22,,,300,Shan,,4,2000-07-17 00:00:00,2019-07-03 00:00:00,2013-11-11 00:00:00,4,4865,0,4865
1005975,112.11,C,V 22,PKP,Montáž,160,,11016551,7,2011-04-15 00:00:00,2024-08-08 00:00:00,,3,4864,4864,99999
203001,112.12,D,V270,,,150,Somet,,5,2003-11-20 00:00:00,2017-03-15 00:00:00,,4,4864,4864,99999
202305,112.11,C,V160,,,150,Somet,,4,1999-10-18 00:00:00,2013-02-08 00:00:00,2013-02-08 00:00:00,6,4862,2606,3129
38743,112.11,D,V 29,PSW-V,Obrábění,150,Somet,,5,2001-01-04 00:00:00,2014-04-23 00:00:00,,4,4857,4857,99999
41739,112.12,D,V 10,PSW-F,Obrábění,200,Mitutoyo,,6,2002-01-11 00:00:00,2015-04-30 00:00:00,2015-04-30 00:00:00,4,4857,3363,4599
1003731,112.12,B,V 29,PSW-T,Sklad,200,Somet,,5,2010-05-03 00:00:00,2023-08-18 00:00:00,2023-08-18 00:00:00,4,4855,3388,4845
1003733,112.12,C,V 10,PSW-F,Montáž,200,Somet,,5,2010-05-03 00:00:00,2023-08-18 00:00:00,,4,4855,4855,99999
310369,112.12,D,V270,,,150,,14015459,4,2008-02-04 00:00:00,2021-05-19 00:00:00,,2,4853,4853,99999
38688,112.11,D,V 29,,,150,,,5,2001-03-15 00:00:00,2014-06-26 00:00:00,,4,4851,4851,99999
45236,112.12,D,V 31,PSW-P,Obrábění,150,Mitutoyo,500,6,2002-01-18 00:00:00,2015-04-30 00:00:00,,4,4850,4850,99999
1007369,112.11,B,V 22,PKT,Vedení,160,Somet,11016611,4,2011-10-13 00:00:00,2025-01-20 00:00:00,,4,4848,4848,99999
203282,112.11,D,V270,,,160,Somet,,3,1999-12-14 00:00:00,2013-03-21 00:00:00,2013-03-21 00:00:00,6,4846,2551,3079
308854,112.12,D,V270,,,150,Mahr,4102403,5,2007-03-27 00:00:00,2020-07-01 00:00:00,2020-07-01 00:00:00,2,4845,4640,4831
45239,112.12,D,V 31,PSW-P,Obrábění,150,Mitutoyo,500,6,2002-01-23 00:00:00,2015-04-30 00:00:00,,4,4845,4845,99999
1008532,112.12,B,VR/PKD/33,PKD/3,TK,200,MITAKO,907,11,2012-03-14 00:00:00,2025-06-09 00:00:00,,2,4835,4835,99999
305207,112.11,D,V 22,,,180,Mitutoyo,505,5,2001-11-23 00:00:00,2015-02-17 00:00:00,,4,4834,4834,99999
45006,112.11,D,V 31,PSW-P,Obrábění,150,Somet,,5,2001-06-11 00:00:00,2014-09-05 00:00:00,,4,4834,4834,99999
307668,112.11,C,PSZ/1,PSZ/1,Údržba,1500,Mitutoyo,160,4,2005-09-19 00:00:00,2018-12-04 00:00:00,2018-12-04 00:00:00,5,4824,2983,4487
1003622,112.12,D,V 22,,,150,Mitutoyo,500,5,2010-04-14 00:00:00,2023-06-26 00:00:00,2023-06-26 00:00:00,4,4821,3332,4806
33310,112.12,C,V 22,PKT/21,Údržba,300,Somet,,11,2001-02-01 00:00:00,2023-06-12 00:00:00,2014-04-15 00:00:00,2,4821,4051,4821
312044,112.11,D,V 10,PSW-F,Obrábění,750,,,5,2009-01-30 00:00:00,2022-04-07 00:00:00,,4,4815,4815,99999
310366,112.12,D,V270,,,150,,14015459,4,2008-02-04 00:00:00,2021-04-09 00:00:00,2021-04-09 00:00:00,4,4813,3192,4809
38536,112.12,D,V 29,PSW-V,Obrábění,150,Mitutoyo,500,5,2001-11-08 00:00:00,2015-01-12 00:00:00,2015-01-12 00:00:00,4,4813,3330,4625
311262,112.12,B,V160,PFS-K/1,Vedení,150,,,4,2008-07-10 00:00:00,2021-09-06 00:00:00,,4,4806,4806,99999
1003672,112.12,C,V 29,PSW-V,Montáž,150,,,5,2010-04-22 00:00:00,2023-06-12 00:00:00,,4,4799,4799,99999
41458,112.11,C,V 10,PSW-F,Montáž,300,,,5,2002-03-12 00:00:00,2015-04-30 00:00:00,,4,4797,4797,99999
310294,112.11,C,V160,PFO-P/21,Údržba,160,Somet,11016611,3,2007-12-19 00:00:00,2021-02-03 00:00:00,,6,4795,4795,99999
28203,112.11,D,V 22,,,150,Somet,,12,2000-01-19 00:00:00,2013-03-05 00:00:00,,2,4794,4794,99999
41262,112.11,C,V 10,PSW-F,Montáž,150,,,5,2001-01-03 00:00:00,2014-02-18 00:00:00,,4,4794,4794,99999
1004813,112.11,B,V 29,PSW-T,Sklad,160,,,5,2010-09-24 00:00:00,2023-11-08 00:00:00,,4,4793,4793,99999
1004602,112.11,C,V270,PF1-K,Údržba,160,Somet,,3,2010-09-06 00:00:00,2023-10-19 00:00:00,,6,4791,4791,99999
203280,112.11,D,V270,,,160,Somet,,3,1999-12-14 00:00:00,2013-01-25 00:00:00,2013-01-25 00:00:00,6,4791,2505,3024
203368,112.11,C,V270,PF1-K,Údržba,150,Somet,,2,1993-09-13 00:00:00,2006-10-25 00:00:00,2006-10-25 00:00:00,6,4790,0,736
41211,112.11,D,V 10,PSW-F,Obrábění,150,Kinex,,5,1999-09-20 00:00:00,2012-10-30 00:00:00,2012-10-30 00:00:00,4,4789,3311,3709
202292,112.11,C,V160,,,150,Somet,,4,1999-12-20 00:00:00,2013-01-21 00:00:00,,6,4781,4781,99999
310749,112.11,C,V160,,,160,Somet,11016551,3,2008-03-25 00:00:00,2021-04-27 00:00:00,2021-04-27 00:00:00,6,4781,2561,4771
1005793,112.11,C,V160,PFO-P/21,Údržba,160,,,3,2011-02-02 00:00:00,2024-03-04 00:00:00,,6,4779,4779,99999
305963,112.12,C,VK20,,,150,Mitutoyo,500,4,2005-11-04 00:00:00,2018-12-03 00:00:00,,4,4777,4777,99999
309893,112.11,B,V 10,PSW-T,Sklad,160,Somet,11015611,5,2007-11-08 00:00:00,2020-11-27 00:00:00,,4,4768,4768,99999
200526,112.12,B,VA30,PFS-K/4,Sklad,150,Mitutoyo,,5,2001-03-26 00:00:00,2014-04-14 00:00:00,2014-04-14 00:00:00,5,4767,2949,3280
310752,112.11,C,V160,PFO-P/21,Údržba,160,,11016551,3,2008-03-25 00:00:00,2021-04-12 00:00:00,,6,4766,4766,99999
38675,112.11,C,V 29,PSW-V,Montáž,150,,,5,2001-10-04 00:00:00,2014-10-22 00:00:00,,4,4766,4766,99999
203201,112.11,D,V270,,,160,Somet,,4,2001-04-18 00:00:00,2014-04-30 00:00:00,,6,4760,4760,99999
305478,112.12,C,M6,,,160,Somet,14016458,5,2005-09-16 00:00:00,2018-10-25 00:00:00,2018-09-26 00:00:00,1,4758,1841,4745
1004620,112.12,D,V 10,PSW-F,Obrábění,200,Somet,,5,2010-08-31 00:00:00,2023-09-05 00:00:00,2023-09-05 00:00:00,4,4753,3268,4744
38691,112.11,B,V 29,PSW-S,Vedení,150,Somet,,5,2000-11-29 00:00:00,2013-12-04 00:00:00,,4,4753,4753,99999
305392,112.11,D,V 22,,,200,,,4,2003-02-14 00:00:00,2016-02-17 00:00:00,,4,4751,4751,99999
1002057,112.11,C,V160,PFO-P/31,Údržba,160,Somet,,3,2009-05-28 00:00:00,2022-05-30 00:00:00,,6,4750,4750,99999
35351,112.11,D,V 22,,,160,Somet,,11,2001-07-19 00:00:00,2014-07-18 00:00:00,,2,4747,4747,99999
1004600,112.11,C,V270,PF1-K,Svařovna,160,Somet,,3,2010-09-06 00:00:00,2023-09-04 00:00:00,,6,4746,4746,99999
202992,112.12,C,V270,PF1-K,Svařovna,150,MEBA,,4,2001-06-20 00:00:00,2014-06-16 00:00:00,,4,4744,4744,99999
48264,112.12,D,V 29,PSW-V,Obrábění,200,Somet,,4,2004-11-26 00:00:00,2017-11-22 00:00:00,,4,4744,4744,99999
1003952,112.12,A,GQF-3,GQF-3,Kvalita,150,TESA,,5,2010-06-10 00:00:00,2023-06-05 00:00:00,,4,4743,4743,99999
31071,112.11,D,V 22,,,160,Somet,,8,2000-09-18 00:00:00,2013-09-10 00:00:00,,4,4740,4740,99999
44973,112.11,C,V 31,PSW-P,Montáž,150,,,5,2002-10-01 00:00:00,2015-09-21 00:00:00,,4,4738,4738,99999
202297,112.11,C,V160,,,150,Somet,,4,2004-01-21 00:00:00,2017-01-09 00:00:00,,6,4737,4737,99999
45206,112.12,D,V 31,PSW-P,Obrábění,150,Mitutoyo,,5,2000-07-28 00:00:00,2013-07-16 00:00:00,,4,4736,4736,99999
1005728,112.12,B,PSW-T,PSW-T,TK,200,,,6,2011-02-11 00:00:00,2024-01-29 00:00:00,,3,4735,4735,99999
1005794,112.11,C,V160,PFO-P/31,Údržba,160,,,3,2011-02-02 00:00:00,2024-01-16 00:00:00,,6,4731,4731,99999
310748,112.11,C,V160,PFO-P/21,Údržba,160,,11016551,3,2008-03-25 00:00:00,2021-03-08 00:00:00,,6,4731,4731,99999
1003566,112.11,C,V270,PF2-K,Údržba,160,Somet,,7,2010-04-02 00:00:00,2023-03-31 00:00:00,2023-03-13 00:00:00,6,4728,2443,4715
201071,112.11,C,V160,PFO-P/31,Údržba,150,Somet,,4,2004-02-03 00:00:00,2017-01-13 00:00:00,,6,4728,4728,99999
203336,112.11,D,V270,,,150,Somet,,3,2000-02-04 00:00:00,2013-01-11 00:00:00,2013-01-11 00:00:00,6,4725,2464,3006
1004806,112.12,D,V 29,PSW-P,Obrábění,300,,,5,2010-09-27 00:00:00,2023-08-31 00:00:00,,4,4721,4721,99999
16119,112.11,D,V 22,,,250,Somet,,6,2002-03-05 00:00:00,2015-02-05 00:00:00,,2,4720,4720,99999
38469,112.11,C,V 10,PSW-F,Montáž,200,,,5,2000-11-10 00:00:00,2013-10-11 00:00:00,,4,4718,4718,99999
1002828,112.12,C,V160,,,150,,,3,2009-10-23 00:00:00,2022-09-22 00:00:00,2022-09-22 00:00:00,4,4717,2854,4697
42185,112.12,B,V 31,PSW-T,Sklad,160,Somet,,6,2002-10-01 00:00:00,2015-08-31 00:00:00,,4,4717,4717,99999
1004807,112.11,C,V 10,PSW-F,Montáž,160,,,5,2010-09-24 00:00:00,2023-08-17 00:00:00,,4,4710,4710,99999
1004809,112.11,C,V 10,PSW-F,Montáž,160,,,5,2010-09-24 00:00:00,2023-08-15 00:00:00,,4,4708,4708,99999
43210,112.11,C,V 10,PSW-F,Montáž,160,Somet,,5,2002-09-23 00:00:00,2015-08-10 00:00:00,,4,4704,4704,99999
203068,112.11,D,V270,,,200,Somet,,3,1998-05-20 00:00:00,2011-04-01 00:00:00,,6,4699,4699,99999
200529,112.11,C,VA30,PF1-M,Údržba,150,Sylvac,,5,2001-07-10 00:00:00,2014-05-21 00:00:00,2014-05-21 00:00:00,5,4698,2863,3502
311683,112.12,C,V160,,,150,,,4,2008-10-09 00:00:00,2021-08-20 00:00:00,2021-08-20 00:00:00,4,4698,3233,4686
45278,112.12,D,V 31,PSW-P,Obrábění,200,Somet,,7,2001-09-12 00:00:00,2014-07-24 00:00:00,,4,4698,4698,99999
203174,112.11,D,V270,,,160,Somet,,2,1998-06-09 00:00:00,2011-04-18 00:00:00,,6,4696,4696,99999
203196,112.11,D,V270,,,160,Somet,,3,2001-04-18 00:00:00,2014-02-25 00:00:00,,6,4696,4696,99999
1007127,112.12,C,VK20,,,150,FACOM,,5,2011-09-29 00:00:00,2024-08-05 00:00:00,,4,4694,4694,99999
309415,112.11,D,V270,,,160,Somet,11016551,3,2007-07-30 00:00:00,2020-06-01 00:00:00,,2,4690,4690,99999
203197,112.11,D,V270,,,160,Somet,,3,2001-04-18 00:00:00,2014-02-14 00:00:00,2014-02-14 00:00:00,6,4685,2471,3413
1004616,112.12,B,V 29,PSW-T,Sklad,150,,,5,2010-08-31 00:00:00,2023-06-26 00:00:00,,4,4682,4682,99999
304817,112.11,C,V180,,,250,Somet,,4,2004-03-24 00:00:00,2017-01-17 00:00:00,2017-01-17 00:00:00,6,4682,2423,4165
33996,112.12,C,M6,,,150,Somet,,24,2001-03-23 00:00:00,2025-01-27 00:00:00,2014-01-14 00:00:00,1,4680,4319,4681
41398,112.11,D,V 31,PSW-P,Obrábění,160,Somet,,5,2001-09-11 00:00:00,2014-07-02 00:00:00,,4,4677,4677,99999
203372,112.11,D,V270,,,150,Somet,,2,1994-07-16 00:00:00,2007-05-04 00:00:00,,6,4675,4675,99999
48187,112.12,C,V 10,PSW-F,Montáž,160,Somet,14016458,5,2004-10-07 00:00:00,2017-07-24 00:00:00,2017-07-24 00:00:00,4,4673,3191,4659
203333,112.11,D,V270,,,150,,,2,1994-03-04 00:00:00,2006-12-11 00:00:00,2006-12-11 00:00:00,6,4665,0,783
309395,112.11,C,V160,PFO-P/21,Údržba,160,Somet,11016551,3,2007-07-30 00:00:00,2020-05-05 00:00:00,,6,4663,4663,99999
310707,112.12,D,V 22,,,150,Mitutoyo,573,3,2008-03-12 00:00:00,2020-12-15 00:00:00,,1,4661,4661,99999
1004811,112.11,C,V 29,PSW-V,Montáž,160,,,5,2010-09-24 00:00:00,2023-06-26 00:00:00,,4,4658,4658,99999
33042,112.11,D,V 22,,,160,Somet,,11,1999-03-24 00:00:00,2011-12-21 00:00:00,,2,4655,4655,99999
202267,112.11,C,V160,,,150,Somet,,4,2002-07-18 00:00:00,2015-04-15 00:00:00,,6,4654,4654,99999
1004814,112.11,C,V 10,PSW-F,Montáž,160,,,5,2010-09-24 00:00:00,2023-06-20 00:00:00,,4,4652,4652,99999
1003021,112.12,A,V 22,GQH-3,Kvalita,150,Mitutoyo,500,4,2009-12-15 00:00:00,2022-09-06 00:00:00,,4,4648,4648,99999
309568,112.12,A,GQD-2,GQD,Kvalita,160,Somet,14016459,5,2007-09-04 00:00:00,2020-05-26 00:00:00,2020-05-26 00:00:00,3,4648,3436,4626
41241,112.11,C,V 10,PSW-F,Montáž,150,Mitutoyo,530,5,1999-09-16 00:00:00,2012-06-05 00:00:00,2012-06-05 00:00:00,4,4646,3189,3561
1011289,112.12,D,V 29,PSW-P,Obrábění,150,Filletta,,4,2012-04-24 00:00:00,2025-01-10 00:00:00,,4,4644,4644,99999
42387,112.11,D,V 31,PSW-P,Obrábění,160,Somet,,5,2002-09-30 00:00:00,2015-06-16 00:00:00,,4,4642,4642,99999
33313,112.12,D,V 22,,,300,Somet,,7,2001-02-01 00:00:00,2013-10-17 00:00:00,2013-10-17 00:00:00,1,4641,4143,4641
1009170,112.12,A,VR/GQH,GQH-2,Kvalita,150,Mitutoyo,500,8,2012-01-11 00:00:00,2024-09-23 00:00:00,,3,4639,4639,99999
1009173,112.12,A,VR/GQH,GQH-2,Kvalita,200,Mitutoyo,500,8,2012-01-11 00:00:00,2024-09-23 00:00:00,,3,4639,4639,99999
1009846,112.12,D,VR/PKD/31,,,150,,,7,2011-12-13 00:00:00,2024-08-21 00:00:00,,3,4635,4635,99999
45299,112.12,D,V 31,PSW-P,Obrábění,300,Mitutoyo,550,5,2002-10-11 00:00:00,2015-06-16 00:00:00,,4,4631,4631,99999
1003250,112.12,C,VK20,,,150,Vigor,V1713,4,2010-02-12 00:00:00,2022-10-17 00:00:00,2022-10-17 00:00:00,4,4630,3084,4631
31466,112.12,B,V 22,PKT/1,TK,300,Mitutoyo,500,12,2000-10-09 00:00:00,2024-05-07 00:00:00,2013-06-12 00:00:00,2,4629,3829,4629
302914,112.12,D,V 22,,,160,Somet,,11,2005-03-31 00:00:00,2017-12-01 00:00:00,,3,4628,4628,99999
305576,112.12,D,V 29,PSW-V,Obrábění,160,Somet,14016458,4,2005-09-27 00:00:00,2018-05-24 00:00:00,2018-05-24 00:00:00,4,4622,3163,4607
1004595,112.11,B,V270,PFS-K/1,Vedení,160,Somet,,3,2010-09-06 00:00:00,2023-05-02 00:00:00,,6,4621,4621,99999
1009726,112.12,B,M6,PKP,Vedení,150,MITAKO,907,7,2012-06-13 00:00:00,2025-02-05 00:00:00,,2,4620,4620,99999
1004816,112.11,D,V 29,PSW-V,Obrábění,160,,,5,2010-09-24 00:00:00,2023-05-17 00:00:00,2023-05-17 00:00:00,4,4618,3150,4594
311552,112.12,A,GQG-1,GQG-1,Kvalita,200,Stanley,,7,2008-10-01 00:00:00,2024-09-18 00:00:00,2021-05-21 00:00:00,3,4615,3066,4616
311555,112.11,A,GQG-1,GQG-1,Kvalita,160,Somet,,4,2008-10-01 00:00:00,2021-05-21 00:00:00,,3,4615,4615,99999
312631,112.11,C,V160,PFO-P/21,Údržba,160,Somet,,2,2009-02-24 00:00:00,2021-10-13 00:00:00,,6,4614,4614,99999
1002376,112.11,C,V 22,PKG,Údržba,160,Somet,,6,2009-08-24 00:00:00,2022-04-11 00:00:00,,4,4613,4613,99999
1003413,112.11,C,VK20,,,150,KS TOOLS,,4,2010-03-04 00:00:00,2022-10-20 00:00:00,,4,4613,4613,99999
1003416,112.11,C,VK20,,,150,KS TOOLS,,4,2010-03-05 00:00:00,2022-10-20 00:00:00,,4,4612,4612,99999
44979,112.11,,V 31,,,150,Somet,,6,2002-11-12 00:00:00,2015-06-29 00:00:00,,4,4612,4612,99999
1002144,112.11,C,V270,PF1-K,Údržba,160,Somet,,4,2009-07-07 00:00:00,2022-02-18 00:00:00,,6,4609,4609,99999
305730,112.12,C,V160,,,150,Somet,,4,2005-10-25 00:00:00,2018-06-08 00:00:00,2018-06-08 00:00:00,4,4609,2953,4614
1002946,112.12,C,VK30,,,150,Kinex,500,4,2009-12-07 00:00:00,2022-07-18 00:00:00,,4,4606,4606,99999
203377,112.12,D,V270,,,150,Mitutoyo,500,4,2002-06-21 00:00:00,2015-01-30 00:00:00,2015-01-30 00:00:00,4,4606,3056,3755
309377,112.11,D,V270,,,160,Somet,11016551,3,2007-07-31 00:00:00,2020-03-10 00:00:00,2020-03-10 00:00:00,6,4606,2352,4579
46260,112.12,D,V 22,,,160,Somet,,7,2003-09-29 00:00:00,2016-05-03 00:00:00,2016-05-03 00:00:00,2,4600,3845,4596
307572,112.12,C,PSZ/1,PSZ/1,Údržba,150,Mitutoyo,,5,2005-06-02 00:00:00,2018-01-04 00:00:00,2018-01-04 00:00:00,3,4599,3421,4181
1008753,112.12,C,V270,PF1-K,Údržba,200,Insize,,3,2012-03-14 00:00:00,2024-10-14 00:00:00,,4,4597,4597,99999
1008944,112.12,D,V 29,PSW-P,Obrábění,150,,,4,2012-03-22 00:00:00,2024-10-21 00:00:00,,4,4596,4596,99999
1009161,112.12,A,VR/GQH,GQH-2,Kvalita,150,Mitutoyo,500,7,2012-01-11 00:00:00,2024-08-08 00:00:00,,3,4593,4593,99999
1009163,112.12,A,VR/GQH,GQH-2,Kvalita,150,Mitutoyo,500,8,2012-01-11 00:00:00,2024-08-08 00:00:00,,3,4593,4593,99999
1009167,112.12,A,VR/GQH,GQH-2,Kvalita,150,Mitutoyo,500,7,2012-01-11 00:00:00,2024-08-08 00:00:00,,3,4593,4593,99999
1009169,112.12,A,VR/GQH,GQH-2,Kvalita,150,Mitutoyo,500,7,2012-01-11 00:00:00,2024-08-08 00:00:00,,3,4593,4593,99999
1009171,112.12,A,VR/GQH,GQH-2,Kvalita,150,Mitutoyo,500,7,2012-01-11 00:00:00,2024-08-08 00:00:00,,3,4593,4593,99999
1009172,112.12,A,VR/GQH,GQH-2,Kvalita,200,Mitutoyo,500,7,2012-01-11 00:00:00,2024-08-08 00:00:00,,3,4593,4593,99999
1002766,112.11,C,V 22,PKG,Údržba,160,,,6,2009-10-22 00:00:00,2022-05-19 00:00:00,,4,4592,4592,99999
30245,112.12,D,V 22,,,300,,,7,2000-08-02 00:00:00,2013-02-27 00:00:00,2013-02-27 00:00:00,2,4592,3837,4592
308850,112.12,D,V270,,,150,Mahr,4102403,4,2007-03-27 00:00:00,2019-10-22 00:00:00,,4,4592,4592,99999
45987,112.12,D,V 31,PSW-P,Obrábění,160,Somet,,5,2003-08-12 00:00:00,2016-03-07 00:00:00,,4,4591,4591,99999
1004815,112.11,C,V 29,PSW-V,Montáž,160,,,5,2010-09-24 00:00:00,2023-04-18 00:00:00,2023-04-18 00:00:00,4,4589,3122,4565
305171,112.12,B,PFS-K,,,200,Mitutoyo,,4,2005-09-19 00:00:00,2018-04-10 00:00:00,,4,4586,4586,99999
305174,112.12,B,PFS-K,,,200,Mitutoyo,,4,2005-09-19 00:00:00,2018-04-10 00:00:00,,4,4586,4586,99999
309404,112.11,C,V270,PF1-K,Údržba,160,Somet,11016551,3,2007-07-30 00:00:00,2020-02-18 00:00:00,,6,4586,4586,99999
1003369,112.12,A,V 22,GQH-3,Kvalita,300,Somet,,4,2010-02-16 00:00:00,2022-09-06 00:00:00,,4,4585,4585,99999
1008238,112.11,C,V160,PFO-P/31,Údržba,160,,,3,2012-02-07 00:00:00,2024-08-23 00:00:00,,6,4581,4581,99999
203285,112.11,D,V270,,,160,Somet,,3,1999-12-14 00:00:00,2012-06-29 00:00:00,2012-06-29 00:00:00,6,4581,2507,2814
1003875,112.11,C,VK30,,,150,KS TOOLS,,4,2010-06-09 00:00:00,2022-12-22 00:00:00,,4,4579,4579,99999
308801,112.11,C,V270,PF2-K,Údržba,160,Somet,11016511,4,2007-03-07 00:00:00,2019-09-19 00:00:00,,6,4579,4579,99999
201009,112.12,D,V270,,,160,Somet,,4,2004-04-06 00:00:00,2016-10-18 00:00:00,,4,4578,4578,99999
201017,112.12,D,V270,,,160,Somet,,4,2004-04-06 00:00:00,2016-10-18 00:00:00,2016-10-18 00:00:00,4,4578,3088,4578
304355,112.11,C,VK20,,,150,Somet,,4,2008-11-10 00:00:00,2021-05-21 00:00:00,,4,4575,4575,99999
303746,112.11,D,V 22,,,300,,,5,2002-09-10 00:00:00,2015-06-03 00:00:00,2015-03-20 00:00:00,4,4574,2914,3559
1001923,112.11,C,V 22,PKT/4,Údržba,160,,,4,2009-05-13 00:00:00,2021-11-18 00:00:00,,4,4572,4572,99999
306267,112.11,C,V180,,,150,Somet,,3,1999-11-24 00:00:00,2012-05-31 00:00:00,2012-05-31 00:00:00,6,4572,2207,2369
1003932,112.11,C,VK20,,,150,,,4,2010-06-17 00:00:00,2022-12-22 00:00:00,,4,4571,4571,99999
1004607,112.11,D,V270,,,160,Somet,,3,2010-09-06 00:00:00,2023-03-13 00:00:00,2023-03-13 00:00:00,6,4571,2061,4568
1003937,112.11,C,VK20,,,150,,,4,2010-06-18 00:00:00,2022-12-22 00:00:00,,4,4570,4570,99999
39012,112.11,C,M6,,,160,Somet,,5,2002-05-29 00:00:00,2014-12-02 00:00:00,,2,4570,4570,99999
1002842,112.12,D,V270,,,150,,,4,2009-10-23 00:00:00,2022-04-27 00:00:00,2022-04-27 00:00:00,4,4569,3038,4548
1002849,112.12,D,V270,,,150,,,4,2009-10-23 00:00:00,2022-04-27 00:00:00,2022-04-27 00:00:00,4,4569,3086,4548
1003150,112.12,C,V 10,PSW-F,Montáž,300,,,7,2010-01-14 00:00:00,2024-12-12 00:00:00,2022-07-19 00:00:00,4,4569,3119,4555
1004631,112.12,C,V 22,PKT/4,Údržba,150,,907,4,2010-08-25 00:00:00,2023-02-27 00:00:00,,4,4569,4569,99999
305553,112.11,D,V 22,,,125,Somet,,4,2002-11-22 00:00:00,2015-05-26 00:00:00,,4,4568,4568,99999
1011285,112.12,D,V 29,PSW-V,Obrábění,150,Somet,,4,2012-07-10 00:00:00,2025-01-10 00:00:00,,4,4567,4567,99999
29838,112.12,D,V 22,,,150,Mitutoyo,500,17,2000-07-11 00:00:00,2017-01-25 00:00:00,2013-01-11 00:00:00,3,4567,4172,4567
302000,112.11,D,V 22,,,630,Somet,,5,2002-03-08 00:00:00,2014-09-08 00:00:00,,4,4567,4567,99999
310747,112.11,C,V160,PFO-P/31,Údržba,160,,11016551,3,2008-03-25 00:00:00,2020-09-25 00:00:00,,6,4567,4567,99999
311991,112.11,D,V 22,,,160,Somet,,5,2008-12-01 00:00:00,2021-08-10 00:00:00,2021-06-02 00:00:00,1,4566,3063,4556
38648,112.11,D,V 29,PSW-V,Obrábění,250,Somet,,7,2001-04-10 00:00:00,2017-12-11 00:00:00,2013-10-09 00:00:00,4,4565,3075,4160
1004053,112.12,C,V 22,PKT/4,Údržba,150,,1112-150,4,2010-07-08 00:00:00,2023-01-04 00:00:00,,4,4563,4563,99999
309386,112.11,B,V270,PF2/1,Provozní laboratoř,160,Somet,11016551,3,2007-07-31 00:00:00,2020-01-27 00:00:00,,6,4563,4563,99999
1011985,112.12,D,V270,,,150,,,4,2013-01-23 00:00:00,2025-07-21 00:00:00,,2,4562,4562,99999
305024,112.11,C,V180,,,160,Somet,,3,2005-04-01 00:00:00,2017-09-26 00:00:00,,6,4561,4561,99999
309405,112.11,C,V270,PF1-K,Údržba,160,Somet,11016551,4,2007-07-30 00:00:00,2020-01-24 00:00:00,,6,4561,4561,99999
1012297,112.12,C,V 22,PKT/4,Údržba,200,Mitutoyo,500,4,2013-02-13 00:00:00,2025-08-08 00:00:00,,4,4559,4559,99999
308789,112.11,C,V270,PF2-K,Svařovna,160,Somet,11016511,3,2007-03-07 00:00:00,2019-08-28 00:00:00,,6,4557,4557,99999
308795,112.11,D,V270,,,160,Somet,11016511,3,2007-03-07 00:00:00,2019-08-28 00:00:00,,6,4557,4557,99999
1005991,112.11,A,GQG-1,GQG-1,Kvalita,150,Würth,,5,2011-04-19 00:00:00,2023-10-05 00:00:00,,3,4552,4552,99999
1001722,112.12,D,V270,,,150,,,4,2009-04-14 00:00:00,2021-09-29 00:00:00,2021-09-29 00:00:00,4,4551,3046,4542
1006348,112.12,A,GQH-1/1,GQH-1,Kvalita,150,Mitutoyo,500,6,2011-06-16 00:00:00,2023-11-30 00:00:00,,3,4550,4550,99999
203167,112.11,D,V270,,,150,Somet,,3,2003-01-22 00:00:00,2015-07-08 00:00:00,,6,4550,4550,99999
1007940,112.12,D,V 22,PKH,Obrábění,150,Somet,907,5,2012-01-06 00:00:00,2024-06-17 00:00:00,,3,4546,4546,99999
44899,112.11,D,V 31,PSW-P,Obrábění,150,Somet,,5,2003-02-03 00:00:00,2015-07-16 00:00:00,,4,4546,4546,99999
37008,112.11,D,V 22,,,300,Somet,,5,1998-05-18 00:00:00,2011-04-27 00:00:00,2010-10-25 00:00:00,4,4543,3024,3240
41442,112.11,D,V 10,PSW-F,Obrábění,300,VIS,,5,2000-10-11 00:00:00,2013-03-20 00:00:00,,4,4543,4543,99999
45990,112.12,B,V 10,PSW-T,Sklad,160,Somet,,6,2003-08-12 00:00:00,2016-01-19 00:00:00,,4,4543,4543,99999
202462,112.12,C,V160,,,150,Mitutoyo,500,4,2002-06-19 00:00:00,2014-11-25 00:00:00,2014-11-25 00:00:00,4,4542,3066,3773
44898,112.11,D,V 31,PSW-P,Obrábění,150,Somet,,5,2003-02-10 00:00:00,2015-07-16 00:00:00,,4,4539,4539,99999
1009164,112.12,A,VR/GQH,GQH-2,Kvalita,150,Mitutoyo,500,8,2012-01-11 00:00:00,2024-06-14 00:00:00,,3,4538,4538,99999
202586,112.11,D,V270,,,160,Somet,,3,2001-04-18 00:00:00,2013-09-20 00:00:00,2013-09-20 00:00:00,6,4538,2252,3340
1009162,112.12,A,VR/GQH,GQH-2,Kvalita,150,Mitutoyo,500,8,2012-01-11 00:00:00,2024-06-13 00:00:00,,3,4537,4537,99999
1009168,112.12,A,VR/GQH,GQH-2,Kvalita,150,Mitutoyo,500,8,2012-01-11 00:00:00,2024-06-13 00:00:00,,3,4537,4537,99999
45029,112.11,,V 31,,,150,Somet,,5,2001-03-21 00:00:00,2013-08-21 00:00:00,,4,4536,4536,99999
308312,112.12,D,V 22,,,160,Somet,14016459,4,2007-01-10 00:00:00,2019-06-11 00:00:00,,4,4535,4535,99999
1003153,112.12,D,V 10,PSW-F,Obrábění,300,,,5,2010-01-14 00:00:00,2022-08-30 00:00:00,2022-06-14 00:00:00,4,4534,2931,4520
203283,112.11,D,V270,,,160,Somet,,3,1999-12-14 00:00:00,2012-05-10 00:00:00,,6,4531,4531,99999
1006651,112.12,C,V 10,PSW-F,Montáž,150,Filletta,,4,2011-06-28 00:00:00,2023-11-22 00:00:00,,4,4530,4530,99999
201036,112.11,C,V160,,,150,Somet,,3,2000-04-11 00:00:00,2012-09-04 00:00:00,2012-09-04 00:00:00,6,4529,2246,3071
203232,112.11,D,V270,,,160,Somet,,3,2001-04-18 00:00:00,2013-09-11 00:00:00,2013-09-11 00:00:00,6,4529,2312,3254
1009849,112.12,C,VR/PKD/31,PKD/3,Údržba,150,,,8,2011-12-13 00:00:00,2024-05-06 00:00:00,,5,4528,4528,99999
41281,112.11,D,V 31,PSW-P,Obrábění,150,,,6,2002-01-17 00:00:00,2014-06-09 00:00:00,,4,4526,4526,99999
1012296,112.12,C,V 22,PKT/4,Údržba,200,Mitutoyo,500,4,2013-02-13 00:00:00,2025-07-02 00:00:00,,4,4522,4522,99999
200827,112.11,D,V270,,,150,Somet,,3,2001-01-25 00:00:00,2013-06-13 00:00:00,2013-06-13 00:00:00,6,4522,2290,3360
1003412,112.11,C,VK20,,,150,KS TOOLS,,4,2010-03-04 00:00:00,2022-07-19 00:00:00,,4,4520,4520,99999
1012490,112.11,D,V270,,,160,Somet,,3,2013-03-06 00:00:00,2025-07-21 00:00:00,,6,4520,4520,99999
310276,112.12,C,V180,,,160,Somet,14016459,4,2007-12-20 00:00:00,2020-05-05 00:00:00,,4,4520,4520,99999
1011980,112.11,C,V160,PFO-P/31,Údržba,160,,,3,2013-01-24 00:00:00,2025-06-09 00:00:00,,6,4519,4519,99999
202358,112.11,C,V160,,,150,Somet,,3,2003-01-15 00:00:00,2015-05-29 00:00:00,2015-05-29 00:00:00,6,4517,2301,3965
202362,112.11,C,V160,,,150,Somet,,3,2003-01-15 00:00:00,2015-05-29 00:00:00,2015-05-29 00:00:00,6,4517,2288,3964
203064,112.11,D,V270,,,200,China,,3,2001-05-09 00:00:00,2013-09-20 00:00:00,,6,4517,4517,99999
203217,112.11,D,V270,,,160,Somet,,3,2001-04-18 00:00:00,2013-08-30 00:00:00,2013-08-30 00:00:00,6,4517,2252,3244
203255,112.11,D,V270,,,160,Somet,,3,2001-04-18 00:00:00,2013-08-30 00:00:00,,6,4517,4517,99999
203261,112.11,D,V270,,,160,Somet,,3,2001-04-18 00:00:00,2013-08-30 00:00:00,2013-08-30 00:00:00,6,4517,2252,3242
1003879,112.11,C,VK30,,,150,KS TOOLS,,4,2010-06-09 00:00:00,2022-10-20 00:00:00,2022-10-20 00:00:00,4,4516,3045,4517
1005348,112.12,C,VK20,,,150,FACOM,,4,2011-01-21 00:00:00,2023-05-31 00:00:00,,4,4513,4513,99999
30122,112.12,D,V 22,,,150,Mitutoyo,500,10,2000-07-21 00:00:00,2017-04-18 00:00:00,2012-11-28 00:00:00,2,4513,3783,4513
38525,112.12,D,V 29,PSW-V,Obrábění,150,Mitutoyo,500,5,2000-12-11 00:00:00,2013-04-19 00:00:00,2013-04-19 00:00:00,4,4512,3060,3992
45894,112.11,D,V 29,PSW-V,Obrábění,,,,4,2003-07-07 00:00:00,2015-11-11 00:00:00,,4,4510,4510,99999
307781,112.11,C,V160,,,160,Somet,,3,2012-06-06 00:00:00,2024-10-10 00:00:00,,6,4509,4509,99999
31239,112.12,C,V 22,PKT/4,Údržba,150,Mitutoyo,500,9,2000-09-27 00:00:00,2022-08-22 00:00:00,2013-01-31 00:00:00,4,4509,3408,4509
1011499,112.12,B,V 29,PSW-V,Vedení,150,,,4,2012-11-28 00:00:00,2025-04-01 00:00:00,,2,4507,4507,99999
310382,112.11,D,V 22,,,160,Somet,11016651,4,2008-01-18 00:00:00,2020-05-20 00:00:00,,4,4506,4506,99999
200879,112.11,D,V270,,,150,Somet,,3,2002-09-30 00:00:00,2015-01-30 00:00:00,,6,4505,4505,99999
1002168,112.12,C,M6,,,150,,IS11111,4,2009-07-08 00:00:00,2021-11-05 00:00:00,,1,4503,4503,99999
203211,112.11,D,V270,,,160,Somet,,3,2001-04-18 00:00:00,2013-08-15 00:00:00,,6,4502,4502,99999
203259,112.11,D,V270,,,160,Somet,,3,2001-04-18 00:00:00,2013-08-15 00:00:00,2013-08-15 00:00:00,6,4502,2207,3227
303969,112.11,C,VK20,,,200,China,536,4,2006-08-15 00:00:00,2018-12-12 00:00:00,,4,4502,4502,99999
309154,112.12,C,M6,,,160,Somet,14016459,5,2007-06-20 00:00:00,2019-10-17 00:00:00,,2,4502,4502,99999
1010009,112.11,B,V 29,PSW-T,Sklad,160,Filletta,,5,2012-06-13 00:00:00,2024-12-12 00:00:00,2024-10-09 00:00:00,4,4501,3004,4461
30171,112.12,C,M6,,,150,Somet,,6,2000-07-27 00:00:00,2012-11-22 00:00:00,2012-11-22 00:00:00,3,4501,3393,4501
303976,112.11,A,VK20,GQK,Kvalita,250,Somet,,4,2006-08-17 00:00:00,2018-12-12 00:00:00,,4,4500,4500,99999
1012169,112.12,D,V 29,PSW-P,Obrábění,150,,,4,2012-11-28 00:00:00,2025-03-24 00:00:00,,4,4499,4499,99999
15090,112.12,D,V 22,,,150,HHW,,5,2002-05-03 00:00:00,2014-08-27 00:00:00,,3,4499,4499,99999
303981,112.11,C,VK20,,,400,Somet,,4,2006-08-18 00:00:00,2018-12-12 00:00:00,,4,4499,4499,99999
33077,112.12,A,V 22,GQH-1,Kvalita,160,Somet,14016459,13,2001-01-12 00:00:00,2024-02-05 00:00:00,2013-05-07 00:00:00,2,4498,3738,4498
27147,112.12,D,V 22,,,200,Mitutoyo,550,13,2000-10-31 00:00:00,2013-05-23 00:00:00,2013-02-22 00:00:00,1,4497,4104,4746
202757,112.11,D,V270,,,150,Somet,,4,2004-08-18 00:00:00,2016-12-09 00:00:00,2016-12-09 00:00:00,4,4496,2988,4496
41475,112.11,D,V 10,PSW-F,Obrábění,300,,,5,2002-09-23 00:00:00,2015-01-13 00:00:00,,4,4495,4495,99999
1011283,112.12,D,V 29,PSW-P,Obrábění,150,Somet,,4,2012-07-10 00:00:00,2024-10-29 00:00:00,,4,4494,4494,99999
305444,112.11,D,V 22,,,150,,,4,2003-01-16 00:00:00,2015-05-07 00:00:00,,4,4494,4494,99999
1010870,112.12,B,V 10,PSW-T,Sklad,300,Filletta,,4,2012-09-25 00:00:00,2025-01-13 00:00:00,,4,4493,4493,99999
1012993,112.11,D,PSZ/3,PSZ/3,Obrábění,250,,,5,2013-04-09 00:00:00,2025-07-28 00:00:00,,3,4493,4493,99999
1008567,112.12,C,M6,PKT/4,Údržba,150,MITAKO,907,4,2012-02-29 00:00:00,2024-06-17 00:00:00,,4,4492,4492,99999
27059,112.12,D,V 22,,,,Mitutoyo,500,8,2000-02-24 00:00:00,2017-08-23 00:00:00,2012-06-12 00:00:00,3,4492,3312,4493
41512,112.11,C,V 10,PSW-F,Montáž,300,,,6,2000-12-01 00:00:00,2013-03-20 00:00:00,,4,4492,4492,99999
1011979,112.11,C,V160,PFO-P/31,Údržba,160,,,3,2013-01-24 00:00:00,2025-05-12 00:00:00,,6,4491,4491,99999
306250,112.11,C,V180,,,150,Somet,,2,1999-11-12 00:00:00,2012-02-28 00:00:00,2012-02-28 00:00:00,6,4491,0,2276
1006652,112.12,C,V 29,PSW-V,Montáž,150,Filletta,,4,2011-06-28 00:00:00,2023-10-13 00:00:00,,4,4490,4490,99999
307785,112.11,C,V160,PFO-P/21,Údržba,160,Somet,,3,2007-07-09 00:00:00,2019-10-24 00:00:00,,6,4490,4490,99999
1011986,112.12,C,V270,PF1-K,Údržba,150,,,4,2013-01-23 00:00:00,2025-05-09 00:00:00,,4,4489,4489,99999
1019590,112.12,B,V 10,PSW-T,Sklad,200,Filletta,,4,2013-03-12 00:00:00,2025-06-25 00:00:00,2025-06-25 00:00:00,4,4488,2990,3962
305590,112.11,C,V180,,,160,Somet,11016551,3,2005-09-22 00:00:00,2018-01-05 00:00:00,,6,4488,4488,99999
38605,112.11,D,V 29,PSW-V,Obrábění,300,,,5,2001-01-04 00:00:00,2013-04-19 00:00:00,,4,4488,4488,99999
46545,112.12,A,GQF-3,GQF-3,Kvalita,160,Somet,14016459,4,2003-11-11 00:00:00,2016-02-24 00:00:00,,4,4488,4488,99999
1006224,112.12,C,V 29,PSW-P,Montáž,150,,,4,2011-05-18 00:00:00,2023-08-30 00:00:00,,4,4487,4487,99999
1008231,112.11,C,V160,PFO-P/21,Údržba,160,,,3,2012-02-07 00:00:00,2024-05-21 00:00:00,,6,4487,4487,99999
1012974,112.12,C,PSZ/3,PSZ/3,Údržba,150,,,5,2013-04-09 00:00:00,2025-07-22 00:00:00,,3,4487,4487,99999
1021326,112.12,D,V 10,PSW-F,Obrábění,200,Filletta,,4,2013-03-12 00:00:00,2025-06-24 00:00:00,,4,4487,4487,99999
1002135,112.11,C,V270,PF2-K,Údržba,160,Somet,,4,2009-07-07 00:00:00,2021-10-18 00:00:00,,6,4486,4486,99999
311265,112.12,C,V160,,,150,,,4,2008-07-10 00:00:00,2020-10-21 00:00:00,2020-10-21 00:00:00,4,4486,3000,4478
305114,112.11,D,V 22,,,150,Somet,,5,2002-12-18 00:00:00,2015-06-03 00:00:00,2015-03-30 00:00:00,4,4485,3004,3492
1005729,112.12,C,V 10,PSW-F,Montáž,200,,,5,2011-02-11 00:00:00,2023-05-22 00:00:00,,4,4483,4483,99999
201063,112.11,C,V160,,,150,Somet,,2,1999-12-03 00:00:00,2012-03-12 00:00:00,,6,4483,4483,99999
308374,112.11,B,VK20,PFK/1,Sklad,150,Somet,,4,2007-02-06 00:00:00,2019-05-17 00:00:00,2019-05-17 00:00:00,4,4483,3016,4484
44861,112.11,D,V 31,PSW-P,Obrábění,150,Somet,,5,2003-01-17 00:00:00,2015-04-27 00:00:00,,4,4483,4483,99999
1007001,112.12,B,V 10,PSW-T,Sklad,200,Filletta,,4,2011-07-18 00:00:00,2023-10-25 00:00:00,,4,4482,4482,99999
305399,112.12,D,V 22,,,150,HHW,,5,2004-04-20 00:00:00,2016-09-21 00:00:00,2016-07-28 00:00:00,4,4482,2978,3963
308517,112.11,C,VK20,,,150,,,4,2007-02-27 00:00:00,2019-06-06 00:00:00,,4,4482,4482,99999
33533,112.11,D,V 22,,,150,,,4,1998-06-02 00:00:00,2010-09-09 00:00:00,,4,4482,4482,99999
308485,112.12,D,V 10,PSW-F,Obrábění,160,Somet,,4,2007-02-14 00:00:00,2019-05-22 00:00:00,,4,4480,4480,99999
308488,112.12,B,V 10,PSW-T,Sklad,160,Somet,,6,2007-02-14 00:00:00,2023-08-17 00:00:00,2019-05-22 00:00:00,4,4480,2996,4471
203235,112.11,D,V270,,,160,Somet,,3,2001-04-18 00:00:00,2013-07-23 00:00:00,2013-07-23 00:00:00,6,4479,2207,3204
203257,112.11,D,V270,,,160,Somet,,3,2001-04-18 00:00:00,2013-07-23 00:00:00,,6,4479,4479,99999
1006225,112.12,C,V 10,PSW-F,Montáž,150,,,4,2011-05-16 00:00:00,2023-08-18 00:00:00,,4,4477,4477,99999
200667,112.12,D,V270,,,150,Mitutoyo,500,6,2004-03-11 00:00:00,2016-09-09 00:00:00,2016-06-13 00:00:00,4,4477,2877,4458
202301,112.11,C,V160,,,150,Somet,,3,1999-11-08 00:00:00,2012-02-09 00:00:00,2012-02-09 00:00:00,6,4476,2254,2764
1010024,112.12,B,V 29,PSW-T,Sklad,150,,,4,2012-07-09 00:00:00,2024-10-09 00:00:00,,4,4475,4475,99999
1010029,112.12,C,V 29,PSW-V,Montáž,150,,,4,2012-07-09 00:00:00,2024-10-09 00:00:00,,4,4475,4475,99999
1012650,112.11,D,PSZ/3,PSZ/3,Obrábění,150,,,5,2012-03-13 00:00:00,2024-06-13 00:00:00,,3,4475,4475,99999
1010027,112.12,D,V 29,PSW-P,Obrábění,150,,,4,2012-07-10 00:00:00,2024-10-09 00:00:00,,4,4474,4474,99999
1011763,112.12,C,M6,,,150,MITAKO,907,11,2012-12-19 00:00:00,2025-03-20 00:00:00,,1,4474,4474,99999
32154,112.11,D,V 22,,,160,Somet,,3,2000-11-09 00:00:00,2013-02-08 00:00:00,,4,4474,4474,99999
1011978,112.11,C,V160,,,160,,,3,2013-01-24 00:00:00,2025-04-24 00:00:00,2025-04-24 00:00:00,6,4473,2248,4468
1012734,112.11,C,PSZ/3,PSZ/3,Údržba,250,,,6,2012-10-17 00:00:00,2025-02-14 00:00:00,2025-01-15 00:00:00,3,4473,3304,4316
1012849,112.11,D,PSZ/3,PSZ/3,Obrábění,400,,,6,2012-10-17 00:00:00,2025-02-14 00:00:00,2025-01-15 00:00:00,3,4473,3305,4309
1012857,112.11,C,PSZ/3,PSZ/3,Údržba,630,,,5,2012-10-17 00:00:00,2025-01-15 00:00:00,,3,4473,4473,99999
201060,112.11,C,V160,,,150,Somet,,3,1999-12-06 00:00:00,2012-03-05 00:00:00,2012-03-05 00:00:00,6,4473,2271,2888
305445,112.12,D,V 22,,,150,Mitutoyo,500,4,2002-10-16 00:00:00,2015-01-14 00:00:00,,1,4473,4473,99999
31042,112.11,D,V 22,,,160,Somet,,12,2000-09-18 00:00:00,2012-12-17 00:00:00,2012-12-17 00:00:00,1,4473,4076,4476
1007355,112.12,C,V 22,PKM,Montáž,150,,,6,2011-10-13 00:00:00,2024-01-10 00:00:00,,2,4472,4472,99999
1010021,112.12,C,V 10,PSW-F,Montáž,150,,,4,2012-07-10 00:00:00,2024-10-07 00:00:00,,4,4472,4472,99999
1003909,112.12,D,V 10,PSW-F,Obrábění,150,Mitutoyo,500,4,2010-06-04 00:00:00,2022-08-29 00:00:00,,4,4469,4469,99999
1012858,112.11,D,PSZ/3,PSZ/3,Obrábění,630,,,6,2012-11-13 00:00:00,2025-03-04 00:00:00,2025-02-07 00:00:00,3,4469,3338,4332
307787,112.11,C,V160,PFO-P/31,Údržba,160,Somet,,3,2012-06-06 00:00:00,2024-08-30 00:00:00,,6,4468,4468,99999
31088,112.11,D,V 22,,,400,Somet,,11,2000-09-18 00:00:00,2021-08-10 00:00:00,2012-12-12 00:00:00,1,4468,3699,4468
40274,112.12,D,V 22,,,150,Somet,,8,2002-06-11 00:00:00,2014-09-04 00:00:00,2014-09-04 00:00:00,4,4468,3537,4441
1002799,112.12,D,V 29,PSW-P,Obrábění,200,Somet,,4,2009-11-05 00:00:00,2022-01-28 00:00:00,2022-01-28 00:00:00,4,4467,2997,4462
1008377,112.11,D,V 29,PSW-P,Obrábění,160,,,4,2012-02-16 00:00:00,2024-05-10 00:00:00,,4,4467,4467,99999
1020212,112.11,C,V 10,PSW-F,Montáž,160,Filletta,,4,2013-05-02 00:00:00,2025-07-25 00:00:00,,4,4467,4467,99999
203140,112.11,D,V270,,,150,Somet,,3,1999-01-07 00:00:00,2011-04-01 00:00:00,,6,4467,4467,99999
307805,112.11,C,V180,,,150,Somet,,3,2005-11-30 00:00:00,2018-02-22 00:00:00,2018-02-22 00:00:00,6,4467,2253,4185
303406,112.11,D,V 29,PSW-V,Obrábění,300,BOS HK,,6,2005-05-24 00:00:00,2021-09-17 00:00:00,2017-08-15 00:00:00,4,4466,2975,4466
305365,112.11,D,V 22,,,160,Somet,,4,2002-06-18 00:00:00,2014-09-09 00:00:00,,4,4466,4466,99999
306111,112.11,D,V 22,,,150,China,,5,2002-11-22 00:00:00,2015-02-12 00:00:00,,4,4465,4465,99999
308784,112.11,D,V270,,,160,Somet,11016511,3,2007-03-07 00:00:00,2019-05-28 00:00:00,2019-05-28 00:00:00,6,4465,2246,4445
308785,112.11,D,V270,,,160,Somet,11016511,3,2007-03-07 00:00:00,2019-05-28 00:00:00,2019-05-28 00:00:00,6,4465,2266,4445
1003145,112.12,D,V 29,PSW-V,Obrábění,200,,,4,2010-01-14 00:00:00,2022-04-05 00:00:00,2022-04-05 00:00:00,4,4464,2990,4450
1011497,112.12,C,V 29,PSW-V,Montáž,150,,,4,2012-11-28 00:00:00,2025-02-17 00:00:00,,4,4464,4464,99999
1012165,112.12,C,V 29,PSW-V,Montáž,150,,,4,2012-11-28 00:00:00,2025-02-17 00:00:00,,4,4464,4464,99999
307655,112.12,D,V 22,,,160,Somet,14016479,12,2006-08-03 00:00:00,2018-10-23 00:00:00,,1,4464,4464,99999
1008952,112.12,B,V 29,PSW-T,TK,150,,,4,2012-03-22 00:00:00,2024-06-10 00:00:00,,4,4463,4463,99999
303776,112.12,D,V 22,,,300,Somet,14030459,4,2002-06-28 00:00:00,2014-09-16 00:00:00,,1,4463,4463,99999
1007099,112.11,D,V 29,PSW-P,Obrábění,160,Somet,,4,2011-09-06 00:00:00,2023-11-24 00:00:00,,4,4462,4462,99999
201052,112.11,C,V160,,,150,Somet,,3,2001-12-17 00:00:00,2014-03-06 00:00:00,2014-03-06 00:00:00,6,4462,2255,3619
305259,112.11,C,V 22,PKT/4,Údržba,160,Somet,,4,2002-06-18 00:00:00,2014-09-05 00:00:00,,4,4462,4462,99999
306745,112.12,B,V 10,PSW-T,Sklad,300,Somet,14030459,4,2006-03-06 00:00:00,2018-05-23 00:00:00,2018-05-23 00:00:00,4,4461,2937,4458
308442,112.11,C,V 10,PSW-F,Montáž,160,Somet,,5,2007-02-06 00:00:00,2019-06-06 00:00:00,2019-04-25 00:00:00,4,4461,2982,4452
1002794,112.12,D,V 29,PSW-P,Obrábění,150,Somet,,4,2009-11-05 00:00:00,2022-01-21 00:00:00,2022-01-21 00:00:00,4,4460,2997,4455
201046,112.11,C,V160,,,150,Somet,,3,2000-04-11 00:00:00,2012-06-27 00:00:00,2012-06-27 00:00:00,6,4460,2212,3002
304842,112.11,D,V 22,,,300,Somet,,5,2002-02-25 00:00:00,2014-08-18 00:00:00,2014-05-13 00:00:00,4,4460,2927,3185
1010871,112.12,D,V 10,PSW-F,Obrábění,300,Filletta,,4,2012-09-25 00:00:00,2024-12-10 00:00:00,,4,4459,4459,99999
202307,112.11,C,V180,,,150,Somet,,3,1999-11-16 00:00:00,2012-01-31 00:00:00,,6,4459,4459,99999
1005745,112.12,C,V 22,PKT/4,Údržba,150,,907,4,2011-02-02 00:00:00,2023-04-18 00:00:00,,4,4458,4458,99999
202270,112.11,C,V160,,,150,,,3,2002-10-30 00:00:00,2015-01-13 00:00:00,2015-01-13 00:00:00,6,4458,2114,3834
303385,112.11,D,V 29,PSW-V,Obrábění,160,BOS HK,,4,2005-05-24 00:00:00,2017-08-07 00:00:00,2017-08-07 00:00:00,4,4458,2948,4458
303421,112.12,D,V 31,PSW-P,Obrábění,160,Somet,,4,2005-05-24 00:00:00,2017-08-07 00:00:00,2017-08-07 00:00:00,4,4458,2927,4458
1005723,112.11,C,V 10,PSW-F,Montáž,160,Somet,,7,2011-02-11 00:00:00,2023-08-30 00:00:00,2023-04-26 00:00:00,4,4457,2995,4444
307731,112.12,D,V 29,PSW-V,Obrábění,200,Mitutoyo,500,4,2006-08-09 00:00:00,2018-10-22 00:00:00,2018-10-22 00:00:00,4,4457,2995,4436
33296,112.12,C,M6,,,300,Somet,,7,2001-02-01 00:00:00,2013-04-16 00:00:00,2013-04-16 00:00:00,1,4457,3974,4457
201650,112.11,C,V260,,,300,China,,3,2003-11-14 00:00:00,2016-01-25 00:00:00,2016-01-25 00:00:00,5,4455,2610,3653
1011501,112.12,C,V 29,PSW-P,Montáž,150,,,4,2012-11-28 00:00:00,2025-02-07 00:00:00,,4,4454,4454,99999
1012166,112.12,D,V 29,PSW-P,Obrábění,150,,,4,2012-11-28 00:00:00,2025-02-07 00:00:00,,4,4454,4454,99999
1012168,112.12,C,V 10,PSW-F,Montáž,150,,,4,2012-11-28 00:00:00,2025-02-07 00:00:00,,4,4454,4454,99999
1006507,112.12,C,V 10,PSW-F,Montáž,300,,,4,2011-06-09 00:00:00,2023-08-18 00:00:00,2023-08-18 00:00:00,4,4453,2982,4435
1008948,112.12,D,V 29,PSW-P,Obrábění,150,,,4,2012-03-22 00:00:00,2024-05-31 00:00:00,,4,4453,4453,99999
202269,112.11,C,V160,,,150,Somet,,4,2004-03-16 00:00:00,2016-05-25 00:00:00,2016-05-25 00:00:00,6,4453,2243,4334
1007748,112.12,C,V 37,,,150,,,4,2011-12-05 00:00:00,2024-02-12 00:00:00,,4,4452,4452,99999
1007749,112.12,C,V 37,,,150,,,4,2011-12-05 00:00:00,2024-02-12 00:00:00,,4,4452,4452,99999
37006,112.11,D,V 22,,,150,China,,4,1998-05-26 00:00:00,2010-08-03 00:00:00,,4,4452,4452,99999
43255,112.11,B,V 10,PSW-S,Vedení,,,,5,2001-01-09 00:00:00,2013-03-19 00:00:00,,4,4452,4452,99999
1011020,112.12,D,V 29,,,200,,,4,2012-10-02 00:00:00,2024-12-09 00:00:00,,4,4451,4451,99999
202357,112.11,C,V160,,,150,Somet,,3,2003-01-15 00:00:00,2015-03-24 00:00:00,2015-03-24 00:00:00,6,4451,2240,3899
1008372,112.11,D,V 29,PSW-P,Obrábění,160,,,4,2012-02-16 00:00:00,2024-04-23 00:00:00,,4,4450,4450,99999
304976,112.11,C,V180,,,150,Hommel,31007,3,2003-07-16 00:00:00,2015-09-21 00:00:00,2015-09-21 00:00:00,6,4450,1679,3674
306349,112.11,D,V270,,,160,Somet,,4,2005-12-07 00:00:00,2018-02-12 00:00:00,2018-02-12 00:00:00,6,4450,2199,4442
306350,112.11,D,V270,,,160,Somet,,3,2005-12-07 00:00:00,2018-02-12 00:00:00,2018-02-12 00:00:00,6,4450,2241,4442
310569,112.12,B,V 10,PSW-T,Sklad,150,Vogel,,4,2008-02-22 00:00:00,2020-04-29 00:00:00,2020-04-29 00:00:00,4,4450,2936,4436
1004292,112.12,D,V 10,PSW-F,Obrábění,200,Mitutoyo,500,4,2010-06-24 00:00:00,2022-08-29 00:00:00,2022-08-29 00:00:00,4,4449,2990,4408
1005724,112.11,D,V 29,PSW-P,Obrábění,160,Somet,,5,2011-02-11 00:00:00,2023-04-18 00:00:00,,4,4449,4449,99999
1012601,112.12,C,V 29,PSW-V,Montáž,150,,,4,2013-02-18 00:00:00,2025-04-25 00:00:00,,4,4449,4449,99999
305245,112.12,D,V 22,,,150,HHW,,4,2004-06-24 00:00:00,2016-08-29 00:00:00,,4,4449,4449,99999
1012975,112.12,C,PSZ/3,PSZ/3,Údržba,150,,,5,2013-04-09 00:00:00,2025-06-13 00:00:00,,3,4448,4448,99999
43259,112.11,B,V 10,PSW-S,Vedení,750,,,5,2002-10-01 00:00:00,2014-12-05 00:00:00,2014-12-05 00:00:00,4,4448,2985,4391
1007005,112.12,C,V 10,PSW-F,Montáž,200,Filletta,,4,2011-07-18 00:00:00,2023-09-20 00:00:00,,4,4447,4447,99999
203223,112.11,D,V270,,,160,Somet,,3,2001-04-18 00:00:00,2013-06-21 00:00:00,,6,4447,4447,99999
1007004,112.12,D,V 10,PSW-F,Obrábění,200,Filletta,,4,2011-07-18 00:00:00,2023-09-19 00:00:00,2023-09-19 00:00:00,4,4446,2971,4400
1007984,112.12,C,V 29,PSW-P,Montáž,150,Somet,,4,2012-01-10 00:00:00,2024-03-13 00:00:00,,4,4446,4446,99999
1008001,112.12,C,V 29,PSW-P,Montáž,150,Somet,,4,2012-01-10 00:00:00,2024-03-13 00:00:00,,4,4446,4446,99999
1009071,112.12,B,V 22,PKT,Vedení,150,MITAKO,907,4,2012-04-24 00:00:00,2024-06-24 00:00:00,,4,4444,4444,99999
1021328,112.12,C,V 10,PSW-F,Montáž,200,,,4,2013-03-12 00:00:00,2025-05-12 00:00:00,,4,4444,4444,99999
201086,112.11,C,V160,,,150,Somet,,3,1999-09-10 00:00:00,2011-11-10 00:00:00,2011-11-10 00:00:00,6,4444,2216,2772
203370,112.11,D,V270,,,150,Somet,,3,1999-10-15 00:00:00,2011-12-15 00:00:00,2011-12-15 00:00:00,6,4444,2233,2613
1010010,112.11,C,V 29,PSW-V,Montáž,160,Filletta,,4,2012-06-13 00:00:00,2024-08-12 00:00:00,,4,4443,4443,99999
203051,112.12,D,V270,,,200,Sylvac,,4,2002-02-28 00:00:00,2014-04-29 00:00:00,2014-04-29 00:00:00,4,4443,2959,3505
302943,112.11,C,V 37,,,150,Mitutoyo,,4,2004-10-14 00:00:00,2016-12-13 00:00:00,,4,4443,4443,99999
1005802,112.12,A,GQD-2,GQD,Kvalita,150,Mitutoyo,500,7,2011-03-11 00:00:00,2023-05-09 00:00:00,,2,4442,4442,99999
1011476,112.12,A,KV/7021/2,,,150,FACOM,,4,2012-12-10 00:00:00,2025-02-07 00:00:00,,4,4442,4442,99999
1012677,112.12,D,PSZ/3,PSZ/3,Obrábění,150,,,5,2013-04-16 00:00:00,2025-06-13 00:00:00,,3,4441,4441,99999
14928,112.11,D,V 22,,,150,China,,5,2000-11-24 00:00:00,2013-03-28 00:00:00,2013-01-21 00:00:00,4,4441,2926,5187
309494,112.12,B,VA30,PFS-K/4,Sklad,150,Kinex,,4,2007-09-18 00:00:00,2019-11-13 00:00:00,2019-11-13 00:00:00,5,4439,2612,4439
33260,112.12,D,V 22,,,300,Somet,,9,2001-01-30 00:00:00,2013-03-27 00:00:00,2013-03-27 00:00:00,2,4439,3711,4439
43485,112.12,D,V 22,,,150,Mitutoyo,500,7,2002-12-17 00:00:00,2015-02-11 00:00:00,,2,4439,4439,99999
308481,112.12,C,V 10,PSW-F,Montáž,160,Somet,,6,2007-02-14 00:00:00,2023-06-20 00:00:00,2019-04-10 00:00:00,4,4438,2997,4429
1012742,112.11,C,PSZ/3,PSZ/3,Údržba,300,,,5,2012-04-24 00:00:00,2024-06-17 00:00:00,,3,4437,4437,99999
202351,112.11,C,V160,,,150,Somet,,3,2003-01-14 00:00:00,2015-03-09 00:00:00,,6,4437,4437,99999
303145,112.11,B,VK20,PFK/1,Sklad,,Somet,,4,2006-10-19 00:00:00,2018-12-12 00:00:00,,4,4437,4437,99999
307930,112.11,C,V 10,PSW-F,Montáž,160,Somet,11016511,4,2006-09-26 00:00:00,2018-11-19 00:00:00,2018-11-19 00:00:00,4,4437,2967,4428
1005350,112.12,C,VK20,,,150,FACOM,,4,2011-01-21 00:00:00,2023-03-15 00:00:00,,4,4436,4436,99999
1014680,112.12,D,VR/PKD/31,PKD/11,Obrábění,150,Mitutoyo,500,9,2012-12-14 00:00:00,2025-02-05 00:00:00,2025-02-05 00:00:00,1,4436,3930,4228
201113,112.11,C,V160,,,150,Somet,,3,1999-09-10 00:00:00,2011-11-02 00:00:00,2011-11-02 00:00:00,6,4436,2216,2764
202356,112.11,C,V160,,,150,Somet,,3,2003-01-15 00:00:00,2015-03-09 00:00:00,,6,4436,4436,99999
306238,112.11,C,V180,,,150,Somet,,3,1999-12-09 00:00:00,2012-01-31 00:00:00,,6,4436,4436,99999
308484,112.12,C,V 10,PSW-F,Montáž,160,Somet,,4,2007-02-14 00:00:00,2019-04-08 00:00:00,2019-04-08 00:00:00,4,4436,2974,4427
1007758,112.12,C,V 10,PSW-F,Montáž,300,,,4,2011-12-09 00:00:00,2024-01-30 00:00:00,2024-01-30 00:00:00,4,4435,2950,4429
1012847,112.11,D,PSZ/3,PSZ/3,Obrábění,400,,,5,2012-04-24 00:00:00,2024-06-14 00:00:00,,3,4434,4434,99999
1012942,112.12,B,V 29,PSW-V,Vedení,150,Somet,,4,2013-03-22 00:00:00,2025-05-12 00:00:00,,4,4434,4434,99999
312629,112.11,C,V160,PFO-P/21,Údržba,160,Somet,,3,2009-02-24 00:00:00,2021-04-16 00:00:00,,6,4434,4434,99999
201089,112.11,C,V160,,,150,Somet,,3,1999-09-20 00:00:00,2011-11-09 00:00:00,2011-11-09 00:00:00,6,4433,2206,2771
201094,112.11,C,V160,,,150,Somet,,2,1999-09-20 00:00:00,2011-11-09 00:00:00,,6,4433,4433,99999
37061,112.12,A,V 22,GQH-1,Kvalita,300,Mitutoyo,551,13,2001-12-04 00:00:00,2024-10-25 00:00:00,2014-01-23 00:00:00,2,4433,3706,4420
1008940,112.12,C,V 29,PSW-P,Montáž,150,,,4,2012-03-22 00:00:00,2024-05-10 00:00:00,,4,4432,4432,99999
1012718,112.12,D,PSZ/3,PSZ/3,Obrábění,160,,,5,2013-02-05 00:00:00,2025-03-26 00:00:00,,3,4432,4432,99999
306359,112.11,D,V270,,,160,Somet,11016551,3,2005-12-07 00:00:00,2018-01-25 00:00:00,,6,4432,4432,99999
1002948,112.12,C,VK30,PFK-K,Svařovna,150,Kinex,500,4,2009-12-07 00:00:00,2022-01-24 00:00:00,,4,4431,4431,99999
1011498,112.12,D,V 29,PSW-P,Obrábění,150,,,4,2012-11-28 00:00:00,2025-01-15 00:00:00,,4,4431,4431,99999
1011894,112.12,C,PSZ/3,PSZ/3,Údržba,500,,,5,2012-12-21 00:00:00,2025-02-07 00:00:00,,3,4431,4431,99999
1012163,112.12,D,V 29,PSW-P,Obrábění,150,,,4,2012-11-28 00:00:00,2025-01-15 00:00:00,,4,4431,4431,99999
1018031,112.12,C,V 10,PSW-F,Montáž,200,,,4,2013-03-12 00:00:00,2025-04-29 00:00:00,,4,4431,4431,99999
304799,112.12,C,V180,,,150,Mitutoyo,500,4,2003-03-25 00:00:00,2015-05-12 00:00:00,2015-05-12 00:00:00,4,4431,2932,3550
44764,112.11,C,V 31,PSW-P,Montáž,160,Somet,,5,2001-09-11 00:00:00,2013-10-29 00:00:00,,4,4431,4431,99999
1006643,112.12,D,V 29,PSW-P,Obrábění,150,Filletta,,4,2011-06-28 00:00:00,2023-08-14 00:00:00,,4,4430,4430,99999
1006647,112.12,C,V 29,PSW-V,Montáž,150,Filletta,,4,2011-06-28 00:00:00,2023-08-14 00:00:00,,4,4430,4430,99999
1011500,112.12,D,V 29,PSW-P,Obrábění,150,,,4,2012-11-28 00:00:00,2025-01-14 00:00:00,,4,4430,4430,99999
304251,112.11,B,VK20,EIB,Vývoj,150,Somet,,4,2008-10-03 00:00:00,2020-11-19 00:00:00,,4,4430,4430,99999
304838,112.11,C,V180,,,300,Somet,,2,2004-03-24 00:00:00,2016-05-10 00:00:00,2016-05-10 00:00:00,6,4430,0,3913
306361,112.11,D,V270,,,160,Somet,11016551,3,2005-12-07 00:00:00,2018-01-23 00:00:00,2018-01-23 00:00:00,6,4430,2199,4421
309084,112.11,C,VK20,,,150,,,4,2007-06-20 00:00:00,2019-08-06 00:00:00,,4,4430,4430,99999
1007760,112.12,D,V 10,PSW-F,Obrábění,300,,,4,2011-12-09 00:00:00,2024-01-24 00:00:00,,4,4429,4429,99999
1004831,112.12,A,V270,GQF-3,Kvalita,150,,,4,2010-10-14 00:00:00,2022-11-28 00:00:00,,4,4428,4428,99999
304347,112.11,C,VK20,,,150,Somet,,4,2008-11-07 00:00:00,2020-12-22 00:00:00,,4,4428,4428,99999
304349,112.11,C,VK20,,,150,Somet,,4,2008-11-07 00:00:00,2020-12-22 00:00:00,,4,4428,4428,99999
1013174,112.11,D,PSZ/3,PSZ/3,Obrábění,300,,,5,2013-04-30 00:00:00,2025-06-13 00:00:00,,3,4427,4427,99999
1013205,112.11,D,PSZ/3,PSZ/3,Obrábění,400,,,5,2013-04-30 00:00:00,2025-06-13 00:00:00,2025-06-13 00:00:00,3,4427,3290,4433
1011961,112.11,C,VK20,,,150,KS TOOLS,,4,2013-01-28 00:00:00,2025-03-12 00:00:00,,4,4426,4426,99999
45297,112.12,D,V 31,PSW-P,Obrábění,300,Somet,,5,2001-09-12 00:00:00,2013-10-25 00:00:00,,4,4426,4426,99999
1002789,112.12,D,V 10,PSW-F,Obrábění,150,Somet,,4,2009-11-05 00:00:00,2021-12-17 00:00:00,2021-12-17 00:00:00,4,4425,2959,4420
309418,112.11,C,V270,PF2-K,Údržba,160,Somet,11016551,3,2007-07-30 00:00:00,2019-09-10 00:00:00,,6,4425,4425,99999
31044,112.11,D,V 22,PKG,Hutě,160,Somet,,16,2000-09-18 00:00:00,2025-06-02 00:00:00,2012-10-30 00:00:00,3,4425,3690,4428
38585,112.12,D,V 10,PSW-F,Obrábění,300,Mitutoyo,550,5,2001-05-23 00:00:00,2013-07-04 00:00:00,,4,4425,4425,99999
44827,112.11,,V 31,,,120,,,5,2002-01-07 00:00:00,2014-02-18 00:00:00,,4,4425,4425,99999
1006222,112.12,D,V 29,PSW-P,Obrábění,150,,,4,2011-05-16 00:00:00,2023-06-26 00:00:00,,4,4424,4424,99999
1012592,112.12,D,V 29,PSW-V,Obrábění,150,,,4,2013-02-19 00:00:00,2025-04-01 00:00:00,,4,4424,4424,99999
303956,112.12,C,VK20,,,150,Mitutoyo,500,4,2006-05-11 00:00:00,2018-06-21 00:00:00,2018-06-21 00:00:00,4,4424,2931,4747
37584,112.12,D,M6,PKM,Obrábění,,Mitutoyo,551,10,2002-02-01 00:00:00,2021-07-22 00:00:00,2014-03-14 00:00:00,3,4424,3289,4393
1007985,112.12,C,V 10,PSW-F,Montáž,150,Somet,,4,2012-01-10 00:00:00,2024-02-19 00:00:00,,4,4423,4423,99999
1007991,112.12,D,V 10,PSW-F,Obrábění,150,Somet,,4,2012-01-10 00:00:00,2024-02-19 00:00:00,2024-02-19 00:00:00,4,4423,2956,4408
301992,112.11,D,V 22,,,300,,,4,2003-02-05 00:00:00,2015-03-17 00:00:00,,4,4423,4423,99999
304288,112.11,C,VK20,,,150,Somet,,4,2008-11-12 00:00:00,2020-12-22 00:00:00,,4,4423,4423,99999
1012865,112.11,C,PSZ/3,PSZ/3,Údržba,1000,,,5,2012-09-20 00:00:00,2024-10-29 00:00:00,,3,4422,4422,99999
1006249,112.12,D,V 10,PSW-F,Obrábění,150,,,4,2011-05-16 00:00:00,2023-06-20 00:00:00,2023-06-20 00:00:00,4,4418,2950,4403
1008381,112.11,B,V 29,PSW-T,Sklad,160,,,4,2012-02-16 00:00:00,2024-03-21 00:00:00,,4,4417,4417,99999
1012593,112.12,D,V 29,PSW-P,Obrábění,150,,,4,2013-02-18 00:00:00,2025-03-24 00:00:00,,4,4417,4417,99999
1012594,112.12,B,V 29,PSW-T,TK,150,,,4,2013-02-18 00:00:00,2025-03-24 00:00:00,2025-03-24 00:00:00,4,4417,2944,4388
203017,112.12,D,V270,,,150,,,4,2002-09-30 00:00:00,2014-11-03 00:00:00,2014-11-03 00:00:00,4,4417,2978,3695
306257,112.11,C,V180,,,150,Somet,,3,1999-11-12 00:00:00,2011-12-16 00:00:00,,6,4417,4417,99999
1005782,112.12,D,V 29,PSW-V,Obrábění,200,Mitutoyo,,4,2011-02-23 00:00:00,2023-03-28 00:00:00,,4,4416,4416,99999
1010020,112.12,D,V 29,,,150,,,4,2012-07-10 00:00:00,2024-08-12 00:00:00,,4,4416,4416,99999
1017323,112.12,B,V 29,PSW-T,Sklad,150,,,4,2013-05-01 00:00:00,2025-06-03 00:00:00,,4,4416,4416,99999
309497,112.12,A,GQF-2,GQF-2,Kvalita,150,Kinex,MPS150,4,2007-09-18 00:00:00,2019-10-21 00:00:00,,5,4416,4416,99999
309502,112.12,B,VA30,PFS-K/4,Sklad,150,Kinex,,4,2007-09-18 00:00:00,2019-10-21 00:00:00,,5,4416,4416,99999
38556,112.12,D,V 29,PSW-V,Obrábění,150,Mitutoyo,500,6,2000-12-15 00:00:00,2013-01-17 00:00:00,2013-01-17 00:00:00,4,4416,2964,3899
45999,112.12,D,V 31,PSW-P,Obrábění,160,Somet,,5,2003-08-12 00:00:00,2015-09-14 00:00:00,2015-09-14 00:00:00,4,4416,2862,4406
46686,112.11,D,V 29,PSW-V,Obrábění,,Somet,,4,2003-12-17 00:00:00,2016-01-19 00:00:00,,4,4416,4416,99999
1002807,112.11,D,V 29,PSW-V,Obrábění,160,Somet,,4,2009-10-30 00:00:00,2021-12-01 00:00:00,,4,4415,4415,99999
1007454,112.12,C,VK20,,,150,FACOM,,4,2011-11-03 00:00:00,2023-12-05 00:00:00,,4,4415,4415,99999
1012746,112.11,D,PSZ/3,PSZ/3,Obrábění,300,,,5,2012-09-20 00:00:00,2024-10-22 00:00:00,,3,4415,4415,99999
1003147,112.12,B,V 10,PSW-T,Sklad,200,,,4,2010-01-14 00:00:00,2022-02-14 00:00:00,2022-02-14 00:00:00,4,4414,2939,4400
1003930,112.12,C,VK20,,,150,FACOM,,4,2010-06-17 00:00:00,2022-07-18 00:00:00,,4,4414,4414,99999
1009388,112.12,B,V 29,PSW-T,TK,200,Filletta,,4,2012-05-10 00:00:00,2024-06-10 00:00:00,,4,4414,4414,99999
1012728,112.11,D,PSZ/3,PSZ/3,Obrábění,200,,,6,2012-09-20 00:00:00,2025-01-15 00:00:00,2024-10-21 00:00:00,3,4414,3275,4230
38731,112.11,C,V 10,PSW-F,Montáž,300,,,5,2001-02-01 00:00:00,2013-03-04 00:00:00,,4,4414,4414,99999
37381,112.11,D,V 22,,,150,Somet,,7,2002-02-08 00:00:00,2014-03-10 00:00:00,2014-03-10 00:00:00,2,4413,3652,4416
201050,112.11,C,V160,,,150,Somet,,3,2000-04-11 00:00:00,2012-05-10 00:00:00,2012-05-10 00:00:00,6,4412,2212,2954
1007000,112.12,D,V 10,PSW-F,Obrábění,200,Filletta,,4,2011-07-18 00:00:00,2023-08-15 00:00:00,2023-08-15 00:00:00,4,4411,2955,4365
1014284,112.12,C,VK20,,,150,FACOM,,4,2013-06-12 00:00:00,2025-07-10 00:00:00,,4,4411,4411,99999
1014285,112.12,C,VK20,,,150,FACOM,,4,2013-06-12 00:00:00,2025-07-10 00:00:00,,4,4411,4411,99999
1014288,112.12,C,VK20,,,150,FACOM,,4,2013-06-12 00:00:00,2025-07-10 00:00:00,,4,4411,4411,99999
1014289,112.12,C,VK20,,,150,FACOM,,4,2013-06-12 00:00:00,2025-07-10 00:00:00,,4,4411,4411,99999
1014291,112.12,C,VK20,,,150,FACOM,,4,2013-06-12 00:00:00,2025-07-10 00:00:00,,4,4411,4411,99999
1014292,112.12,C,VK20,,,150,FACOM,,4,2013-06-12 00:00:00,2025-07-10 00:00:00,,4,4411,4411,99999
301075,112.12,,VR Výdejna,,,150,Mitutoyo,,5,2003-01-20 00:00:00,2015-02-17 00:00:00,2015-02-17 00:00:00,3,4411,2923,4165
301997,112.11,D,V 22,,,600,Somet,,5,2003-01-15 00:00:00,2015-06-17 00:00:00,2015-02-12 00:00:00,4,4411,2984,3661
1012720,112.12,C,PSZ/3,PSZ/3,Údržba,150,,,5,2013-02-05 00:00:00,2025-03-04 00:00:00,,3,4410,4410,99999
1015500,112.12,C,V 10,PSW-F,Montáž,150,,,4,2013-04-15 00:00:00,2025-05-12 00:00:00,,4,4410,4410,99999
1015502,112.12,B,V 10,PSW-T,Sklad,150,,,4,2013-04-15 00:00:00,2025-05-12 00:00:00,,4,4410,4410,99999
202279,112.11,C,V160,,,150,Somet,,3,1999-12-17 00:00:00,2012-01-13 00:00:00,2012-01-13 00:00:00,6,4410,2183,2737
309708,112.12,D,V 22,,,160,Somet,14016459,10,2007-10-08 00:00:00,2019-11-04 00:00:00,2019-11-04 00:00:00,1,4410,4272,4401
1008375,112.11,D,V 29,PSW-P,Obrábění,160,,,4,2012-02-16 00:00:00,2024-03-13 00:00:00,2024-03-13 00:00:00,4,4409,2941,4391
1012856,112.11,D,PSZ/3,,,630,,,5,2012-03-15 00:00:00,2024-04-10 00:00:00,,3,4409,4409,99999
1012863,112.11,D,PSZ/3,PSZ/3,Obrábění,1000,,,5,2012-03-15 00:00:00,2024-04-10 00:00:00,,3,4409,4409,99999
307934,112.11,B,V 29,PSW-T,Sklad,160,Somet,11016511,6,2006-09-26 00:00:00,2022-11-08 00:00:00,2018-10-22 00:00:00,4,4409,2947,4400
46388,112.12,D,V 22,,,,Mitutoyo,551,5,2003-10-16 00:00:00,2015-11-10 00:00:00,,1,4408,4408,99999
1009458,112.11,D,V 29,PSW-P,Obrábění,160,Somet,,5,2012-05-17 00:00:00,2024-06-10 00:00:00,,4,4407,4407,99999
304258,112.11,B,VK20,EIB,Vývoj,150,,,4,2008-10-03 00:00:00,2020-10-27 00:00:00,,4,4407,4407,99999
201112,112.11,C,V160,,,150,Somet,,3,1999-09-10 00:00:00,2011-10-03 00:00:00,2011-10-03 00:00:00,6,4406,2190,2734
305363,112.11,D,V 22,,,150,Somet,,3,1999-01-25 00:00:00,2011-02-16 00:00:00,,4,4405,4405,99999
302909,112.12,D,V 22,,,160,Somet,14016458,9,2005-03-31 00:00:00,2017-04-21 00:00:00,,2,4404,4404,99999
37556,112.11,B,PSW-T,PSW-T,TK,1000,,,6,2002-02-21 00:00:00,2014-03-14 00:00:00,,3,4404,4404,99999
1002806,112.11,B,V 29,PSW-T,Sklad,160,Somet,,4,2009-10-30 00:00:00,2021-11-19 00:00:00,,4,4403,4403,99999
1009391,112.12,C,V 10,PSW-F,Montáž,200,Filletta,,4,2012-05-10 00:00:00,2024-05-30 00:00:00,,4,4403,4403,99999
1009392,112.12,C,V 10,PSW-F,Montáž,200,Filletta,,4,2012-05-10 00:00:00,2024-05-30 00:00:00,,4,4403,4403,99999
1011966,112.11,C,PSZ/3,PSZ/3,Údržba,800,,,5,2013-01-18 00:00:00,2025-02-07 00:00:00,,3,4403,4403,99999
1012093,112.11,B,V 29,PSW-T,Sklad,300,,,4,2013-03-04 00:00:00,2025-03-24 00:00:00,,4,4403,4403,99999
308984,112.11,D,PSZ/3,,,160,Somet,11016651,5,2007-05-03 00:00:00,2019-05-23 00:00:00,2019-05-23 00:00:00,3,4403,3303,4390
42189,112.12,D,V 31,PSW-P,Obrábění,160,Somet,,5,2002-10-01 00:00:00,2014-10-21 00:00:00,2014-10-21 00:00:00,4,4403,2908,4388
42190,112.12,D,V 31,PSW-P,Obrábění,160,Somet,,5,2002-10-01 00:00:00,2014-10-21 00:00:00,2014-10-21 00:00:00,4,4403,2876,4388
1007095,112.11,C,V 29,PSW-P,Montáž,160,Somet,,4,2011-09-06 00:00:00,2023-09-25 00:00:00,,4,4402,4402,99999
1012497,112.11,C,V270,PF1-K,Údržba,160,Somet,,3,2013-03-06 00:00:00,2025-03-25 00:00:00,,6,4402,4402,99999
1012699,112.12,D,V 29,PSW-P,Obrábění,150,Insize,,5,2012-01-06 00:00:00,2024-01-25 00:00:00,,4,4402,4402,99999
1012700,112.12,C,V 29,PSW-T,Údržba,150,Insize,,5,2012-01-06 00:00:00,2024-01-25 00:00:00,,4,4402,4402,99999
200454,112.11,C,VL10,,,150,Somet,,3,1999-11-04 00:00:00,2011-11-22 00:00:00,,6,4401,4401,99999
309794,112.12,D,V 31,PSW-P,Obrábění,160,Somet,14016459,4,2007-10-25 00:00:00,2019-11-12 00:00:00,2019-11-12 00:00:00,4,4401,2939,4393
37554,112.11,B,PSW-T,PSW-T,TK,,,,6,2002-02-21 00:00:00,2014-03-11 00:00:00,,3,4401,4401,99999
41269,112.11,D,V 31,PSW-P,Obrábění,150,,,5,2002-10-03 00:00:00,2014-10-21 00:00:00,,4,4401,4401,99999
1007116,112.12,C,VK20,,,150,FACOM,,4,2011-09-24 00:00:00,2023-10-11 00:00:00,2023-10-11 00:00:00,4,4400,2946,4402
1007118,112.12,C,VK20,,,150,FACOM,,4,2011-09-24 00:00:00,2023-10-11 00:00:00,,4,4400,4400,99999
41621,112.11,B,V 10,PSW-S,Vedení,,Mitutoyo,533,5,2001-04-02 00:00:00,2013-04-19 00:00:00,2013-04-19 00:00:00,4,4400,2926,3865
1003157,112.11,C,V 10,PSW-F,Montáž,160,Somet,,4,2010-01-12 00:00:00,2022-01-28 00:00:00,,4,4399,4399,99999
1007117,112.12,C,VK20,,,150,FACOM,,4,2011-09-24 00:00:00,2023-10-10 00:00:00,,4,4399,4399,99999
1007121,112.12,C,VK20,,,150,FACOM,,4,2011-09-24 00:00:00,2023-10-10 00:00:00,,4,4399,4399,99999
201041,112.11,C,V160,,,150,Somet,,3,2000-03-31 00:00:00,2012-04-16 00:00:00,2012-04-16 00:00:00,6,4399,2196,2930
306017,112.11,B,V180,PFO-P/1,Vedení,150,Somet,,3,2005-11-16 00:00:00,2017-11-30 00:00:00,,6,4397,4397,99999
41168,112.11,B,PSW-T,PSW-T,TK,150,Somet,,6,2002-09-03 00:00:00,2014-09-17 00:00:00,,3,4397,4397,99999
200204,112.11,B,VL10,PPF-L,Vedení,150,Somet,,3,2003-04-15 00:00:00,2015-04-28 00:00:00,2015-04-28 00:00:00,6,4396,2198,4365
200308,112.11,C,VL10,,,150,Somet,,3,2003-04-15 00:00:00,2015-04-28 00:00:00,2015-04-28 00:00:00,6,4396,2198,4361
300995,112.11,C,VR/PKD/31,PKD/3,Údržba,150,,,5,2002-06-17 00:00:00,2014-06-30 00:00:00,2014-06-30 00:00:00,3,4396,3291,3934
301008,112.11,C,VR/PKD/31,PKD/3,Údržba,150,,,5,2002-06-17 00:00:00,2014-06-30 00:00:00,2014-06-30 00:00:00,3,4396,3292,3934
304248,112.11,C,VK30,,,150,,,4,2008-10-21 00:00:00,2020-11-02 00:00:00,2020-11-02 00:00:00,4,4395,2923,5612
311680,112.12,D,V270,,,150,,,5,2008-10-09 00:00:00,2020-10-21 00:00:00,2020-10-21 00:00:00,2,4395,3645,4383
1016452,112.12,D,V 10,PSW-F,Obrábění,150,Somet,,4,2013-05-01 00:00:00,2025-05-12 00:00:00,,4,4394,4394,99999
300994,112.11,C,VR/PKD/31,PKD/2,Logistika,150,Somet,,5,2002-06-19 00:00:00,2014-06-30 00:00:00,,3,4394,4394,99999
1001835,112.12,C,VK30,,,150,Kinex,,4,2009-05-11 00:00:00,2021-05-21 00:00:00,,4,4393,4393,99999
1012939,112.12,D,V 29,PSW-P,Obrábění,150,Somet,,4,2013-03-22 00:00:00,2025-04-01 00:00:00,,4,4393,4393,99999
1012945,112.12,C,V 29,PSW-P,Montáž,150,Somet,,4,2013-03-22 00:00:00,2025-04-01 00:00:00,,4,4393,4393,99999
1003156,112.11,D,V 29,PSW-P,Obrábění,160,Somet,,4,2010-01-12 00:00:00,2022-01-21 00:00:00,,4,4392,4392,99999
1003162,112.11,C,V 29,PSW-P,Montáž,160,Somet,,4,2010-01-12 00:00:00,2022-01-21 00:00:00,,4,4392,4392,99999
1012848,112.11,D,PSZ/3,PSZ/3,Obrábění,400,,,5,2012-07-23 00:00:00,2024-07-31 00:00:00,,3,4391,4391,99999
17101,112.12,A,GQD-2,GQD,Kvalita,150,Mitutoyo,500,7,2000-02-17 00:00:00,2012-02-24 00:00:00,2012-02-24 00:00:00,2,4390,3655,4855
201540,112.11,C,V160,,,400,Somet,,3,1998-05-21 00:00:00,2010-05-28 00:00:00,2010-05-28 00:00:00,6,4390,2199,2223
304254,112.11,B,VK20,EIB,Vývoj,150,,,4,2008-10-08 00:00:00,2020-10-15 00:00:00,,4,4390,4390,99999
41756,112.12,C,V 10,PSW-F,Montáž,200,Somet,,5,2001-09-12 00:00:00,2013-09-19 00:00:00,,4,4390,4390,99999
1007456,112.12,B,VK20,PFK/1,Sklad,150,FACOM,,4,2011-11-03 00:00:00,2023-11-09 00:00:00,2023-11-09 00:00:00,4,4389,2944,4396
1007462,112.12,B,VK20,PFK/1,Sklad,150,FACOM,,4,2011-11-03 00:00:00,2023-11-09 00:00:00,,4,4389,4389,99999
1015304,112.12,B,V 10,PSW-T,Sklad,300,Filletta,,4,2013-05-28 00:00:00,2025-06-03 00:00:00,,4,4389,4389,99999
16120,112.11,D,V 22,,,250,,,8,2000-06-15 00:00:00,2015-04-24 00:00:00,2012-06-21 00:00:00,1,4389,2644,4973
200202,112.11,C,VL10,PFO-L/52,Údržba,150,Somet,,3,2003-03-18 00:00:00,2015-03-24 00:00:00,2015-03-24 00:00:00,6,4389,2187,4330
200317,112.11,C,VL10,PFO-L/52,Údržba,160,Somet,,2,1999-02-24 00:00:00,2011-03-02 00:00:00,,6,4389,4389,99999
31447,112.11,D,V 22,,,250,Somet,,6,1999-03-24 00:00:00,2011-03-30 00:00:00,,1,4389,4389,99999
302011,112.11,D,V 22,,,160,Somet,,4,2002-01-22 00:00:00,2014-01-27 00:00:00,,4,4388,4388,99999
304223,112.11,C,VK20,,,150,,,4,2008-10-29 00:00:00,2020-11-02 00:00:00,2020-11-02 00:00:00,4,4387,2918,5612
304313,112.12,C,VK20,,,150,Mitutoyo,500,4,2008-10-02 00:00:00,2020-10-05 00:00:00,,4,4386,4386,99999
200200,112.11,C,VL10,PFO-L/52,Údržba,150,Somet,,3,2003-03-18 00:00:00,2015-03-20 00:00:00,2015-03-20 00:00:00,6,4385,2187,4326
33025,112.11,D,V 22,,,120,,,10,2000-01-28 00:00:00,2013-01-17 00:00:00,2012-01-30 00:00:00,1,4385,4003,4037
304227,112.11,C,VK20,,,150,,,4,2008-10-13 00:00:00,2020-10-14 00:00:00,,4,4384,4384,99999
41425,112.11,D,V 10,PSW-F,Obrábění,250,,,5,2001-09-10 00:00:00,2013-09-11 00:00:00,,4,4384,4384,99999
200580,112.11,C,VA30,,,200,,,5,2001-04-24 00:00:00,2013-04-24 00:00:00,2013-04-24 00:00:00,5,4383,2541,3298
1011902,112.12,A,VR/GQH,GQH-2,Kvalita,200,Mitutoyo,500,7,2012-11-15 00:00:00,2024-11-14 00:00:00,,3,4382,4382,99999
1011903,112.12,A,VR/GQH,GQH-2,Kvalita,200,Mitutoyo,500,6,2012-11-15 00:00:00,2024-11-14 00:00:00,,5,4382,4382,99999
1011904,112.12,A,VR/GQH,GQH-2,Kvalita,150,Mitutoyo,500,7,2012-11-15 00:00:00,2024-11-14 00:00:00,,3,4382,4382,99999
1011905,112.12,A,VR/GQH,GQH-2,Kvalita,200,Mahr,16EWV,7,2012-11-15 00:00:00,2024-11-14 00:00:00,,3,4382,4382,99999
1011907,112.12,A,VR/GQH,GQH-2,Kvalita,150,Mitutoyo,500,6,2012-11-15 00:00:00,2024-11-14 00:00:00,,5,4382,4382,99999
200307,112.11,C,VL10,,,150,Somet,,3,1998-01-19 00:00:00,2010-01-18 00:00:00,2010-01-18 00:00:00,6,4382,2187,2435
200450,112.11,C,VL10,PFO-L/52,Údržba,150,Somet,,3,1998-01-19 00:00:00,2010-01-18 00:00:00,,6,4382,4382,99999
31078,112.11,D,V 22,PKG,Hutě,160,Somet,,12,2000-09-18 00:00:00,2023-04-11 00:00:00,2012-09-17 00:00:00,4,4382,3671,4382
43707,112.11,D,V 10,PSW-F,Obrábění,600,,,5,2002-12-06 00:00:00,2014-12-05 00:00:00,,4,4382,4382,99999
41336,112.12,D,V 31,PSW-P,Obrábění,160,Somet,,5,2002-08-08 00:00:00,2014-08-06 00:00:00,,4,4381,4381,99999
44938,112.11,D,V 31,PSW-P,Obrábění,150,Somet,,5,2002-01-30 00:00:00,2014-01-28 00:00:00,,4,4381,4381,99999
200355,112.11,C,VL10,,,150,Somet,,2,1998-01-21 00:00:00,2010-01-18 00:00:00,2010-01-18 00:00:00,6,4380,0,2434
200356,112.11,C,VL10,,,150,Somet,,3,1998-01-21 00:00:00,2010-01-18 00:00:00,2010-01-18 00:00:00,6,4380,2185,2434
200423,112.11,C,VL10,,,150,Somet,,3,1998-01-21 00:00:00,2010-01-18 00:00:00,,6,4380,4380,99999
200430,112.11,C,VL10,,,150,Somet,,2,1998-01-21 00:00:00,2010-01-18 00:00:00,2010-01-18 00:00:00,6,4380,0,2422
200433,112.11,C,VL10,,,150,Somet,,2,1998-01-21 00:00:00,2010-01-18 00:00:00,2010-01-18 00:00:00,6,4380,0,2414
200456,112.11,C,VL10,,,150,Somet,,2,1998-01-21 00:00:00,2010-01-18 00:00:00,2010-01-18 00:00:00,6,4380,0,2386
200461,112.11,C,VL10,,,150,Somet,,2,1998-01-21 00:00:00,2010-01-18 00:00:00,2010-01-18 00:00:00,6,4380,0,2350
305466,112.12,A,M6,GQH-1,Kvalita,160,Somet,14016458,19,2005-09-16 00:00:00,2025-01-27 00:00:00,2017-09-13 00:00:00,1,4380,3974,4369
29926,112.12,A,VL10,GQF-1,Kvalita,300,Shan,,3,2008-05-16 00:00:00,2020-05-12 00:00:00,,6,4379,4379,99999
303140,112.11,C,VK20,,,150,Somet,,4,2008-10-10 00:00:00,2020-10-06 00:00:00,2020-10-06 00:00:00,4,4379,2934,5622
200095,112.12,A,GQF-3,GQF-3,Kvalita,200,Mitutoyo,500,6,2002-09-09 00:00:00,2014-09-03 00:00:00,2014-09-03 00:00:00,2,4377,3635,4397
301048,112.12,D,VR/PKD/31,,,150,Mitutoyo,,5,2002-01-25 00:00:00,2014-01-16 00:00:00,2014-01-16 00:00:00,3,4374,3282,3769
304241,112.11,C,VK20,,,150,,,4,2008-10-15 00:00:00,2020-10-06 00:00:00,,4,4374,4374,99999
33249,112.12,D,V 22,,,300,Somet,,14,2001-01-30 00:00:00,2014-05-21 00:00:00,2013-01-21 00:00:00,1,4374,3950,4374
37581,112.11,B,PSW-T,PSW-T,TK,150,,,6,2002-02-28 00:00:00,2014-02-18 00:00:00,,3,4373,4373,99999
44874,112.11,D,V 31,PSW-P,Obrábění,150,Somet,,5,2002-02-06 00:00:00,2014-01-27 00:00:00,,4,4373,4373,99999
301078,112.12,B,VR/PKD/31,EIB,Vývoj,150,Mitutoyo,,5,2002-01-25 00:00:00,2014-01-14 00:00:00,2014-01-14 00:00:00,3,4372,3286,3766
301036,112.12,B,VR Výdejna,EIB,Vývoj,150,Mitutoyo,,5,2002-01-28 00:00:00,2014-01-15 00:00:00,2014-01-15 00:00:00,3,4370,3284,3768
304262,112.11,C,VK20,,,150,Somet,,4,2008-10-20 00:00:00,2020-10-07 00:00:00,,4,4370,4370,99999
304250,112.11,C,VK20,,,150,Somet,,4,2008-10-22 00:00:00,2020-10-08 00:00:00,,4,4369,4369,99999
36393,112.12,B,PSW-T,PSW-T,TK,150,,,6,2001-10-25 00:00:00,2013-10-11 00:00:00,,3,4369,4369,99999
37007,112.11,D,V 22,,,150,,,4,1998-05-14 00:00:00,2010-04-30 00:00:00,,5,4369,4369,99999
1015048,112.12,C,VK30,,,150,FACOM,,4,2013-07-25 00:00:00,2025-07-10 00:00:00,,4,4368,4368,99999
1015516,112.12,D,V 29,PSW-P,Obrábění,150,,,4,2013-08-19 00:00:00,2025-08-04 00:00:00,,4,4368,4368,99999
1015517,112.12,D,V 29,PSW-P,Obrábění,150,,,4,2013-08-19 00:00:00,2025-08-04 00:00:00,,4,4368,4368,99999
1015518,112.12,D,V 29,PSW-P,Obrábění,150,,,4,2013-08-19 00:00:00,2025-08-04 00:00:00,,4,4368,4368,99999
1015519,112.12,D,V 29,PSW-P,Obrábění,150,,,4,2013-08-19 00:00:00,2025-08-04 00:00:00,,4,4368,4368,99999
37003,112.11,D,V 22,,,150,Somet,,4,1998-05-14 00:00:00,2010-04-29 00:00:00,2010-04-29 00:00:00,5,4368,2902,3061
38809,112.12,B,V 29,PSW-T,Sklad,150,Mitutoyo,500,5,2001-05-04 00:00:00,2013-04-19 00:00:00,,4,4368,4368,99999
303136,112.11,C,VK20,,,150,,,4,2008-10-22 00:00:00,2020-10-06 00:00:00,,4,4367,4367,99999
38802,112.11,D,V 29,PSW-V,Obrábění,250,Somet,,6,2000-11-28 00:00:00,2013-10-09 00:00:00,2012-11-12 00:00:00,4,4367,2925,3827
301890,112.12,D,V 22,,,130,Mitutoyo,505,4,2002-09-26 00:00:00,2014-09-09 00:00:00,,4,4366,4366,99999
33545,112.11,D,V 22,,,160,Somet,,12,2001-02-22 00:00:00,2013-04-24 00:00:00,2013-02-05 00:00:00,2,4366,3606,4367
37649,112.11,B,PSW-T,PSW-T,TK,300,,,6,2002-03-08 00:00:00,2014-02-19 00:00:00,,3,4366,4366,99999
41590,112.11,B,V 10,PSW-S,Vedení,1000,,,5,2001-11-29 00:00:00,2013-11-12 00:00:00,2013-11-12 00:00:00,4,4366,2871,4073
1009872,112.12,C,V 29,PSW-V,Montáž,150,,,4,2012-06-29 00:00:00,2024-06-10 00:00:00,,4,4364,4364,99999
310616,112.12,B,V 10,PSW-T,Sklad,,Vogel,202007,4,2008-03-07 00:00:00,2020-02-14 00:00:00,,4,4361,4361,99999
304295,112.12,C,VK20,,,150,Mitutoyo,500,4,2008-10-30 00:00:00,2020-10-05 00:00:00,2020-10-05 00:00:00,4,4358,2916,5584
29922,112.11,D,V 22,,,300,Shan,,2,2000-07-17 00:00:00,2012-06-21 00:00:00,,4,4357,4357,99999
42187,112.12,D,V 29,PSW-P,Obrábění,160,Somet,,8,2002-10-01 00:00:00,2022-12-07 00:00:00,2014-09-05 00:00:00,4,4357,2876,4342
32153,112.11,D,V 22,,,160,Somet,,8,2000-11-09 00:00:00,2014-04-14 00:00:00,2012-10-12 00:00:00,1,4355,3940,4355
1009870,112.12,D,V 29,PSW-P,Obrábění,150,,,4,2012-06-29 00:00:00,2024-05-31 00:00:00,2024-05-31 00:00:00,4,4354,2911,4343
46015,112.12,B,V 29,PSW-S,Vedení,300,Somet,,5,2003-08-12 00:00:00,2015-07-14 00:00:00,2015-07-14 00:00:00,4,4354,2894,4344
1016962,112.12,D,VR/PKD/31,PKD/11,Obrábění,150,Mitutoyo,500,11,2013-07-10 00:00:00,2025-06-09 00:00:00,,1,4352,4352,99999
35457,112.12,D,V 22,PKH,Obrábění,150,Kinex,,13,2001-08-03 00:00:00,2024-06-06 00:00:00,2013-07-03 00:00:00,1,4352,2889,4352
1016948,112.12,D,VR/PKD/31,PKD/11,Obrábění,150,Mitutoyo,500,9,2013-07-11 00:00:00,2025-06-09 00:00:00,,1,4351,4351,99999
308771,112.12,D,V 22,,,160,Somet,14016459,4,2007-03-15 00:00:00,2019-02-11 00:00:00,2019-02-11 00:00:00,4,4351,2932,4339
303672,112.12,D,V 22,,,280,Mitutoyo,505,4,2002-02-25 00:00:00,2014-01-22 00:00:00,2014-01-22 00:00:00,4,4349,2906,3145
200243,112.11,C,VL10,PFO-L/4,Údržba,160,Somet,,3,1999-02-24 00:00:00,2011-01-13 00:00:00,,6,4341,4341,99999
1011319,112.12,C,VR/PKD/31,PKD/3,Údržba,150,Mitutoyo,500,8,2012-11-28 00:00:00,2024-10-16 00:00:00,,5,4340,4340,99999
200237,112.11,C,VL10,,,160,Somet,,3,1999-02-24 00:00:00,2011-01-12 00:00:00,2011-01-12 00:00:00,6,4340,2149,2798
200241,112.11,B,VL10,PPF-L,Vedení,160,Somet,,3,1999-02-24 00:00:00,2011-01-12 00:00:00,,6,4340,4340,99999
200229,112.11,C,VL10,,,160,Somet,,3,1999-02-24 00:00:00,2011-01-10 00:00:00,2011-01-10 00:00:00,6,4338,2163,2796
200234,112.11,C,VL10,,,160,Somet,,3,1999-02-24 00:00:00,2011-01-10 00:00:00,2011-01-10 00:00:00,6,4338,2149,2796
200240,112.11,C,VL10,PFO-L/52,Údržba,160,Somet,,3,1999-02-24 00:00:00,2011-01-10 00:00:00,,6,4338,4338,99999
200244,112.11,C,VL10,,,160,Somet,,3,1999-02-24 00:00:00,2011-01-10 00:00:00,2011-01-10 00:00:00,6,4338,2155,2796
200249,112.11,C,VL10,PFO-L/52,Údržba,160,Somet,,3,1999-02-24 00:00:00,2011-01-10 00:00:00,,6,4338,4338,99999
200265,112.11,C,VL10,,,160,Somet,,3,1999-02-24 00:00:00,2011-01-10 00:00:00,2011-01-10 00:00:00,6,4338,2155,2793
1004829,112.12,B,V270,PF1/1,Provozní laboratoř,150,,,4,2010-10-14 00:00:00,2022-08-29 00:00:00,,4,4337,4337,99999
41604,112.11,B,V 10,PSW-S,Vedení,400,,,5,2000-12-05 00:00:00,2012-10-18 00:00:00,,4,4335,4335,99999
1012647,112.11,B,V 10,PSW-T,Sklad,150,,,5,2012-03-13 00:00:00,2024-01-24 00:00:00,,4,4334,4334,99999
1012652,112.11,B,V 10,PSW-T,Sklad,150,,,5,2012-03-13 00:00:00,2024-01-24 00:00:00,,4,4334,4334,99999
41608,112.11,D,V 10,PSW-F,Obrábění,400,Somet,,4,2000-12-19 00:00:00,2012-10-30 00:00:00,,4,4333,4333,99999
43230,112.11,D,V 10,PSW-F,Obrábění,400,,,5,2002-09-18 00:00:00,2014-07-30 00:00:00,2014-07-30 00:00:00,4,4333,2865,4264
1004604,112.11,D,V270,,,160,Somet,,3,2010-09-06 00:00:00,2022-07-15 00:00:00,2022-07-15 00:00:00,6,4330,2234,4327
41420,112.11,D,V 10,PSW-F,Obrábění,250,Somet,,5,2000-12-15 00:00:00,2012-10-22 00:00:00,,4,4329,4329,99999
1009848,112.12,C,VR/PKD/31,PKD/3,Údržba,150,,,8,2011-12-13 00:00:00,2023-10-17 00:00:00,,3,4326,4326,99999
202283,112.11,C,V180,,,150,Somet,,2,1999-12-20 00:00:00,2011-10-24 00:00:00,,6,4326,4326,99999
45900,112.11,D,V 31,PSW-P,Obrábění,150,,,5,2003-06-27 00:00:00,2015-04-30 00:00:00,,4,4325,4325,99999
309898,112.11,B,V 10,PSW-T,Sklad,160,Somet,11015611,4,2007-11-08 00:00:00,2019-09-06 00:00:00,,4,4320,4320,99999
27145,112.12,D,V 22,,,200,Mitutoyo,550,14,2000-08-28 00:00:00,2012-06-25 00:00:00,,4,4319,4319,99999
41692,112.12,D,V 10,PSW-F,Obrábění,150,Mitutoyo,500,5,1999-09-03 00:00:00,2011-07-01 00:00:00,2011-07-01 00:00:00,4,4319,2868,3202
41240,112.11,D,V 10,PSW-F,Obrábění,150,Mitutoyo,530,5,1999-09-22 00:00:00,2011-07-11 00:00:00,,4,4310,4310,99999
203314,112.11,D,V270,,,150,,,2,1994-03-18 00:00:00,2006-01-03 00:00:00,,6,4309,4309,99999
41335,112.12,C,V 29,PSW-V,Montáž,160,Somet,,5,2002-08-08 00:00:00,2014-05-26 00:00:00,2014-05-26 00:00:00,4,4309,2847,4277
1005780,112.12,D,V 29,PSW-V,Obrábění,200,Mitutoyo,,5,2011-02-23 00:00:00,2022-12-07 00:00:00,2022-12-07 00:00:00,4,4305,2815,4296
1011449,112.12,D,VR/PKD/31,PKD/13,Hutě,150,Mitutoyo,500,12,2012-11-27 00:00:00,2024-09-10 00:00:00,,5,4305,4305,99999
1011779,112.12,D,V 22,PKM,Obrábění,150,MITAKO,907,9,2013-01-09 00:00:00,2024-10-23 00:00:00,,1,4305,4305,99999
33297,112.12,D,V 22,,,300,Somet,,8,2001-02-01 00:00:00,2019-06-17 00:00:00,2012-11-12 00:00:00,1,4302,2808,4302
1009842,112.12,D,VR/PKD/31,PKD/11,Obrábění,150,,,7,2011-12-13 00:00:00,2023-09-18 00:00:00,,1,4297,4297,99999
1009843,112.12,D,VR/PKD/31,PKD/12,Obrábění,150,,,10,2011-12-13 00:00:00,2023-09-18 00:00:00,,1,4297,4297,99999
43262,112.12,C,V 10,PSW-F,Montáž,150,Somet,,5,2002-09-26 00:00:00,2014-07-02 00:00:00,,4,4297,4297,99999
33256,112.12,D,V 22,,,300,Somet,,12,2001-01-30 00:00:00,2012-10-31 00:00:00,2012-10-31 00:00:00,1,4292,3859,4292
306269,112.12,C,V180,,,150,Mitutoyo,500,4,2002-12-06 00:00:00,2014-09-02 00:00:00,,4,4288,4288,99999
41704,112.12,D,V 10,PSW-F,Obrábění,150,Somet,,5,2001-09-10 00:00:00,2013-06-07 00:00:00,,4,4288,4288,99999
1011451,112.12,C,VR/PKD/31,PKD/15,Montáž,150,Mitutoyo,,11,2012-11-27 00:00:00,2024-08-21 00:00:00,,1,4285,4285,99999
44998,112.11,D,V 31,PSW-P,Obrábění,150,Somet,,4,2001-05-02 00:00:00,2013-01-21 00:00:00,,4,4282,4282,99999
31107,112.12,D,V 22,,,300,Somet,,12,2000-09-19 00:00:00,2012-06-07 00:00:00,2012-06-07 00:00:00,1,4279,3884,4279
202345,112.11,C,V160,,,150,Somet,,3,2003-01-14 00:00:00,2014-09-30 00:00:00,2014-09-30 00:00:00,6,4277,2241,3724
36689,112.12,A,GQD-1/5,GQD-1,Kvalita,150,Mitutoyo,500,8,2001-11-15 00:00:00,2013-08-01 00:00:00,,2,4277,4277,99999
310417,112.12,D,V 22,PKG,Hutě,150,Somet,907,15,2008-02-01 00:00:00,2024-09-09 00:00:00,2019-10-16 00:00:00,1,4275,3918,4262
1006232,112.12,D,V 22,,,200,,907,5,2011-05-24 00:00:00,2023-02-01 00:00:00,,1,4271,4271,99999
44488,112.12,B,V 29,PSW-S,Vedení,200,,,7,2001-05-29 00:00:00,2013-02-04 00:00:00,2013-02-04 00:00:00,4,4269,2828,3619
1016444,112.12,C,V 29,PSW-P,Montáž,150,Somet,,4,2013-09-13 00:00:00,2025-05-21 00:00:00,,4,4268,4268,99999
35490,112.12,D,V 22,PKG,Obrábění,150,Somet,,13,2001-07-18 00:00:00,2023-02-03 00:00:00,2013-03-15 00:00:00,3,4258,3514,4237
1002134,112.11,D,V270,,,160,Somet,,4,2009-07-07 00:00:00,2021-03-01 00:00:00,,6,4255,4255,99999
34132,112.11,C,V 22,PKG,Údržba,150,Somet,,17,2001-03-28 00:00:00,2024-06-05 00:00:00,2012-11-19 00:00:00,2,4254,3491,4255
44463,112.11,D,V 31,PSW-P,Obrábění,150,China,,4,2002-12-13 00:00:00,2014-08-06 00:00:00,,4,4254,4254,99999
41479,112.11,C,V 10,PSW-F,Montáž,300,,,5,2000-11-23 00:00:00,2012-07-16 00:00:00,2012-07-16 00:00:00,4,4253,2780,3591
32237,112.12,C,M6,,,150,Somet,14016459,4,2000-10-11 00:00:00,2012-05-24 00:00:00,2012-05-24 00:00:00,5,4243,2343,4213
201543,112.11,C,V160,,,600,Somet,,3,1998-10-01 00:00:00,2010-05-07 00:00:00,,6,4236,4236,99999
41307,112.11,D,V 10,PSW-F,Obrábění,150,,,5,2000-10-31 00:00:00,2012-06-05 00:00:00,,4,4235,4235,99999
1014375,112.12,C,V270,PF1-K,Svařovna,150,,,5,2013-06-18 00:00:00,2025-01-22 00:00:00,2025-01-10 00:00:00,4,4224,2701,4216
30276,112.12,D,V 22,,,300,Somet,,5,2000-08-03 00:00:00,2012-02-23 00:00:00,2012-02-23 00:00:00,1,4221,3759,4221
1010028,112.12,D,V 29,PSW-P,Obrábění,150,,,4,2012-07-10 00:00:00,2024-01-29 00:00:00,,4,4220,4220,99999
304979,112.11,C,V180,,,150,Hommel,31007,3,2003-07-16 00:00:00,2015-01-30 00:00:00,,6,4216,4216,99999
46524,112.11,D,V 22,,,160,Somet,,6,2003-11-10 00:00:00,2015-05-25 00:00:00,,3,4214,4214,99999
33547,112.11,D,V 22,,,150,,,16,2001-02-22 00:00:00,2024-01-05 00:00:00,2012-09-04 00:00:00,2,4212,3455,4213
304800,112.12,C,V180,,,150,Mitutoyo,500,4,2004-05-17 00:00:00,2015-11-26 00:00:00,,4,4210,4210,99999
41925,112.12,D,V 22,,,150,Somet,,13,2002-10-02 00:00:00,2019-11-06 00:00:00,2014-04-10 00:00:00,1,4208,3355,4208
1008535,112.12,B,VR/PKD/33,PKD/3,TK,200,MITAKO,907,10,2012-03-14 00:00:00,2023-09-20 00:00:00,,2,4207,4207,99999
311264,112.12,C,V160,,,150,,,3,2008-07-10 00:00:00,2020-01-15 00:00:00,2020-01-15 00:00:00,4,4206,3352,4198
1007521,112.11,A,GQH-1/1,GQH-1,Kvalita,300,,,4,2011-11-09 00:00:00,2023-05-15 00:00:00,,4,4205,4205,99999
42240,112.11,C,M6,,,200,TESA,,6,2002-10-17 00:00:00,2014-08-27 00:00:00,2014-04-22 00:00:00,2,4205,3267,4205
41481,112.11,C,V 10,PSW-F,Montáž,300,,,5,2000-12-01 00:00:00,2012-06-05 00:00:00,,4,4204,4204,99999
44897,112.11,D,V 31,PSW-P,Obrábění,150,Somet,,4,2003-02-03 00:00:00,2014-08-07 00:00:00,,4,4203,4203,99999
27129,112.12,B,V 22,PKT/1,TK,150,Mitutoyo,573,13,2001-02-22 00:00:00,2023-07-13 00:00:00,2012-08-21 00:00:00,2,4198,3441,4561
38602,112.11,B,V 29,PSW-S,Vedení,300,,,5,2001-05-17 00:00:00,2012-11-12 00:00:00,2012-11-12 00:00:00,4,4197,2752,3833
30541,112.12,D,V 22,PKG,Obrábění,150,Somet,,27,2001-02-21 00:00:00,2024-09-05 00:00:00,2012-08-16 00:00:00,1,4194,3788,4376
203145,112.11,D,V270,,,150,Somet,,2,1996-10-14 00:00:00,2008-03-25 00:00:00,2008-03-25 00:00:00,6,4180,0,1266
201617,112.12,C,V160,,,160,Somet,,4,2003-12-03 00:00:00,2015-05-12 00:00:00,2015-05-12 00:00:00,4,4178,2498,4030
31040,112.11,D,V 22,PKG,Hutě,160,Somet,,16,2000-09-18 00:00:00,2025-05-14 00:00:00,2012-02-20 00:00:00,3,4172,3811,4175
38790,112.11,D,V 29,PSW-V,Obrábění,200,,,5,2002-02-12 00:00:00,2013-07-16 00:00:00,,4,4172,4172,99999
306358,112.11,D,V270,,,160,Somet,11016551,3,2005-12-07 00:00:00,2017-05-09 00:00:00,2017-05-09 00:00:00,6,4171,1958,4163
47622,112.12,D,V 31,PSW-P,Obrábění,160,Somet,,5,2004-04-26 00:00:00,2015-09-21 00:00:00,,4,4165,4165,99999
33044,112.11,D,V 22,,,160,Somet,,10,1999-03-24 00:00:00,2010-08-17 00:00:00,,4,4164,4164,99999
35850,112.11,D,V 22,,,160,Somet,,13,2001-09-14 00:00:00,2019-10-04 00:00:00,2013-02-07 00:00:00,4,4164,3409,4167
27153,112.12,D,V 22,,,200,Mitutoyo,550,13,2000-09-29 00:00:00,2012-02-22 00:00:00,,1,4163,4163,99999
46254,112.12,B,V 22,PKT/1,TK,160,Somet,,19,2003-09-29 00:00:00,2022-07-28 00:00:00,2015-02-16 00:00:00,3,4158,3795,4154
1016938,112.11,D,V270,,,160,Somet,,3,2013-11-06 00:00:00,2025-03-24 00:00:00,,6,4156,4156,99999
1011320,112.12,C,VR/PKD/31,PKD/2,Logistika,150,FACOM,1300E,5,2012-11-28 00:00:00,2024-04-11 00:00:00,,3,4152,4152,99999
201097,112.11,C,V160,,,150,Somet,,3,1999-09-10 00:00:00,2011-01-20 00:00:00,2011-01-20 00:00:00,6,4150,2190,2478
1015820,112.11,C,PSZ/3,PSZ/3,Údržba,160,Somet,,4,2013-09-09 00:00:00,2025-01-16 00:00:00,,3,4147,4147,99999
44573,112.11,D,V 31,PSW-P,Obrábění,160,Somet,,4,2001-09-11 00:00:00,2013-01-17 00:00:00,,4,4146,4146,99999
33295,112.12,C,M6,,,300,,K031110,9,2001-02-01 00:00:00,2014-12-03 00:00:00,2012-06-08 00:00:00,1,4145,3745,4145
33309,112.12,C,M6,,,300,Somet,,5,2001-02-01 00:00:00,2012-06-08 00:00:00,2012-06-08 00:00:00,2,4145,3870,4145
38724,112.11,D,V 29,PSW-V,Obrábění,250,Somet,,5,2000-12-14 00:00:00,2012-04-16 00:00:00,,4,4141,4141,99999
33287,112.12,C,M6,PKH,Montáž,300,Somet,,18,2001-02-01 00:00:00,2020-07-17 00:00:00,2012-06-01 00:00:00,1,4138,3590,4138
45336,112.11,B,V 31,PSW-T,Sklad,,Mitutoyo,,4,2003-04-01 00:00:00,2014-07-30 00:00:00,,4,4138,4138,99999
1008548,112.11,C,V 22,PKG,Údržba,160,Somet,11016551,6,2012-02-03 00:00:00,2023-06-02 00:00:00,,2,4137,4137,99999
30540,112.12,D,V 22,,,150,Somet,,15,2000-10-18 00:00:00,2013-03-25 00:00:00,2012-02-15 00:00:00,1,4137,3870,4193
1011587,112.12,D,V 29,PSW-V,Obrábění,200,Filletta,,4,2013-06-13 00:00:00,2024-10-09 00:00:00,,4,4136,4136,99999
305599,112.11,C,V180,,,160,Somet,11016551,3,2005-09-22 00:00:00,2017-01-17 00:00:00,2017-01-17 00:00:00,6,4135,1876,4115
304492,112.11,D,V 22,,,,Mitutoyo,533,4,2003-05-22 00:00:00,2014-09-15 00:00:00,,4,4134,4134,99999
41175,112.11,C,V 10,PSW-F,Montáž,150,,,5,2002-07-23 00:00:00,2013-11-12 00:00:00,,4,4130,4130,99999
44923,112.11,D,V 31,PSW-P,Obrábění,150,Somet,,4,2003-04-03 00:00:00,2014-07-24 00:00:00,,4,4130,4130,99999
44823,112.11,C,V 31,PSW-P,Montáž,120,,,4,2003-01-21 00:00:00,2014-05-09 00:00:00,,4,4126,4126,99999
33307,112.12,C,M6,,,300,Somet,,11,2001-02-01 00:00:00,2018-01-03 00:00:00,2012-05-15 00:00:00,1,4121,2920,4121
45241,112.12,D,V 31,PSW-P,Obrábění,150,Mitutoyo,500,5,2002-02-20 00:00:00,2013-05-29 00:00:00,,4,4116,4116,99999
308779,112.11,D,V270,,,160,Somet,11016511,4,2007-03-07 00:00:00,2018-07-25 00:00:00,2018-06-11 00:00:00,6,4114,1891,4094
1011450,112.12,D,VR/PKD/31,PKD/12,Obrábění,150,Mitutoyo,,9,2012-11-27 00:00:00,2024-03-01 00:00:00,,1,4112,4112,99999
1008564,112.12,C,V 22,PKT/21,Údržba,150,MITAKO,907,6,2012-02-29 00:00:00,2023-05-31 00:00:00,,2,4109,4109,99999
1022035,112.11,D,V 29,PSW-P,Obrábění,160,Filletta,,4,2012-07-13 00:00:00,2023-10-13 00:00:00,,4,4109,4109,99999
305583,112.12,D,V 29,PSW-V,Obrábění,160,Somet,14016458,5,2005-10-19 00:00:00,2017-01-12 00:00:00,,4,4103,4103,99999
31032,112.11,D,V 22,,,160,Somet,,8,2000-09-18 00:00:00,2011-12-12 00:00:00,,2,4102,4102,99999
44964,112.11,D,V 31,PSW-P,Obrábění,150,Somet,,4,2003-02-19 00:00:00,2014-05-09 00:00:00,,4,4097,4097,99999
1002051,112.11,C,V160,,,160,Somet,,3,2009-05-28 00:00:00,2020-08-10 00:00:00,2020-08-10 00:00:00,6,4092,1762,4060
24578,112.12,D,V 22,,,150,Samson,,6,2000-09-12 00:00:00,2011-11-22 00:00:00,2011-11-22 00:00:00,3,4088,2919,4443
38807,112.11,D,V 29,,,600,Somet,,4,2001-03-27 00:00:00,2012-06-05 00:00:00,2012-06-05 00:00:00,4,4088,2631,3667
200547,112.11,B,VA30,PFS-K/4,Sklad,150,Somet,,5,2003-02-04 00:00:00,2014-04-14 00:00:00,2014-04-14 00:00:00,5,4087,2269,3280
202343,112.11,C,V180,,,150,Somet,,3,2003-01-14 00:00:00,2014-03-24 00:00:00,2014-03-24 00:00:00,6,4087,2241,3534
1010011,112.11,D,V 10,PSW-F,Obrábění,160,Filletta,,4,2012-06-13 00:00:00,2023-08-18 00:00:00,,4,4083,4083,99999
1012074,112.12,B,VR/PKD/33,PKD/3,TK,200,Mitutoyo,500,10,2013-02-06 00:00:00,2024-04-11 00:00:00,,2,4082,4082,99999
1012075,112.12,B,VR/PKD/33,PKD/3,TK,150,Mitutoyo,573,8,2013-02-06 00:00:00,2024-04-11 00:00:00,,2,4082,4082,99999
1016959,112.12,D,VR/PKD/31,PKD/11,Obrábění,150,Mitutoyo,,9,2013-07-10 00:00:00,2024-09-10 00:00:00,,1,4080,4080,99999
41435,112.11,C,V 10,PSW-F,Montáž,300,VIS,,5,1999-10-15 00:00:00,2010-12-15 00:00:00,,4,4079,4079,99999
44966,112.11,C,V 31,PSW-P,Montáž,150,China,,4,2003-02-10 00:00:00,2014-04-09 00:00:00,,4,4076,4076,99999
33247,112.12,D,V 22,,,300,Somet,,13,2001-01-30 00:00:00,2012-03-21 00:00:00,2012-03-21 00:00:00,1,4068,3634,4068
42376,112.11,C,V 29,PSW-V,Montáž,160,Somet,,5,2002-09-25 00:00:00,2013-11-12 00:00:00,,4,4066,4066,99999
44467,112.11,D,V 31,PSW-P,Obrábění,250,Somet,,4,2001-01-04 00:00:00,2012-02-22 00:00:00,2012-02-22 00:00:00,4,4066,2589,3274
45110,112.11,D,V 31,PSW-P,Obrábění,160,Somet,,4,2001-01-04 00:00:00,2012-02-20 00:00:00,,4,4064,4064,99999
41380,112.11,D,V 10,PSW-F,Obrábění,160,Somet,,5,2000-03-21 00:00:00,2011-05-05 00:00:00,,4,4062,4062,99999
45082,112.11,D,V 31,PSW-P,Obrábění,160,Somet,,4,2001-09-11 00:00:00,2012-10-22 00:00:00,,4,4059,4059,99999
37861,112.12,C,M6,,,160,Somet,,7,2002-03-08 00:00:00,2013-04-16 00:00:00,2013-04-16 00:00:00,2,4057,3321,4026
44922,112.11,D,V 31,PSW-P,Obrábění,150,Somet,,4,2003-04-03 00:00:00,2014-05-12 00:00:00,,4,4057,4057,99999
1005984,112.11,D,V 22,,,160,,11016611,10,2011-04-15 00:00:00,2022-05-23 00:00:00,2022-05-23 00:00:00,1,4056,3626,4053
1022034,112.11,C,V 29,PSW-V,Montáž,160,Filletta,,4,2012-07-13 00:00:00,2023-08-21 00:00:00,,4,4056,4056,99999
1002142,112.11,C,V270,PF2-K,Údržba,160,Somet,,3,2009-07-07 00:00:00,2020-08-10 00:00:00,,6,4052,4052,99999
41333,112.12,B,V 10,PSW-T,Sklad,160,Somet,,5,2002-08-08 00:00:00,2013-09-11 00:00:00,,4,4052,4052,99999
16107,112.11,D,V 22,,,250,Somet,,4,2001-05-09 00:00:00,2012-06-11 00:00:00,,1,4051,4051,99999
27213,112.11,D,V 22,,,400,UIK,,6,2001-05-09 00:00:00,2012-07-16 00:00:00,2012-06-11 00:00:00,3,4051,3676,4486
301073,112.12,,VR Výdejna,,,150,HHW,,5,2003-01-22 00:00:00,2014-02-21 00:00:00,2014-02-21 00:00:00,3,4048,2925,3804
33289,112.12,D,V 22,,,300,Somet,,6,2001-02-01 00:00:00,2012-03-02 00:00:00,2012-03-02 00:00:00,2,4047,3289,4047
1016944,112.12,D,VR/PKD/31,PKD/12,Obrábění,150,Mitutoyo,500,11,2013-07-11 00:00:00,2024-08-08 00:00:00,,1,4046,4046,99999
301070,112.12,D,VR/PKD/31,,,150,HHW,,5,2003-01-22 00:00:00,2014-02-19 00:00:00,,3,4046,4046,99999
306026,112.11,C,V160,,,150,Somet,,5,2005-11-16 00:00:00,2022-09-09 00:00:00,2016-12-13 00:00:00,6,4045,2197,4051
45286,112.11,D,V 29,PSW-V,Obrábění,250,,,3,2002-02-05 00:00:00,2013-03-04 00:00:00,,4,4045,4045,99999
306031,112.11,C,V160,,,150,Somet,,3,2005-11-16 00:00:00,2016-12-12 00:00:00,2016-12-12 00:00:00,6,4044,2197,4050
39708,112.11,D,V 29,PSW-V,Obrábění,400,Somet,,7,2001-04-30 00:00:00,2016-09-07 00:00:00,2012-05-25 00:00:00,4,4043,2586,3629
44969,112.11,D,V 31,PSW-P,Obrábění,150,,,4,2003-01-24 00:00:00,2014-02-18 00:00:00,,4,4043,4043,99999
1011993,112.12,A,V270,GQF-2,Kvalita,150,,,4,2013-01-23 00:00:00,2024-02-16 00:00:00,,4,4041,4041,99999
202373,112.11,C,V160,,,200,Somet,,3,2000-01-13 00:00:00,2011-02-03 00:00:00,,6,4039,4039,99999
41471,112.11,C,V 10,PSW-F,Montáž,300,,,4,2002-01-25 00:00:00,2013-02-12 00:00:00,,4,4036,4036,99999
301026,112.12,,VR Výdejna,,,150,Mitutoyo,,5,2003-01-17 00:00:00,2014-02-03 00:00:00,2014-02-03 00:00:00,3,4035,2936,3787
301049,112.12,,VR Výdejna,,,200,Mitutoyo,,5,2003-01-20 00:00:00,2014-02-06 00:00:00,2014-02-06 00:00:00,3,4035,2929,3790
41254,112.11,D,V 10,PSW-F,Obrábění,150,Somet,,4,2001-03-15 00:00:00,2012-03-30 00:00:00,,4,4033,4033,99999
45056,112.11,D,V 10,PSW-F,Hutě,160,Somet,,4,2002-08-09 00:00:00,2013-08-21 00:00:00,,4,4030,4030,99999
42372,112.11,C,V 29,PSW-V,Montáž,160,Somet,,4,2002-09-30 00:00:00,2013-10-09 00:00:00,,4,4027,4027,99999
1012230,112.12,C,VR/PKD/31,PKD/3,Údržba,150,FACOM,,4,2013-02-21 00:00:00,2024-03-01 00:00:00,,3,4026,4026,99999
1012437,112.12,B,V 22,PKT/1,TK,300,Somet,907,6,2013-02-21 00:00:00,2024-03-01 00:00:00,,2,4026,4026,99999
41448,112.11,C,V 10,PSW-F,Montáž,300,China,,4,2001-05-04 00:00:00,2012-05-11 00:00:00,,4,4025,4025,99999
25306,112.12,C,M6,,,150,Samson,,11,2000-09-01 00:00:00,2011-09-08 00:00:00,,1,4024,4024,99999
45427,112.11,,V 31,,,,,,4,2002-10-24 00:00:00,2013-10-29 00:00:00,,4,4023,4023,99999
44930,112.11,D,V 31,PSW-P,Obrábění,150,Somet,,4,2002-03-18 00:00:00,2013-03-22 00:00:00,,4,4022,4022,99999
1014673,112.12,C,V160,,,150,,,4,2013-06-26 00:00:00,2024-06-28 00:00:00,2024-06-28 00:00:00,4,4020,2505,4007
1002136,112.11,C,V270,PF2-K,Svařovna,160,Somet,,3,2009-07-07 00:00:00,2020-07-08 00:00:00,,6,4019,4019,99999
41252,112.11,C,V 10,PSW-F,Montáž,150,Somet,,4,2001-06-21 00:00:00,2012-06-22 00:00:00,,4,4019,4019,99999
44828,112.11,D,V 31,PSW-P,Obrábění,120,VIK,,4,2003-02-18 00:00:00,2014-02-18 00:00:00,,4,4018,4018,99999
1014590,112.12,C,V 22,PKG,Údržba,150,MITAKO,907,5,2013-06-19 00:00:00,2024-06-17 00:00:00,,3,4016,4016,99999
44532,112.11,D,V 31,PSW-P,Obrábění,150,Somet,,4,2001-05-28 00:00:00,2012-05-25 00:00:00,,4,4015,4015,99999
1017679,112.12,B,EM,,,300,Insize,1114-300,6,2014-01-30 00:00:00,2025-01-24 00:00:00,,2,4012,4012,99999
45291,112.11,C,V 31,PSW-P,Montáž,250,Somet,,4,2003-02-03 00:00:00,2014-01-28 00:00:00,,4,4012,4012,99999
1012713,112.12,D,V 29,PSW-P,Obrábění,150,Mitutoyo,,5,2013-02-05 00:00:00,2024-01-26 00:00:00,,4,4007,4007,99999
38655,112.11,B,V 10,PSW-S,Vedení,400,,,3,2002-02-15 00:00:00,2013-02-04 00:00:00,,4,4007,4007,99999
1005905,112.12,D,V 22,,,300,,1118-300,6,2011-03-22 00:00:00,2022-03-09 00:00:00,2022-03-09 00:00:00,2,4005,3219,3997
1012662,112.11,C,V 10,PSW-F,Montáž,160,Somet,,5,2013-02-05 00:00:00,2024-01-24 00:00:00,,4,4005,4005,99999
1016835,112.11,B,V 10,PSW-T,Sklad,160,Somet,,5,2013-02-05 00:00:00,2024-01-24 00:00:00,,4,4005,4005,99999
45023,112.11,D,V 31,PSW-P,Obrábění,150,Somet,,4,2002-02-04 00:00:00,2013-01-21 00:00:00,,4,4004,4004,99999
45290,112.11,C,V 31,PSW-P,Montáž,250,,,4,2002-02-01 00:00:00,2013-01-17 00:00:00,,4,4003,4003,99999
1012502,112.11,C,V270,PF1-K,Údržba,160,Somet,,3,2013-03-07 00:00:00,2024-02-20 00:00:00,,6,4002,4002,99999
311454,112.12,B,V 10,PSW-T,Sklad,300,,,4,2008-08-28 00:00:00,2019-08-12 00:00:00,2019-08-12 00:00:00,4,4001,2511,3989
310557,112.12,B,V 10,PSW-T,Sklad,300,Vogel,,4,2008-02-22 00:00:00,2019-02-04 00:00:00,2019-02-04 00:00:00,4,4000,2517,3986
37354,112.11,D,V 22,,,150,China,,9,2002-02-04 00:00:00,2014-01-09 00:00:00,2013-01-16 00:00:00,1,3999,3598,4002
41391,112.11,B,V 10,PSW-S,Vedení,160,Somet,,4,2000-11-22 00:00:00,2011-11-04 00:00:00,,4,3999,3999,99999
41393,112.11,C,V 10,PSW-F,Montáž,160,Somet,,4,2000-11-22 00:00:00,2011-11-04 00:00:00,,4,3999,3999,99999
44909,112.11,D,V 31,PSW-P,Obrábění,150,Somet,,4,2003-02-18 00:00:00,2014-01-29 00:00:00,2014-01-29 00:00:00,4,3998,2533,3946
44926,112.11,D,V 31,PSW-P,Obrábění,150,Somet,,4,2003-02-18 00:00:00,2014-01-29 00:00:00,,4,3998,3998,99999
44858,112.11,D,V 31,PSW-P,Obrábění,150,Somet,,4,2003-02-18 00:00:00,2014-01-28 00:00:00,,4,3997,3997,99999
44943,112.11,D,V 31,PSW-P,Obrábění,150,Somet,,4,2003-02-19 00:00:00,2014-01-29 00:00:00,,4,3997,3997,99999
45301,112.12,D,V 31,PSW-P,Obrábění,300,Mitutoyo,550,4,2002-10-17 00:00:00,2013-09-25 00:00:00,,4,3996,3996,99999
301942,112.11,D,V 22,,,160,Somet,,3,2003-02-26 00:00:00,2014-01-31 00:00:00,,4,3992,3992,99999
43715,112.11,D,V 10,PSW-F,Obrábění,150,Somet,,4,2002-04-18 00:00:00,2013-03-22 00:00:00,,4,3991,3991,99999
1012983,112.11,D,V 10,PSW-F,Hutě,160,Somet,,5,2013-04-10 00:00:00,2024-03-13 00:00:00,,4,3990,3990,99999
1017495,112.12,D,VR/PKD/31,PKD/11,Obrábění,150,Mahr,16EWR,11,2013-12-03 00:00:00,2024-10-31 00:00:00,,1,3985,3985,99999
302472,112.11,C,M6,,,160,Somet,,6,2005-03-07 00:00:00,2016-02-02 00:00:00,,2,3984,3984,99999
43277,112.12,B,V 10,PSW-S,Vedení,300,Mitutoyo,,5,2002-09-30 00:00:00,2013-08-27 00:00:00,,4,3984,3984,99999
1009850,112.12,B,VR/PKD/31,PKD/16,Sklad,150,,,6,2011-12-13 00:00:00,2022-11-08 00:00:00,,3,3983,3983,99999
41688,112.12,C,V 10,PSW-F,Montáž,150,Hommel,,4,2001-05-04 00:00:00,2012-03-30 00:00:00,,4,3983,3983,99999
41323,112.11,C,V 10,PSW-F,Montáž,160,Somet,,4,2002-08-09 00:00:00,2013-07-03 00:00:00,2013-07-03 00:00:00,4,3981,2527,3950
45078,112.11,C,V 10,PSW-F,Montáž,160,Somet,,4,2002-08-09 00:00:00,2013-07-03 00:00:00,,4,3981,3981,99999
1009865,112.12,C,V 10,PSW-F,Montáž,150,,,5,2012-06-29 00:00:00,2023-05-22 00:00:00,,4,3979,3979,99999
29942,112.11,D,V 22,,,300,China,,8,2000-07-17 00:00:00,2016-09-23 00:00:00,2011-06-08 00:00:00,2,3978,3222,3978
41438,112.11,D,V 10,PSW-F,Obrábění,300,VIS,,4,2002-03-05 00:00:00,2013-01-17 00:00:00,,4,3971,3971,99999
44571,112.12,D,V 22,,,160,Somet,14016458,8,2003-03-05 00:00:00,2014-01-17 00:00:00,,1,3971,3971,99999
309648,112.11,C,V 22,PKG,Údržba,160,Somet,11016551,11,2007-10-01 00:00:00,2025-07-02 00:00:00,2018-08-14 00:00:00,2,3970,3088,3959
1002094,112.12,D,M6,PKH,Obrábění,300,,,8,2009-06-25 00:00:00,2025-02-26 00:00:00,2020-05-05 00:00:00,1,3967,2812,3959
45080,112.11,D,V 31,PSW-P,Obrábění,160,Somet,,4,2002-08-09 00:00:00,2013-06-19 00:00:00,,4,3967,3967,99999
45104,112.11,D,V 31,PSW-P,Obrábění,160,Somet,,4,2001-01-04 00:00:00,2011-11-15 00:00:00,,4,3967,3967,99999
45293,112.11,B,V 31,PSW-S,Vedení,250,Somet,,4,2001-01-04 00:00:00,2011-11-15 00:00:00,,4,3967,3967,99999
1007003,112.12,B,V 10,PSW-T,Sklad,200,Filletta,,4,2011-07-18 00:00:00,2022-05-26 00:00:00,,4,3965,3965,99999
41311,112.11,C,V 10,PSW-F,Montáž,160,Somet,,4,2001-09-11 00:00:00,2012-07-16 00:00:00,2012-07-16 00:00:00,4,3961,2488,3598
41396,112.11,B,V 10,PSW-S,Vedení,160,Somet,,4,2001-09-11 00:00:00,2012-07-16 00:00:00,,4,3961,3961,99999
31110,112.12,D,V 22,,,300,Somet,,13,2002-01-14 00:00:00,2013-02-20 00:00:00,2012-11-15 00:00:00,1,3958,3572,4440
202818,112.11,D,V270,,,,Mitutoyo,533,3,2004-09-01 00:00:00,2015-06-30 00:00:00,,6,3954,3954,99999
45295,112.11,,V 31,,,,,,4,2002-12-13 00:00:00,2013-10-09 00:00:00,,4,3953,3953,99999
1011445,112.12,B,VR/PKD/33,PKD/3,TK,150,Mitutoyo,,5,2012-11-27 00:00:00,2023-09-18 00:00:00,,5,3947,3947,99999
304831,112.11,C,V160,,,300,Somet,,2,2004-03-24 00:00:00,2015-01-13 00:00:00,2015-01-13 00:00:00,6,3947,0,3430
1001657,112.12,C,M6,,,150,,,3,2009-04-07 00:00:00,2020-07-24 00:00:00,2020-01-24 00:00:00,2,3944,0,3941
1017964,112.12,B,V270,PF1/1,Provozní laboratoř,150,MITAKO,,4,2014-02-18 00:00:00,2024-12-05 00:00:00,,4,3943,3943,99999
43229,112.11,D,V 10,PSW-F,Obrábění,400,Somet,,4,2002-09-17 00:00:00,2013-07-04 00:00:00,,4,3943,3943,99999
1012981,112.11,B,V 10,PSW-T,Sklad,160,Somet,,5,2013-04-10 00:00:00,2024-01-24 00:00:00,,4,3941,3941,99999
1012982,112.11,B,V 10,PSW-T,Sklad,160,Somet,,5,2013-04-10 00:00:00,2024-01-24 00:00:00,,4,3941,3941,99999
1019079,112.12,D,VR/PKD/31,PKD/11,Obrábění,150,Mitutoyo,500,8,2014-06-19 00:00:00,2025-04-01 00:00:00,,1,3939,3939,99999
45019,112.11,D,V 31,PSW-P,Obrábění,150,Somet,,4,2001-05-10 00:00:00,2012-02-20 00:00:00,,4,3938,3938,99999
1012666,112.11,B,V 10,PSW-T,Sklad,150,Mitutoyo,,5,2013-04-16 00:00:00,2024-01-24 00:00:00,,4,3935,3935,99999
1012612,112.12,D,VR/PKD/31,PKD/11,Obrábění,150,Mahr,,7,2012-12-11 00:00:00,2023-09-18 00:00:00,,1,3933,3933,99999
1012618,112.12,D,VR/PKD/31,PKD/12,Obrábění,150,Mahr,,8,2012-12-11 00:00:00,2023-09-18 00:00:00,,1,3933,3933,99999
30830,112.12,D,V 22,,,150,Hommel,,8,2000-09-05 00:00:00,2011-06-09 00:00:00,2011-06-09 00:00:00,1,3929,3366,3929
42365,112.11,D,V 10,PSW-F,Obrábění,160,Somet,,4,2002-09-30 00:00:00,2013-07-03 00:00:00,,4,3929,3929,99999
1022036,112.11,C,V 10,PSW-F,Montáž,160,Somet,,4,2012-09-18 00:00:00,2023-06-20 00:00:00,,4,3927,3927,99999
1008080,112.12,A,V270,GQF-3,Kvalita,150,,,4,2012-01-27 00:00:00,2022-10-26 00:00:00,,4,3925,3925,99999
1019085,112.12,D,VR/PKD/31,PKD/11,Obrábění,150,Mitutoyo,,8,2014-06-18 00:00:00,2025-03-17 00:00:00,,1,3925,3925,99999
1019086,112.12,A,VR/GQH,GQH-2,Kvalita,150,Mitutoyo,,6,2014-06-19 00:00:00,2025-03-17 00:00:00,,3,3924,3924,99999
1006094,112.12,D,V 22,,,150,MITAKO,907,6,2011-05-03 00:00:00,2022-01-24 00:00:00,2022-01-24 00:00:00,1,3919,2149,3913
304975,112.11,C,V180,,,150,Hommel,31007,4,2003-07-16 00:00:00,2014-04-01 00:00:00,2014-04-01 00:00:00,6,3912,2819,3136
1011767,112.12,A,GQH-1/1,GQH-1,Kvalita,150,MITAKO,907,6,2012-12-19 00:00:00,2023-09-04 00:00:00,,2,3911,3911,99999
38628,112.11,B,V 29,PSW-S,Vedení,160,Somet,,4,2001-09-11 00:00:00,2012-05-25 00:00:00,,4,3909,3909,99999
33259,112.12,D,V 22,,,300,Somet,,11,2001-01-30 00:00:00,2011-10-13 00:00:00,,1,3908,3908,99999
309178,112.12,D,PSZ/3,,,160,Somet,14016459,4,2007-06-11 00:00:00,2018-02-14 00:00:00,,3,3901,3901,99999
1019011,112.12,B,EM,,,1000,Mitutoyo,500,5,2014-07-14 00:00:00,2025-03-18 00:00:00,,2,3900,3900,99999
46528,112.11,D,V 22,,,160,Somet,,7,2003-11-10 00:00:00,2014-07-15 00:00:00,,2,3900,3900,99999
36525,112.11,C,V 22,PKG,Údržba,250,Somet,,20,2001-11-12 00:00:00,2025-03-10 00:00:00,2012-07-12 00:00:00,2,3895,3126,3901
14926,112.11,D,V 22,,,150,China,,7,2002-03-05 00:00:00,2012-10-31 00:00:00,2012-10-31 00:00:00,2,3893,3381,5105
1009725,112.12,C,M6,,,150,MITAKO,907,9,2012-06-13 00:00:00,2023-02-08 00:00:00,,1,3892,3892,99999
1019378,112.12,D,V 22,,,150,Schut,906,5,2014-07-14 00:00:00,2025-03-10 00:00:00,,1,3892,3892,99999
27035,112.12,D,V 22,,,150,Somet,,8,2000-02-23 00:00:00,2010-10-20 00:00:00,,1,3892,3892,99999
1009867,112.12,D,V 29,PSW-P,Obrábění,150,,,4,2012-06-29 00:00:00,2023-02-20 00:00:00,,4,3888,3888,99999
1014380,112.12,C,V270,PF1-K,Svařovna,150,,,4,2013-06-18 00:00:00,2024-02-08 00:00:00,,4,3887,3887,99999
203313,112.11,D,V270,,,150,China,,2,1994-03-04 00:00:00,2004-10-21 00:00:00,,6,3884,3884,99999
33023,112.11,D,V 22,,,150,Somet,,8,2000-02-17 00:00:00,2013-01-18 00:00:00,2010-10-04 00:00:00,2,3882,3151,3554
1011981,112.11,C,V160,PFO-P/31,Údržba,160,,,3,2013-01-24 00:00:00,2023-09-08 00:00:00,,6,3879,3879,99999
38959,112.11,D,V 22,,,160,Somet,,9,2002-05-28 00:00:00,2017-06-19 00:00:00,2013-01-09 00:00:00,2,3879,3115,3880
303710,112.12,D,V 22,,,150,Somet,,5,2002-07-10 00:00:00,2013-02-20 00:00:00,,1,3878,3878,99999
1014595,112.12,D,V 22,PKH,Obrábění,150,MITAKO,907,6,2013-06-19 00:00:00,2024-01-29 00:00:00,,2,3876,3876,99999
309310,112.11,C,PSZ/3,PSZ/3,Údržba,160,Somet,11016551,4,2007-07-19 00:00:00,2018-02-27 00:00:00,,3,3876,3876,99999
1003564,112.11,D,V270,,,160,Somet,,3,2010-04-02 00:00:00,2020-11-09 00:00:00,2020-11-09 00:00:00,6,3874,2812,3861
1005864,112.12,C,V 22,PKG,Údržba,300,,4113301,4,2011-03-08 00:00:00,2022-03-07 00:00:00,2021-10-14 00:00:00,4,3873,2362,3863
29813,112.11,D,V 22,,,160,Somet,,11,2000-07-11 00:00:00,2011-02-17 00:00:00,,2,3873,3873,99999
33185,112.11,D,V 22,PKG,Obrábění,250,Somet,,16,2000-03-23 00:00:00,2025-03-17 00:00:00,2010-10-25 00:00:00,3,3868,3485,3560
47625,112.12,,V 31,,,160,Somet,,4,2004-04-26 00:00:00,2014-11-26 00:00:00,,4,3866,3866,99999
41352,112.11,B,V 31,PSW-S,Vedení,160,Somet,,4,2001-04-20 00:00:00,2011-11-16 00:00:00,,4,3862,3862,99999
33244,112.12,D,V 22,,,300,Somet,,11,2001-01-30 00:00:00,2011-08-23 00:00:00,,1,3857,3857,99999
38582,112.12,B,V 31,PSW-S,Vedení,200,Sylvac,,5,2000-11-29 00:00:00,2011-07-15 00:00:00,2011-06-14 00:00:00,4,3849,2200,3316
27689,112.11,D,V 22,,,160,Somet,,8,2000-03-27 00:00:00,2014-07-17 00:00:00,2010-10-06 00:00:00,2,3845,3097,3842
309176,112.12,D,V 22,PKG,Hutě,200,Somet,14020459,10,2007-06-11 00:00:00,2025-01-03 00:00:00,2017-12-14 00:00:00,1,3839,3067,3817
41596,112.12,B,V 29,PSW-S,Vedení,200,Sylvac,,5,2002-09-16 00:00:00,2013-03-19 00:00:00,,4,3837,3837,99999
43233,112.11,D,V 10,PSW-F,Obrábění,400,,,5,2002-09-17 00:00:00,2013-03-20 00:00:00,,4,3837,3837,99999
312509,112.12,D,V 10,PSW-F,Obrábění,150,,,5,2009-02-10 00:00:00,2019-09-06 00:00:00,2019-08-12 00:00:00,4,3835,2348,3822
312520,112.12,C,V 10,PSW-F,Montáž,150,,,4,2009-02-09 00:00:00,2019-08-09 00:00:00,2019-08-09 00:00:00,4,3833,2348,3818
1020601,112.12,B,VA30,PFS-K/4,Sklad,150,FACOM,,3,2014-12-15 00:00:00,2025-06-11 00:00:00,,5,3831,3831,99999
138,112.11,A,GQG-2/4,GQG-2,Kvalita,150,Mitutoyo,505,6,2000-11-14 00:00:00,2011-05-12 00:00:00,,4,3831,3831,99999
1010719,112.12,A,GQF-3,GQF-3,Kvalita,150,MITAKO,907,4,2012-09-13 00:00:00,2023-03-06 00:00:00,,4,3826,3826,99999
202299,112.11,C,V160,,,150,Somet,,3,1999-11-16 00:00:00,2010-04-27 00:00:00,,6,3815,3815,99999
201727,112.11,C,V260,,,150,Somet,,3,2003-11-14 00:00:00,2014-04-22 00:00:00,2014-04-22 00:00:00,5,3812,1971,3812
1012808,112.12,A,GQH-1/1,GQH-1,Kvalita,200,Mitutoyo,500,6,2013-03-28 00:00:00,2023-09-01 00:00:00,,3,3809,3809,99999
1011774,112.12,C,V 22,PKT/4,Údržba,150,MITAKO,907,4,2013-01-09 00:00:00,2023-06-14 00:00:00,,4,3808,3808,99999
1014739,112.12,B,VA30,PFS-K/4,Sklad,150,Mahr,,3,2013-08-20 00:00:00,2024-01-23 00:00:00,,5,3808,3808,99999
38673,112.11,D,V 10,PSW-F,Obrábění,400,Somet,,7,2001-05-21 00:00:00,2011-10-18 00:00:00,,4,3802,3802,99999
41350,112.11,B,V 10,PSW-S,Vedení,250,,,5,2000-06-14 00:00:00,2010-11-11 00:00:00,,4,3802,3802,99999
311374,112.11,D,V 22,,,160,Somet,,4,2008-07-29 00:00:00,2018-12-14 00:00:00,,5,3790,3790,99999
1019089,112.12,D,VR/PKD/31,PKD/12,Obrábění,150,Mitutoyo,,8,2014-06-18 00:00:00,2024-10-31 00:00:00,,1,3788,3788,99999
1002846,112.12,D,V270,,,150,,,4,2009-10-23 00:00:00,2020-03-03 00:00:00,2020-03-03 00:00:00,4,3784,2301,3763
14801,112.11,A,GQD-2,GQD,Kvalita,150,Somet,,5,2001-10-17 00:00:00,2012-02-23 00:00:00,2012-02-23 00:00:00,2,3781,3047,4854
38278,112.11,D,V 22,,,160,Somet,,9,2002-05-15 00:00:00,2019-10-14 00:00:00,2012-09-14 00:00:00,2,3775,2939,3783
1019084,112.12,D,VR/PKD/31,PKD/12,Obrábění,150,Mitutoyo,,5,2014-06-18 00:00:00,2024-10-16 00:00:00,,1,3773,3773,99999
201685,112.11,C,V260,,,150,China,,3,2003-12-11 00:00:00,2014-04-10 00:00:00,2014-04-10 00:00:00,5,3773,1938,3773
1020042,112.12,C,VAL,VAL,Logistika,150,Unior,270A,6,2013-08-02 00:00:00,2023-11-28 00:00:00,,2,3770,3770,99999
1020045,112.12,C,VAL,VAL,Logistika,150,Unior,270A,6,2013-08-02 00:00:00,2023-11-28 00:00:00,,2,3770,3770,99999
1014331,112.11,B,VA30,PFS-K/4,Sklad,160,Somet,,3,2013-07-16 00:00:00,2023-11-10 00:00:00,,5,3769,3769,99999
1012613,112.12,C,VR/PKD/31,PKD/3,Údržba,150,Mahr,16ER,5,2012-12-11 00:00:00,2023-04-06 00:00:00,,5,3768,3768,99999
1020493,112.12,B,PF1/1,PF1/1,Provozní laboratoř,150,,,4,2014-11-05 00:00:00,2025-02-26 00:00:00,,4,3766,3766,99999
1020495,112.12,B,PF1/1,PF1/1,Provozní laboratoř,300,,,4,2014-11-05 00:00:00,2025-02-26 00:00:00,,4,3766,3766,99999
1014761,112.12,A,GQG-3,GQG-3,Kvalita,150,,,3,2013-07-03 00:00:00,2023-10-24 00:00:00,,5,3765,3765,99999
1007354,112.12,D,V 22,PKG,Hutě,150,,,11,2011-10-13 00:00:00,2024-06-05 00:00:00,2022-01-24 00:00:00,1,3756,2960,3748
310618,112.12,B,V 10,PSW-T,Sklad,,Vogel,202007,4,2008-03-07 00:00:00,2018-06-19 00:00:00,2018-06-19 00:00:00,4,3756,2271,3750
308058,112.12,D,V 22,,,150,Mitutoyo,500,6,2006-10-31 00:00:00,2017-02-10 00:00:00,2017-02-10 00:00:00,2,3755,2989,3760
16166,112.11,D,V 22,PKG,Hutě,300,UIK,,6,2002-04-09 00:00:00,2015-02-04 00:00:00,2012-07-19 00:00:00,2,3754,342,5001
24828,112.12,B,V 22,PKT/1,TK,150,Samson,,11,2002-08-14 00:00:00,2024-02-27 00:00:00,2012-11-23 00:00:00,3,3754,3005,4806
28566,112.12,D,V 22,,,150,Somet,,9,2000-05-15 00:00:00,2010-08-23 00:00:00,2010-08-23 00:00:00,1,3752,3392,3755
48198,112.12,D,V 29,PSW-V,Obrábění,160,Somet,14016458,4,2004-10-07 00:00:00,2015-01-12 00:00:00,,4,3749,3749,99999
45009,112.11,D,V 31,PSW-P,Obrábění,150,Somet,,4,2000-10-26 00:00:00,2011-01-28 00:00:00,,4,3746,3746,99999
1017308,112.12,D,PSZ/3,,,150,,,4,2013-12-09 00:00:00,2024-03-11 00:00:00,,3,3745,3745,99999
304833,112.11,A,GQG-2/1,GQG-2,Kvalita,150,China,,6,2005-08-23 00:00:00,2015-11-19 00:00:00,2015-11-19 00:00:00,2,3740,3016,3740
29811,112.11,D,V 22,,,160,Somet,,10,2000-07-11 00:00:00,2010-10-06 00:00:00,2010-10-06 00:00:00,2,3739,3018,3739
31039,112.11,D,V 22,,,160,Somet,,11,2000-09-18 00:00:00,2014-07-17 00:00:00,2010-12-14 00:00:00,2,3739,2968,3742
1002825,112.12,C,V160,,,150,,,3,2009-10-23 00:00:00,2020-01-17 00:00:00,2020-01-17 00:00:00,4,3738,2279,3718
200021,112.12,A,GQF-1,GQF-1,Kvalita,200,Mitutoyo,500,6,2002-10-22 00:00:00,2013-01-15 00:00:00,2013-01-15 00:00:00,2,3738,3003,3850
29809,112.11,D,V 22,,,160,Somet,,15,2000-07-11 00:00:00,2020-02-26 00:00:00,2010-10-05 00:00:00,5,3738,2963,3738
37423,112.12,A,V 22,GQH,Kvalita,150,Mitutoyo,500,13,2002-02-08 00:00:00,2023-03-29 00:00:00,2012-05-04 00:00:00,2,3738,2999,3739
31082,112.11,D,V 22,,,160,Somet,,5,2000-09-18 00:00:00,2010-12-09 00:00:00,,2,3734,3734,99999
44896,112.11,C,V 31,PSW-P,Montáž,150,Somet,,4,2002-12-13 00:00:00,2013-03-04 00:00:00,,4,3734,3734,99999
37450,112.11,D,V 22,,,150,Somet,,6,2002-02-14 00:00:00,2012-05-04 00:00:00,2012-05-04 00:00:00,2,3732,2986,3733
1019563,112.12,D,VR/PKD/31,PKD/11,Obrábění,150,Mahr,16EWR,9,2014-06-04 00:00:00,2024-08-21 00:00:00,,1,3731,3731,99999
38356,112.11,C,V 29,PSW-T,Logistika,150,Kinex,,5,2000-11-10 00:00:00,2011-01-28 00:00:00,,4,3731,3731,99999
1002800,112.12,B,V 29,PSW-T,Sklad,200,Somet,,4,2009-11-05 00:00:00,2020-01-21 00:00:00,2020-01-21 00:00:00,4,3729,2217,3724
1008547,112.11,D,V 22,,,160,Somet,11016551,4,2012-02-03 00:00:00,2022-04-20 00:00:00,2022-04-20 00:00:00,4,3729,2273,3688
46257,112.12,D,V 22,,,160,Somet,,11,2003-09-29 00:00:00,2020-12-02 00:00:00,2013-12-13 00:00:00,2,3728,2996,3724
1001724,112.12,D,V270,,,150,,,4,2009-04-14 00:00:00,2019-06-27 00:00:00,2019-06-27 00:00:00,4,3726,3046,3717
307603,112.12,C,V 37,,,150,Mitutoyo,500,6,2006-07-26 00:00:00,2016-10-05 00:00:00,2016-10-05 00:00:00,2,3724,2962,3724
1019088,112.12,C,VR/PKD/31,PKD/3,Údržba,150,Mitutoyo,,5,2014-06-18 00:00:00,2024-08-26 00:00:00,,5,3722,3722,99999
1004633,112.12,D,V 22,,,150,,907,6,2010-08-25 00:00:00,2020-10-30 00:00:00,,1,3719,3719,99999
41298,112.11,D,V 10,PSW-F,Obrábění,150,,,4,2002-01-24 00:00:00,2012-03-30 00:00:00,,4,3718,3718,99999
1002096,112.12,C,V 29,PSW-V,Montáž,200,Somet,,4,2009-07-01 00:00:00,2019-09-03 00:00:00,,4,3716,3716,99999
1021048,112.12,C,V160,PFO-P/31,Údržba,150,Insize,,3,2015-01-30 00:00:00,2025-04-02 00:00:00,,4,3715,3715,99999
37005,112.11,D,V 22,,,150,China,,4,1998-05-18 00:00:00,2008-07-16 00:00:00,,4,3712,3712,99999
1020806,112.12,B,EM,,,200,Mitutoyo,500,6,2015-01-08 00:00:00,2025-03-07 00:00:00,,2,3711,3711,99999
45424,112.11,D,V 31,PSW-P,Obrábění,,Mitutoyo,,4,2000-09-12 00:00:00,2010-11-10 00:00:00,,4,3711,3711,99999
1001692,112.12,D,V 31,PSW-P,Obrábění,150,,,4,2009-04-16 00:00:00,2019-06-13 00:00:00,2019-06-13 00:00:00,4,3710,2265,3705
202067,112.11,D,V270,,,160,Somet,,3,1999-12-14 00:00:00,2010-02-09 00:00:00,,6,3710,3710,99999
1014672,112.12,B,V160,PFS-K/1,Vedení,150,,,4,2013-06-26 00:00:00,2023-08-22 00:00:00,,4,3709,3709,99999
1017319,112.12,D,PSZ/3,,,150,,,4,2013-12-06 00:00:00,2024-01-31 00:00:00,,3,3708,3708,99999
304501,112.12,D,V 22,,,150,Somet,,5,2001-03-02 00:00:00,2011-04-27 00:00:00,,1,3708,3708,99999
201652,112.11,B,V260,PFS-K/4,Sklad,300,China,,3,2003-11-14 00:00:00,2014-01-07 00:00:00,,5,3707,3707,99999
309554,112.12,C,M6,,,160,Somet,14016459,7,2007-09-10 00:00:00,2018-01-15 00:00:00,2017-11-01 00:00:00,2,3705,3483,3691
17201,112.11,A,GQD-2,GQD,Kvalita,600,Somet,,5,2000-08-09 00:00:00,2010-09-30 00:00:00,2010-09-30 00:00:00,3,3704,3333,4343
307336,112.11,D,V 22,,,160,Somet,,5,2006-06-06 00:00:00,2016-07-27 00:00:00,2016-07-27 00:00:00,2,3704,2926,3683
1020293,112.12,C,V 22,PKT/21,Údržba,150,Mitutoyo,500,9,2014-10-24 00:00:00,2024-12-13 00:00:00,,1,3703,3703,99999
1017313,112.12,B,V 29,PSW-T,Sklad,150,Insize,,4,2013-12-06 00:00:00,2024-01-25 00:00:00,,4,3702,3702,99999
1017318,112.12,B,V 29,PSW-T,Sklad,150,Insize,,4,2013-12-06 00:00:00,2024-01-25 00:00:00,,4,3702,3702,99999
302244,112.11,C,V 10,PSW-F,Montáž,160,Somet,,4,2005-01-28 00:00:00,2015-03-19 00:00:00,,4,3702,3702,99999
38727,112.11,B,V 29,PSW-S,Vedení,250,,,5,2001-01-04 00:00:00,2011-02-23 00:00:00,,4,3702,3702,99999
202993,112.12,D,V270,,,150,Somet,,3,2000-10-09 00:00:00,2010-11-25 00:00:00,,4,3699,3699,99999
306810,112.12,D,V 22,,,,Mitutoyo,500,7,2006-03-10 00:00:00,2018-08-27 00:00:00,2016-04-25 00:00:00,2,3699,2958,3688
1014330,112.11,B,VA30,PFS-K/4,Sklad,160,Somet,,3,2013-07-16 00:00:00,2023-08-31 00:00:00,,5,3698,3698,99999
1014333,112.11,B,VA30,PFS-K/4,Sklad,160,Somet,,3,2013-07-16 00:00:00,2023-08-31 00:00:00,,5,3698,3698,99999
203323,112.11,D,V270,,,150,China,,3,2000-12-07 00:00:00,2011-01-21 00:00:00,2011-01-21 00:00:00,6,3697,2219,2285
41088,112.12,D,V 29,PSW-V,Obrábění,150,Somet,,5,2001-10-02 00:00:00,2011-11-16 00:00:00,,4,3697,3697,99999
41196,112.11,C,V 10,PSW-F,Montáž,150,,,4,2002-01-10 00:00:00,2012-02-20 00:00:00,,4,3693,3693,99999
203031,112.12,D,V270,,,150,Mitutoyo,500,4,2003-03-13 00:00:00,2013-04-19 00:00:00,2013-04-19 00:00:00,4,3690,2155,3132
307940,112.11,C,M6,,,160,Somet,11016511,5,2006-09-26 00:00:00,2016-11-02 00:00:00,,2,3690,3690,99999
1020009,112.12,C,V 22,PKT/4,Údržba,150,MITAKO,907,5,2014-09-15 00:00:00,2025-03-07 00:00:00,2024-10-21 00:00:00,4,3689,1974,3674
40907,112.11,B,PSW-T,PSW-T,TK,,KS TOOLS,,5,2002-08-06 00:00:00,2012-09-11 00:00:00,2012-09-11 00:00:00,3,3689,2557,3689
1001706,112.12,D,V 10,PSW-F,Obrábění,200,,,4,2009-04-16 00:00:00,2019-05-22 00:00:00,2019-05-22 00:00:00,4,3688,2230,3683
1019082,112.12,D,VR/PKD/31,PKD/11,Obrábění,150,Mitutoyo,500,9,2014-06-19 00:00:00,2024-07-24 00:00:00,,1,3688,3688,99999
1017960,112.11,C,PSZ/1,PSZ/1,Údržba,1500,Somet,,3,2014-02-28 00:00:00,2024-04-03 00:00:00,,5,3687,3687,99999
41379,112.11,D,V 10,PSW-F,Obrábění,160,Somet,,4,2000-03-21 00:00:00,2010-04-23 00:00:00,,4,3685,3685,99999
1020593,112.12,C,VA30,,,150,FACOM,,3,2014-12-15 00:00:00,2025-01-15 00:00:00,2025-01-15 00:00:00,5,3684,1821,3697
1020597,112.12,B,VA30,PFS-K/4,Sklad,150,FACOM,,3,2014-12-15 00:00:00,2025-01-15 00:00:00,2025-01-15 00:00:00,5,3684,1821,3697
1020600,112.12,C,VA30,PFS-M,Údržba,150,FACOM,,3,2014-12-15 00:00:00,2025-01-15 00:00:00,,5,3684,3684,99999
1020603,112.12,C,VA30,PF1-M,Údržba,150,FACOM,,3,2014-12-15 00:00:00,2025-01-15 00:00:00,,5,3684,3684,99999
1020595,112.12,A,VA30,GQF-3,Kvalita,150,FACOM,,3,2014-12-15 00:00:00,2025-01-14 00:00:00,,5,3683,3683,99999
1020596,112.12,C,VA30,PF1-M,Údržba,150,FACOM,,3,2014-12-15 00:00:00,2025-01-14 00:00:00,,5,3683,3683,99999
38878,112.12,B,PSW-T,PSW-T,TK,200,Mitutoyo,,5,2002-05-23 00:00:00,2012-06-22 00:00:00,,3,3683,3683,99999
201723,112.11,B,V260,PFS-K/4,Sklad,150,Somet,,3,2003-11-14 00:00:00,2013-12-13 00:00:00,,5,3682,3682,99999
201731,112.11,C,V260,,,150,Somet,,3,2003-11-14 00:00:00,2013-12-13 00:00:00,2013-12-13 00:00:00,5,3682,1845,3682
309842,112.12,A,GQG-2/2,GQG-2,Kvalita,150,Mahr,,6,2007-10-25 00:00:00,2017-11-23 00:00:00,,2,3682,3682,99999
45219,112.12,D,V 31,PSW-P,Obrábění,150,Mitutoyo,,5,2002-10-24 00:00:00,2012-11-22 00:00:00,,4,3682,3682,99999
38666,112.11,D,V 29,PSW-V,Obrábění,150,China,,4,2002-09-24 00:00:00,2012-10-22 00:00:00,,4,3681,3681,99999
41272,112.11,D,V 10,PSW-F,Obrábění,150,,,5,2002-01-10 00:00:00,2012-04-16 00:00:00,2012-02-08 00:00:00,4,3681,2227,3443
41423,112.11,C,V 10,PSW-F,Montáž,250,,,5,2002-10-03 00:00:00,2012-10-31 00:00:00,,4,3681,3681,99999
44977,112.11,D,V 31,PSW-P,Obrábění,150,,,4,2000-10-12 00:00:00,2010-11-10 00:00:00,,4,3681,3681,99999
41192,112.11,C,V 10,PSW-F,Montáž,150,,,4,2002-01-23 00:00:00,2012-02-20 00:00:00,,4,3680,3680,99999
45016,112.11,C,V 31,PSW-P,Montáž,150,Somet,,4,2000-10-13 00:00:00,2010-11-10 00:00:00,,4,3680,3680,99999
1004826,112.12,D,V270,,,150,,,3,2010-10-14 00:00:00,2020-11-09 00:00:00,,4,3679,3679,99999
201666,112.11,C,V260,,,150,Somet,,3,2003-11-14 00:00:00,2013-12-09 00:00:00,2013-12-09 00:00:00,5,3678,1844,3678
201707,112.11,C,V260,,,150,Somet,,3,2003-11-14 00:00:00,2013-12-09 00:00:00,2013-12-09 00:00:00,5,3678,1845,3678
201713,112.11,C,V260,,,150,Somet,,3,2003-11-14 00:00:00,2013-12-09 00:00:00,2013-12-09 00:00:00,5,3678,1844,3678
1002547,112.12,D,V 10,PSW-F,Obrábění,150,,,4,2009-09-22 00:00:00,2019-10-16 00:00:00,2019-10-16 00:00:00,4,3676,2107,3674
1016207,112.12,D,VR/PKD/31,PKD/11,Obrábění,200,Mitutoyo,500,8,2013-09-24 00:00:00,2023-10-17 00:00:00,,1,3675,3675,99999
202536,112.12,C,V180,,,200,Mitutoyo,500,4,2004-02-12 00:00:00,2014-03-06 00:00:00,,4,3675,3675,99999
201833,112.12,C,V260,,,150,Mitutoyo,,3,2000-01-21 00:00:00,2010-02-11 00:00:00,,5,3674,3674,99999
305442,112.11,D,V 22,,,150,,,4,2003-05-20 00:00:00,2013-06-10 00:00:00,,2,3674,3674,99999
41506,112.11,C,V 10,PSW-F,Montáž,300,,,4,2002-01-31 00:00:00,2012-02-22 00:00:00,,4,3674,3674,99999
1009968,112.11,C,VA30,PF1-M,Údržba,150,Somet,,3,2012-08-13 00:00:00,2022-08-31 00:00:00,,5,3670,3670,99999
1009969,112.11,C,VA30,PF1-M,Údržba,150,Somet,,3,2012-08-13 00:00:00,2022-08-31 00:00:00,,5,3670,3670,99999
1009965,112.11,B,VA30,PFS-K/4,Sklad,150,Somet,,3,2012-08-14 00:00:00,2022-08-31 00:00:00,,5,3669,3669,99999
1009966,112.11,B,VA30,PFS-K/4,Sklad,150,Somet,,3,2012-08-14 00:00:00,2022-08-31 00:00:00,,5,3669,3669,99999
1009967,112.11,C,VA30,,,150,Somet,,3,2012-08-14 00:00:00,2022-08-31 00:00:00,2022-08-31 00:00:00,5,3669,1827,3694
1009973,112.11,B,VA30,PFS-K/4,Sklad,200,Insize,,3,2012-08-14 00:00:00,2022-08-31 00:00:00,,5,3669,3669,99999
1018267,112.12,D,V 22,PKG,Hutě,150,MITAKO,907,10,2014-03-27 00:00:00,2024-04-12 00:00:00,,1,3669,3669,99999
38445,112.11,C,M6,,,200,TESA,,8,2002-05-02 00:00:00,2017-01-19 00:00:00,2012-05-18 00:00:00,2,3669,2766,3656
41179,112.11,D,V 10,PSW-F,Obrábění,150,,,4,2002-05-20 00:00:00,2012-06-05 00:00:00,,4,3669,3669,99999
41389,112.11,D,V 31,PSW-P,Obrábění,160,Somet,,4,2000-03-21 00:00:00,2010-04-07 00:00:00,,4,3669,3669,99999
1004215,112.12,C,VA30,PF1-M,Montáž,150,Mahr,,3,2010-08-04 00:00:00,2020-08-19 00:00:00,,5,3668,3668,99999
201706,112.11,C,V260,,,150,Würth,,2,2000-02-29 00:00:00,2010-03-16 00:00:00,2010-03-16 00:00:00,5,3668,0,1835
201683,112.11,C,V260,,,150,Würth,,2,2000-02-29 00:00:00,2010-03-15 00:00:00,2010-03-15 00:00:00,5,3667,0,1834
201818,112.12,C,V260,,,300,,,3,2003-04-11 00:00:00,2013-04-25 00:00:00,2013-04-25 00:00:00,5,3667,1846,3667
202287,112.11,C,V160,,,150,Somet,,3,2011-05-05 00:00:00,2021-05-19 00:00:00,2021-05-19 00:00:00,6,3667,1456,6151
307295,112.12,D,V 22,,,200,Somet,,11,2006-06-02 00:00:00,2022-08-30 00:00:00,2016-06-16 00:00:00,1,3667,3322,3654
16387,112.12,C,M6,,,300,Mitutoyo,573,6,2000-01-21 00:00:00,2010-02-03 00:00:00,2010-02-03 00:00:00,2,3666,2936,4104
37001,112.11,D,V 22,,,125,China,,4,1998-05-14 00:00:00,2008-05-27 00:00:00,,4,3666,3666,99999
48196,112.12,D,V 31,PSW-P,Obrábění,160,Somet,14016458,4,2004-10-07 00:00:00,2014-10-21 00:00:00,,4,3666,3666,99999
1017091,112.12,B,VA30,PFS-K/4,Sklad,150,Mahr,,3,2013-12-09 00:00:00,2023-12-21 00:00:00,,5,3664,3664,99999
31106,112.12,D,V 22,,,300,Somet,,12,2000-09-19 00:00:00,2012-01-24 00:00:00,2010-10-01 00:00:00,1,3664,3291,3664
45329,112.11,D,V 31,PSW-P,Obrábění,400,Somet,,4,2000-07-21 00:00:00,2010-08-02 00:00:00,,4,3664,3664,99999
1014737,112.12,B,VA30,PFS-K/4,Sklad,150,Mahr,,3,2013-08-20 00:00:00,2023-08-31 00:00:00,2023-08-31 00:00:00,5,3663,1816,3702
1014738,112.12,C,VA30,PF1-M,Údržba,150,Mahr,,3,2013-08-20 00:00:00,2023-08-31 00:00:00,,5,3663,3663,99999
1014740,112.12,A,VA30,GQF-1,Kvalita,150,Mahr,,3,2013-08-20 00:00:00,2023-08-31 00:00:00,,5,3663,3663,99999
1014741,112.12,C,VA30,PF1-M,Montáž,150,Mahr,,3,2013-08-20 00:00:00,2023-08-31 00:00:00,,5,3663,3663,99999
201647,112.11,C,V260,,,300,Samson,,3,1999-10-18 00:00:00,2009-10-26 00:00:00,2009-10-26 00:00:00,5,3661,1828,1833
201742,112.11,C,V260,,,150,Kinex,,3,1999-10-18 00:00:00,2009-10-26 00:00:00,2009-10-26 00:00:00,5,3661,1828,1833
1011188,112.12,D,VR/PKD/31,PKD/13,Hutě,300,Mahr,,8,2012-10-31 00:00:00,2022-11-08 00:00:00,,1,3660,3660,99999
203329,112.11,D,V270,,,150,Somet,,3,1998-03-21 00:00:00,2008-03-26 00:00:00,,6,3658,3658,99999
45314,112.11,,V 31,,,,,,4,2000-07-28 00:00:00,2010-08-03 00:00:00,,4,3658,3658,99999
41194,112.11,C,V 10,PSW-F,Montáž,150,,,4,2002-02-15 00:00:00,2012-02-20 00:00:00,,4,3657,3657,99999
1005791,112.11,B,V160,PFS-K/1,Vedení,160,,,3,2011-02-02 00:00:00,2021-02-03 00:00:00,,6,3654,3654,99999
201656,112.12,C,V260,,,300,Somet,,3,2003-04-10 00:00:00,2013-04-11 00:00:00,2013-04-11 00:00:00,5,3654,1835,3654
41317,112.11,D,V 29,PSW-V,Obrábění,160,Somet,,4,2002-08-09 00:00:00,2012-08-10 00:00:00,,4,3654,3654,99999
41509,112.11,C,V 10,PSW-F,Montáž,150,,,4,2002-02-19 00:00:00,2012-02-20 00:00:00,,4,3653,3653,99999
38541,112.12,D,V 29,PSW-V,Obrábění,150,Mitutoyo,500,4,2000-11-10 00:00:00,2010-11-10 00:00:00,,4,3652,3652,99999
38524,112.12,D,V 29,PSW-V,Obrábění,150,Somet,,5,2000-12-22 00:00:00,2010-12-21 00:00:00,,4,3651,3651,99999
1013550,112.11,D,VR/PKD/31,,,150,Somet,,6,2012-09-04 00:00:00,2022-08-31 00:00:00,,3,3648,3648,99999
1013554,112.11,D,VR/PKD/31,,,150,Somet,,6,2012-09-04 00:00:00,2022-08-31 00:00:00,,3,3648,3648,99999
1013555,112.12,D,VR/PKD/31,,,200,,,6,2012-09-04 00:00:00,2022-08-31 00:00:00,,2,3648,3648,99999
37451,112.11,D,V 22,,,150,Somet,,6,2002-02-14 00:00:00,2012-02-10 00:00:00,2012-02-10 00:00:00,2,3648,2905,3649
46414,112.12,D,V 29,PSW-V,Obrábění,600,Mitutoyo,550,4,2003-10-14 00:00:00,2013-10-09 00:00:00,,4,3648,3648,99999
201626,112.12,C,V160,,,150,Sylvac,S225,4,2004-02-18 00:00:00,2014-02-12 00:00:00,2014-02-12 00:00:00,4,3647,2291,3576
305495,112.11,C,V 10,PSW-F,Montáž,160,Somet,,4,2005-09-05 00:00:00,2015-08-31 00:00:00,,4,3647,3647,99999
38646,112.11,D,V 29,PSW-V,Obrábění,250,Somet,,5,2002-04-23 00:00:00,2012-05-11 00:00:00,2012-04-16 00:00:00,4,3646,2199,3619
41278,112.11,D,V 10,PSW-F,Obrábění,160,,,4,2002-04-23 00:00:00,2012-04-16 00:00:00,,4,3646,3646,99999
41290,112.11,C,V 10,PSW-F,Montáž,150,,,4,2002-02-14 00:00:00,2012-02-08 00:00:00,,4,3646,3646,99999
1010722,112.12,C,V 22,PKT/4,Údržba,150,MITAKO,907,4,2012-09-13 00:00:00,2022-09-05 00:00:00,,4,3644,3644,99999
31068,112.11,D,V 22,,,160,Somet,,6,2000-09-18 00:00:00,2010-09-09 00:00:00,2010-09-09 00:00:00,2,3643,2907,3643
29841,112.12,D,V 22,,,150,Mitutoyo,500,12,2000-07-11 00:00:00,2021-06-09 00:00:00,2010-07-01 00:00:00,4,3642,2891,3642
38589,112.12,D,V 10,PSW-F,Obrábění,300,Mitutoyo,550,5,2001-10-25 00:00:00,2011-10-14 00:00:00,,4,3641,3641,99999
43268,112.12,D,V 10,PSW-F,Obrábění,200,Mitutoyo,,5,2004-10-19 00:00:00,2014-10-08 00:00:00,2014-10-08 00:00:00,4,3641,2163,4332
41309,112.11,C,V 10,PSW-F,Montáž,150,,,4,2002-03-04 00:00:00,2012-02-20 00:00:00,,4,3640,3640,99999
302483,112.11,C,V260,,,150,Kinex,,3,2005-03-29 00:00:00,2015-03-16 00:00:00,2015-03-16 00:00:00,5,3639,1813,3639
302488,112.11,C,V260,,,150,Kinex,,3,2005-03-29 00:00:00,2015-03-16 00:00:00,,5,3639,3639,99999
302489,112.11,C,V260,,,150,Kinex,,3,2005-03-29 00:00:00,2015-03-16 00:00:00,2015-03-16 00:00:00,5,3639,1813,3639
41605,112.11,D,V 10,PSW-F,Obrábění,400,,,4,2000-12-19 00:00:00,2010-12-06 00:00:00,2010-12-06 00:00:00,4,3639,2192,3000
46397,112.11,D,V 22,,,400,Somet,,5,2003-10-16 00:00:00,2013-09-30 00:00:00,,2,3637,3637,99999
1020598,112.12,C,VA30,PF1-M,Údržba,150,FACOM,,3,2014-12-15 00:00:00,2024-11-27 00:00:00,,5,3635,3635,99999
1013463,112.12,B,V 29,PSW-T,Sklad,150,Somet,,4,2013-04-15 00:00:00,2023-03-28 00:00:00,,4,3634,3634,99999
1021959,112.11,C,V160,,,160,Somet,,3,2015-04-21 00:00:00,2025-04-02 00:00:00,2025-04-02 00:00:00,6,3634,2313,3628
1021045,112.12,C,V160,PFO-P/31,Údržba,150,Insize,,3,2015-01-30 00:00:00,2025-01-10 00:00:00,,4,3633,3633,99999
45432,112.11,,V 31,,,,,,4,2000-09-12 00:00:00,2010-08-24 00:00:00,,4,3633,3633,99999
305030,112.11,C,V180,,,160,Somet,,3,2005-04-01 00:00:00,2015-03-09 00:00:00,2015-03-09 00:00:00,6,3629,2205,3476
1022345,112.11,C,V 22,PKP,Montáž,160,Schut,11016551,10,2015-06-08 00:00:00,2025-05-14 00:00:00,,1,3628,3628,99999
305496,112.11,C,V 10,PSW-F,Montáž,160,Somet,,4,2005-09-05 00:00:00,2015-08-11 00:00:00,,4,3627,3627,99999
200092,112.12,A,GQF-2,GQF-2,Kvalita,150,Sylvac,500,6,2006-03-28 00:00:00,2016-03-01 00:00:00,2016-03-01 00:00:00,2,3626,2901,4942
1016708,112.12,D,VR/PKD/31,PKD/11,Obrábění,150,Mahr,16EWR,10,2013-10-17 00:00:00,2023-09-18 00:00:00,,1,3623,3623,99999
33294,112.12,D,V 22,,,300,Somet,,4,2001-02-01 00:00:00,2011-01-03 00:00:00,2011-01-03 00:00:00,2,3623,2854,3623
1019570,112.12,D,V 22,PKH,Obrábění,300,Mitutoyo,551,7,2014-08-04 00:00:00,2024-07-02 00:00:00,,1,3620,3620,99999
305503,112.11,D,V 29,PSW-V,Obrábění,160,Somet,,4,2005-09-05 00:00:00,2015-08-04 00:00:00,,4,3620,3620,99999
1002549,112.12,C,V 10,PSW-F,Montáž,150,,,6,2009-09-22 00:00:00,2023-11-08 00:00:00,2019-08-20 00:00:00,4,3619,2148,3617
1020530,112.12,C,V270,PF1-K,Údržba,150,MITAKO,,5,2014-11-14 00:00:00,2024-10-08 00:00:00,,2,3616,3616,99999
41353,112.11,C,V 10,PSW-F,Montáž,300,,,4,2000-11-09 00:00:00,2010-10-01 00:00:00,,4,3613,3613,99999
45941,112.12,B,V 29,PSW-T,Sklad,,Somet,,8,2003-07-08 00:00:00,2025-08-05 00:00:00,2013-05-29 00:00:00,4,3613,2150,3586
25304,112.12,C,M6,,,150,Samson,,10,2000-09-01 00:00:00,2010-07-23 00:00:00,,1,3612,3612,99999
45011,112.11,B,V 31,PSW-S,Vedení,150,Somet,,4,2000-09-12 00:00:00,2010-08-03 00:00:00,,4,3612,3612,99999
202991,112.12,D,V270,,,150,Sylvac,,7,1997-11-18 00:00:00,2020-06-11 00:00:00,2007-10-08 00:00:00,4,3611,0,1116
41198,112.11,D,V 10,PSW-F,Hutě,150,,,5,2002-03-22 00:00:00,2012-04-16 00:00:00,2012-02-08 00:00:00,4,3610,2174,3444
32032,112.11,D,V 22,,,150,Somet,,3,2000-11-03 00:00:00,2010-09-17 00:00:00,,4,3605,3605,99999
300937,112.11,B,VR Výdejna,EIB,Vývoj,150,Mauser,,4,2002-06-04 00:00:00,2012-04-16 00:00:00,2012-04-16 00:00:00,3,3604,2484,3132
300984,112.11,B,VR Výdejna,EIB,Vývoj,150,Somet,,4,2002-06-04 00:00:00,2012-04-16 00:00:00,,3,3604,3604,99999
300959,112.11,B,VR Výdejna,EIB,Vývoj,150,Somet,,4,2002-06-07 00:00:00,2012-04-16 00:00:00,,3,3601,3601,99999
41784,112.12,B,V 10,PSW-S,Vedení,300,Mitutoyo,,5,2000-11-21 00:00:00,2010-10-01 00:00:00,,4,3601,3601,99999
45164,112.12,D,V 31,PSW-P,Obrábění,150,Somet,,5,2001-10-02 00:00:00,2011-08-10 00:00:00,,4,3599,3599,99999
45167,112.12,B,V 29,PSW-T,Sklad,150,Somet,,8,2001-10-02 00:00:00,2019-09-20 00:00:00,2011-08-10 00:00:00,4,3599,2169,3017
45194,112.12,B,V 31,PSW-S,Vedení,150,Somet,,5,2001-10-02 00:00:00,2011-08-10 00:00:00,,4,3599,3599,99999
1007370,112.12,D,V 22,,,200,Somet,,7,2011-10-13 00:00:00,2024-03-01 00:00:00,2021-08-19 00:00:00,1,3598,3179,3587
1023686,112.12,D,V270,,,150,Insize,,3,2015-10-02 00:00:00,2025-08-05 00:00:00,,4,3595,3595,99999
300927,112.11,,VR Výdejna,,,150,Somet,,4,2002-06-14 00:00:00,2012-04-16 00:00:00,,3,3594,3594,99999
1002312,112.11,D,V 29,PSW-P,Obrábění,160,Somet,,4,2009-08-11 00:00:00,2019-06-12 00:00:00,,4,3592,3592,99999
203231,112.11,D,V270,,,160,Somet,,3,2001-04-18 00:00:00,2011-02-15 00:00:00,,6,3590,3590,99999
43231,112.11,D,V 10,PSW-F,Obrábění,400,,,4,2002-09-18 00:00:00,2012-07-16 00:00:00,2012-07-16 00:00:00,4,3589,2121,3520
1021983,112.12,D,VR/PKD/31,PKD/3,Obrábění,150,Mitutoyo,500,5,2015-05-04 00:00:00,2025-02-24 00:00:00,,5,3584,3584,99999
305494,112.11,C,V 10,PSW-F,Montáž,160,Somet,,4,2005-09-05 00:00:00,2015-06-29 00:00:00,,4,3584,3584,99999
27152,112.12,D,V 22,,,200,Mitutoyo,550,11,2001-02-21 00:00:00,2010-12-10 00:00:00,2010-12-10 00:00:00,1,3579,3213,3941
306222,112.12,C,V180,,,150,Mitutoyo,500,4,2005-09-20 00:00:00,2015-07-08 00:00:00,,4,3578,3578,99999
38650,112.11,B,V 29,PSW-S,Vedení,250,Somet,,5,2001-05-10 00:00:00,2011-02-23 00:00:00,2011-02-23 00:00:00,4,3576,2134,3201
34528,112.11,C,M6,,,160,Somet,,3,2001-04-13 00:00:00,2011-01-26 00:00:00,,2,3575,3575,99999
38746,112.11,D,V 10,PSW-F,Obrábění,150,,,4,2002-03-01 00:00:00,2011-12-13 00:00:00,,4,3574,3574,99999
1014371,112.12,C,V270,PF1-K,Údržba,150,,,4,2013-06-18 00:00:00,2023-03-31 00:00:00,,4,3573,3573,99999
1017373,112.12,C,V160,PFO-P/21,Údržba,150,,,3,2013-12-06 00:00:00,2023-09-18 00:00:00,,4,3573,3573,99999
203054,112.12,D,V270,,,250,Mauser,,3,1999-10-13 00:00:00,2009-07-24 00:00:00,,4,3572,3572,99999
1019164,112.11,D,PSZ/3,,,300,,,4,2014-07-02 00:00:00,2024-04-10 00:00:00,,3,3570,3570,99999
16925,112.11,D,V 22,,,,China,,4,2001-02-05 00:00:00,2010-11-15 00:00:00,,2,3570,3570,99999
306938,112.12,C,V160,PFO-P/31,Údržba,160,Somet,14016479,4,2006-03-27 00:00:00,2016-01-04 00:00:00,,4,3570,3570,99999
41520,112.11,D,V 10,PSW-F,Obrábění,300,,,4,2002-08-28 00:00:00,2012-06-05 00:00:00,2012-06-05 00:00:00,4,3569,2121,3549
17116,112.11,D,V 22,,,160,Somet,,5,2000-03-31 00:00:00,2010-01-05 00:00:00,,3,3567,3567,99999
1012750,112.12,C,PSZ/3,PSZ/3,Údržba,300,,,5,2012-11-15 00:00:00,2022-08-19 00:00:00,2022-08-19 00:00:00,3,3564,2456,3436
1006780,112.12,D,V 22,,,,Mitutoyo,551,6,2011-09-16 00:00:00,2021-06-18 00:00:00,2021-06-18 00:00:00,2,3563,2779,3600
33252,112.12,D,V 22,,,300,Somet,,8,2001-01-30 00:00:00,2010-11-02 00:00:00,2010-11-02 00:00:00,1,3563,3166,3563
1009838,112.12,D,VR/PKD/31,PKD/13,Hutě,300,,,5,2011-12-13 00:00:00,2023-10-16 00:00:00,2021-09-13 00:00:00,1,3562,580,3353
311141,112.12,C,VK20,,,150,KS TOOLS,,4,2008-06-13 00:00:00,2018-03-15 00:00:00,2018-03-15 00:00:00,4,3562,2930,3564
301931,112.11,D,V 22,,,200,Mitutoyo,536,2,1995-11-21 00:00:00,2005-08-19 00:00:00,,4,3559,3559,99999
31062,112.11,D,V 22,,,160,Somet,,9,2000-09-18 00:00:00,2021-06-17 00:00:00,2010-06-15 00:00:00,4,3557,2774,3557
1023851,112.11,D,V 22,PKG,Hutě,160,Somet,11016611,4,2015-10-09 00:00:00,2025-07-04 00:00:00,,5,3556,3556,99999
1018384,112.12,D,V 29,PSW-V,Obrábění,150,Filletta,,4,2013-12-05 00:00:00,2023-08-30 00:00:00,,4,3555,3555,99999
41593,112.11,B,V 10,PSW-S,Vedení,600,,,4,2002-01-21 00:00:00,2011-10-14 00:00:00,,4,3553,3553,99999
45258,112.12,D,V 31,PSW-P,Obrábění,150,HHW,,5,2001-09-20 00:00:00,2011-06-13 00:00:00,,4,3553,3553,99999
1020016,112.12,C,V 22,PKT/4,Údržba,150,MITAKO,907,4,2014-09-15 00:00:00,2024-06-05 00:00:00,,4,3551,3551,99999
44932,112.11,D,V 31,PSW-P,Obrábění,150,Somet,,4,2000-10-10 00:00:00,2010-07-01 00:00:00,,4,3551,3551,99999
28393,112.12,C,M6,,,150,Somet,,6,2000-04-27 00:00:00,2010-01-15 00:00:00,,2,3550,3550,99999
1019076,112.12,C,VR/PKD/31,PKD/3,Údržba,150,Mitutoyo,,9,2014-06-18 00:00:00,2024-03-01 00:00:00,,3,3544,3544,99999
1012665,112.11,D,PSZ/3,PSZ/3,Obrábění,150,,,4,2013-02-05 00:00:00,2022-10-18 00:00:00,,3,3542,3542,99999
1021044,112.12,C,V160,,,150,Insize,,3,2015-01-30 00:00:00,2024-10-11 00:00:00,2024-10-11 00:00:00,4,3542,2082,3537
44486,112.12,B,V 31,PSW-S,Vedení,150,Somet,,5,2001-10-02 00:00:00,2011-06-13 00:00:00,,4,3541,3541,99999
45069,112.12,D,V 22,,,160,Somet,,8,2003-04-10 00:00:00,2014-05-27 00:00:00,2012-12-19 00:00:00,1,3541,3165,3523
1008563,112.12,C,V 22,PKT/4,Údržba,150,MITAKO,907,3,2012-02-29 00:00:00,2021-11-04 00:00:00,,4,3536,3536,99999
1022682,112.12,D,VR/PKD/31,PKD/12,Obrábění,300,ATORN,,8,2015-07-27 00:00:00,2025-03-31 00:00:00,,1,3535,3535,99999
36999,112.11,D,V 22,,,150,Somet,,4,1999-03-11 00:00:00,2008-11-11 00:00:00,,3,3533,3533,99999
41446,112.11,B,V 10,PSW-S,Vedení,300,VIS,,4,2002-10-03 00:00:00,2012-06-05 00:00:00,,4,3533,3533,99999
202226,112.11,D,V270,,,160,Somet,,3,2004-06-14 00:00:00,2014-02-14 00:00:00,2014-02-14 00:00:00,6,3532,1268,3532
310361,112.12,D,V270,,,150,,14015459,4,2008-02-01 00:00:00,2017-10-03 00:00:00,,4,3532,3532,99999
1016960,112.12,D,VR/PKD/31,PKD/12,Obrábění,150,Mitutoyo,,8,2013-07-10 00:00:00,2023-03-09 00:00:00,,3,3529,3529,99999
33578,112.11,D,V 22,,,160,Somet,,5,2001-02-01 00:00:00,2010-10-01 00:00:00,2010-10-01 00:00:00,2,3529,2786,3507
202275,112.11,C,V160,,,150,,,3,2002-10-03 00:00:00,2012-05-24 00:00:00,2012-05-24 00:00:00,6,3521,2238,2869
1018281,112.12,D,V 22,,,150,,907,5,2014-03-27 00:00:00,2023-11-14 00:00:00,2023-11-14 00:00:00,1,3519,3219,3514
31108,112.12,D,V 22,,,300,Somet,,10,2000-09-19 00:00:00,2010-04-28 00:00:00,,1,3508,3508,99999
1008447,112.12,A,GQD-2,GQD,Kvalita,200,Kinex,,5,2012-01-18 00:00:00,2021-08-24 00:00:00,2021-08-24 00:00:00,2,3506,2736,3457
1023852,112.11,D,V 22,PKM,Obrábění,160,Somet,11016551,4,2015-10-09 00:00:00,2025-05-14 00:00:00,,3,3505,3505,99999
1002128,112.11,D,V270,,,160,Somet,,2,2009-07-07 00:00:00,2019-02-08 00:00:00,2019-02-08 00:00:00,6,3503,0,3501
1011772,112.12,D,V 22,,,150,MITAKO,907,4,2013-01-09 00:00:00,2022-08-11 00:00:00,2022-08-11 00:00:00,3,3501,2337,3494
1012432,112.11,A,V 22,GQH-3,Kvalita,160,Somet,11016611,4,2013-02-21 00:00:00,2022-09-19 00:00:00,,3,3497,3497,99999
1014372,112.12,C,V270,PF1-K,Údržba,150,,,5,2013-06-18 00:00:00,2023-01-13 00:00:00,,4,3496,3496,99999
1012433,112.11,A,V 22,GQH-3,Kvalita,160,Somet,11016611,5,2013-02-21 00:00:00,2023-02-03 00:00:00,2022-09-16 00:00:00,3,3494,2377,3479
203118,112.11,D,V270,,,150,Somet,,2,1996-09-02 00:00:00,2006-03-27 00:00:00,2006-03-27 00:00:00,6,3493,0,538
46003,112.12,D,V 31,PSW-P,Obrábění,160,Somet,,4,2003-08-12 00:00:00,2013-03-04 00:00:00,2013-03-04 00:00:00,4,3492,2012,3482
1012438,112.12,D,V 22,,,300,Somet,907,4,2013-02-21 00:00:00,2022-09-13 00:00:00,,4,3491,3491,99999
1002611,112.12,D,PSZ/3,,,,Mitutoyo,551,3,2009-09-15 00:00:00,2019-04-05 00:00:00,2019-04-05 00:00:00,4,3489,2009,3473
305032,112.11,C,V180,,,160,Somet,,3,2005-04-01 00:00:00,2014-10-17 00:00:00,2014-10-17 00:00:00,6,3486,2205,3333
308815,112.12,D,V 22,,,150,Somet,14016459,11,2007-03-22 00:00:00,2020-12-02 00:00:00,2016-10-05 00:00:00,1,3485,1838,3479
1001729,112.12,D,V270,,,150,,,4,2009-04-14 00:00:00,2018-10-24 00:00:00,2018-10-24 00:00:00,4,3480,1989,3471
28397,112.12,D,V 22,,,160,Somet,14016454,7,2000-04-27 00:00:00,2009-11-05 00:00:00,,1,3479,3479,99999
41576,112.11,B,V 10,PSW-S,Vedení,400,,,5,2000-10-11 00:00:00,2010-04-20 00:00:00,,4,3478,3478,99999
1019681,112.11,C,VR/PKD/31,PKD/3,Údržba,150,Zevela INOX,,4,2014-08-27 00:00:00,2024-03-01 00:00:00,,3,3474,3474,99999
35662,112.11,D,V 22,,,150,,,8,2001-09-04 00:00:00,2011-03-10 00:00:00,2011-03-10 00:00:00,2,3474,2711,3481
14909,112.11,D,V 22,,,160,,,4,2003-03-18 00:00:00,2012-09-19 00:00:00,2012-09-19 00:00:00,3,3473,2338,5063
33305,112.12,A,V 22,GQH-1,Kvalita,300,Somet,,10,2001-02-01 00:00:00,2023-05-15 00:00:00,2010-08-05 00:00:00,3,3472,2356,3472
1007648,112.12,C,M6,,,150,,,4,2011-11-16 00:00:00,2021-05-17 00:00:00,,3,3470,3470,99999
305121,112.11,D,V 22,,,160,Somet,,3,2003-02-26 00:00:00,2012-08-24 00:00:00,,4,3467,3467,99999
43257,112.11,B,V 10,PSW-S,Vedení,,,,5,2002-09-24 00:00:00,2012-03-19 00:00:00,,4,3464,3464,99999
38417,112.11,D,V 29,PSW-V,Obrábění,600,Somet,,4,2001-06-11 00:00:00,2010-12-03 00:00:00,,4,3462,3462,99999
1017316,112.12,D,PSZ/3,,,150,,,3,2013-12-06 00:00:00,2023-05-29 00:00:00,,3,3461,3461,99999
1019377,112.12,C,V 22,PKT/21,Údržba,300,,907,4,2014-07-22 00:00:00,2024-01-10 00:00:00,,3,3459,3459,99999
38662,112.11,B,V 29,PSW-S,Vedení,1000,,,5,2001-05-22 00:00:00,2010-11-10 00:00:00,,4,3459,3459,99999
1014666,112.12,C,V160,PFO-P/21,Údržba,150,,,3,2013-06-26 00:00:00,2022-12-12 00:00:00,,4,3456,3456,99999
1013558,112.12,C,VR/PKD/31,PKD/15,Montáž,200,,,6,2012-09-04 00:00:00,2022-02-16 00:00:00,,2,3452,3452,99999
202346,112.11,C,V160,PFO-P/21,Údržba,150,Somet,,3,2003-01-14 00:00:00,2012-06-27 00:00:00,2012-06-27 00:00:00,6,3452,2241,2899
1023836,112.12,D,V 22,PKG,Hutě,150,MITAKO,907,9,2015-10-09 00:00:00,2025-03-10 00:00:00,,1,3440,3440,99999
1005972,112.11,D,V 22,,,160,,11016551,6,2011-04-15 00:00:00,2020-09-10 00:00:00,,4,3436,3436,99999
309897,112.11,C,V 29,PSW-V,Montáž,160,Somet,11015611,4,2007-11-08 00:00:00,2017-04-04 00:00:00,,4,3435,3435,99999
1002858,112.11,D,V 10,PSW-F,Obrábění,600,,,5,2009-11-02 00:00:00,2019-06-28 00:00:00,2019-03-21 00:00:00,4,3426,1971,3409
38542,112.12,D,V 29,PSW-V,Obrábění,150,Mitutoyo,500,5,2001-11-08 00:00:00,2011-03-25 00:00:00,,4,3424,3424,99999
1023910,112.12,C,V160,PFO-P/31,Údržba,150,,,3,2015-11-12 00:00:00,2025-03-24 00:00:00,,4,3420,3420,99999
33026,112.11,D,V 22,,,150,Somet,,10,2001-02-02 00:00:00,2010-08-27 00:00:00,2010-06-14 00:00:00,2,3419,2637,3442
1003788,112.12,D,V 22,,,200,Mitutoyo,500,8,2010-05-18 00:00:00,2019-09-25 00:00:00,2019-09-25 00:00:00,1,3417,3046,3415
1002797,112.12,D,V 31,PSW-P,Obrábění,200,Somet,,5,2009-11-05 00:00:00,2019-03-14 00:00:00,2019-03-14 00:00:00,4,3416,1967,3411
201754,112.11,C,V260,,,150,Somet,,2,1998-12-17 00:00:00,2008-04-22 00:00:00,2008-04-22 00:00:00,5,3414,0,1174
38472,112.11,D,V 31,PSW-P,Obrábění,250,Somet,,5,2002-10-04 00:00:00,2012-02-08 00:00:00,,4,3414,3414,99999
27326,112.11,D,V 22,,,150,Somet,,4,2000-01-25 00:00:00,2009-05-29 00:00:00,,3,3412,3412,99999
203039,112.12,D,V270,,,150,Somet,,3,2001-07-24 00:00:00,2010-11-25 00:00:00,2010-11-25 00:00:00,4,3411,1928,2254
1023796,112.12,D,VR/PKD/31,PKD/11,Obrábění,,Kinex,,8,2015-10-26 00:00:00,2025-02-24 00:00:00,,1,3409,3409,99999
1019077,112.12,C,VR/PKD/31,PKD/3,Údržba,150,Mitutoyo,,8,2014-06-18 00:00:00,2023-10-17 00:00:00,,3,3408,3408,99999
1003680,112.12,D,V 10,PSW-F,Obrábění,150,,,6,2010-04-22 00:00:00,2023-11-08 00:00:00,2019-08-20 00:00:00,4,3407,1930,3394
1004601,112.11,C,V270,PF2-K,Údržba,160,Somet,,3,2010-09-06 00:00:00,2020-01-03 00:00:00,,6,3406,3406,99999
1006101,112.12,D,V 22,,,150,MITAKO,907,7,2011-05-03 00:00:00,2020-08-27 00:00:00,,1,3404,3404,99999
200555,112.11,C,VA30,,,150,Somet,,4,2003-10-06 00:00:00,2013-01-29 00:00:00,2013-01-29 00:00:00,5,3403,1570,3403
200558,112.11,C,VA30,,,150,Somet,,4,2003-10-06 00:00:00,2013-01-29 00:00:00,2013-01-29 00:00:00,5,3403,1570,3403
200560,112.11,C,VA30,,,150,Somet,,4,2003-10-06 00:00:00,2013-01-29 00:00:00,2013-01-29 00:00:00,5,3403,1570,3403
200568,112.11,C,VA30,,,150,Somet,,4,2003-10-06 00:00:00,2013-01-29 00:00:00,2013-01-29 00:00:00,5,3403,1570,3403
1021804,112.11,C,VR/PKD/31,PKD/3,Údržba,,Mitutoyo,,4,2015-04-16 00:00:00,2024-08-08 00:00:00,,3,3402,3402,99999
37860,112.12,D,V 22,,,150,Somet,,5,2002-03-08 00:00:00,2011-07-07 00:00:00,2011-07-01 00:00:00,3,3402,2285,3371
1023694,112.12,D,V270,,,150,Somet,,3,2015-10-02 00:00:00,2025-01-23 00:00:00,2025-01-23 00:00:00,4,3401,2478,3382
1013168,112.11,D,PSZ/3,PSZ/3,Obrábění,600,Somet,,4,2013-05-02 00:00:00,2022-08-22 00:00:00,,3,3399,3399,99999
1013170,112.11,D,PSZ/3,PSZ/3,Obrábění,,Mitutoyo,,4,2013-05-02 00:00:00,2022-08-22 00:00:00,2022-08-22 00:00:00,3,3399,2286,3408
1003677,112.12,C,V 10,PSW-F,Montáž,150,,,4,2010-04-22 00:00:00,2019-08-09 00:00:00,2019-08-09 00:00:00,4,3396,1898,3383
306381,112.12,D,V 22,,,160,Somet,14016458,9,2005-12-05 00:00:00,2015-03-23 00:00:00,2015-03-23 00:00:00,1,3395,2866,3384
310304,112.11,D,V 22,,,160,Somet,11016651,6,2007-12-20 00:00:00,2017-04-06 00:00:00,2017-04-06 00:00:00,3,3395,2643,3356
33046,112.11,D,V 22,,,160,Somet,,9,1999-03-24 00:00:00,2008-07-09 00:00:00,,3,3395,3395,99999
1012861,112.11,D,PSZ/3,PSZ/3,Obrábění,1000,,,4,2013-05-02 00:00:00,2022-08-15 00:00:00,,3,3392,3392,99999
1013351,112.11,D,PSZ/3,PSZ/3,Obrábění,400,,,4,2013-05-10 00:00:00,2022-08-22 00:00:00,,3,3391,3391,99999
1012727,112.11,C,PSZ/3,PSZ/3,Údržba,200,,,4,2012-07-23 00:00:00,2021-11-03 00:00:00,,3,3390,3390,99999
14916,112.11,D,V 22,,,150,Somet,,4,2002-07-22 00:00:00,2011-11-02 00:00:00,,3,3390,3390,99999
305390,112.11,D,V 22,,,150,Somet,,4,2002-10-16 00:00:00,2012-01-26 00:00:00,,4,3389,3389,99999
1023650,112.11,D,V270,,,160,Somet,,3,2015-10-02 00:00:00,2025-01-10 00:00:00,,6,3388,3388,99999
1023913,112.12,C,V160,PFO-P/31,Údržba,150,,,2,2015-11-12 00:00:00,2025-02-20 00:00:00,,4,3388,3388,99999
306366,112.11,D,V270,,,160,Somet,11016551,3,2005-12-07 00:00:00,2015-03-18 00:00:00,,6,3388,3388,99999
307573,112.12,C,PSZ/1,PSZ/1,Údržba,150,Mitutoyo,,4,2005-06-02 00:00:00,2014-09-10 00:00:00,2014-09-10 00:00:00,3,3387,2265,2969
1003730,112.12,D,V 10,PSW-F,Obrábění,200,Somet,,4,2010-05-03 00:00:00,2019-08-09 00:00:00,2019-08-09 00:00:00,4,3385,1898,3375
203052,112.12,D,V270,,,200,Sylvac,,3,1998-01-27 00:00:00,2008-03-26 00:00:00,2007-05-04 00:00:00,4,3384,0,953
1017304,112.11,C,PSZ/3,PSZ/3,Údržba,300,,,4,2013-12-10 00:00:00,2023-03-16 00:00:00,,3,3383,3383,99999
1017305,112.11,D,PSZ/3,,,300,,,4,2013-12-10 00:00:00,2023-03-16 00:00:00,,3,3383,3383,99999
1012972,112.12,D,PSZ/3,PSZ/3,Obrábění,150,,,4,2013-04-10 00:00:00,2022-07-12 00:00:00,,3,3380,3380,99999
1013350,112.11,C,PSZ/3,PSZ/3,Údržba,300,,,4,2013-05-10 00:00:00,2022-08-09 00:00:00,,3,3378,3378,99999
45279,112.12,D,V 31,PSW-P,Obrábění,200,Mitutoyo,,5,2002-02-14 00:00:00,2011-05-16 00:00:00,,4,3378,3378,99999
305141,112.11,D,V 22,,,250,Somet,,4,2004-05-27 00:00:00,2013-08-22 00:00:00,,4,3374,3374,99999
41468,112.11,D,V 10,PSW-F,Obrábění,300,,,4,2002-03-05 00:00:00,2011-05-31 00:00:00,,4,3374,3374,99999
1012715,112.11,D,PSZ/3,PSZ/3,Obrábění,160,,,4,2013-02-05 00:00:00,2022-05-02 00:00:00,,3,3373,3373,99999
41390,112.11,D,V 10,PSW-F,Obrábění,160,Somet,,4,2000-03-21 00:00:00,2009-06-15 00:00:00,,4,3373,3373,99999
1012862,112.11,C,PSZ/3,PSZ/3,Údržba,1000,,,4,2013-05-23 00:00:00,2022-08-15 00:00:00,,3,3371,3371,99999
1013386,112.11,D,PSZ/3,PSZ/3,Obrábění,1000,,,4,2013-05-23 00:00:00,2022-08-15 00:00:00,,3,3371,3371,99999
202916,112.12,C,VA30,PF1-M,Montáž,160,Somet,,4,2004-08-24 00:00:00,2013-11-14 00:00:00,2013-11-14 00:00:00,5,3369,1501,3354
309883,112.11,D,V 22,,,160,Somet,11016651,9,2007-11-07 00:00:00,2017-01-26 00:00:00,,1,3368,3368,99999
202912,112.12,C,VA30,PF1-M,Montáž,160,Somet,,4,2004-08-24 00:00:00,2013-11-12 00:00:00,2013-11-12 00:00:00,5,3367,1501,3352
41263,112.11,C,V 10,PSW-F,Montáž,150,,,5,2002-02-14 00:00:00,2011-05-05 00:00:00,,4,3367,3367,99999
200579,112.11,C,VA30,,,200,,,4,2004-02-09 00:00:00,2013-04-24 00:00:00,2013-04-24 00:00:00,5,3362,1520,3362
1008561,112.12,A,GQD-2,GQD,Kvalita,150,MITAKO,907,5,2012-02-29 00:00:00,2021-05-13 00:00:00,2021-05-13 00:00:00,2,3361,2613,3346
200566,112.11,C,VA30,,,150,Somet,,4,2003-10-06 00:00:00,2012-12-18 00:00:00,2012-12-18 00:00:00,5,3361,1530,3361
203127,112.11,D,V270,,,150,Somet,,2,1996-09-02 00:00:00,2005-11-15 00:00:00,,6,3361,3361,99999
1013347,112.12,C,PSZ/3,PSZ/3,Údržba,150,Mitutoyo,,4,2013-05-10 00:00:00,2022-07-22 00:00:00,,3,3360,3360,99999
306492,112.12,D,V 22,,,150,Mitutoyo,500,6,2006-01-10 00:00:00,2017-01-06 00:00:00,2015-03-24 00:00:00,1,3360,3123,3353
31031,112.11,C,M6,,,160,Somet,,11,2000-09-18 00:00:00,2019-06-17 00:00:00,2009-11-30 00:00:00,3,3360,2808,3363
32122,112.11,D,V 22,,,160,Somet,,9,2000-11-10 00:00:00,2010-01-21 00:00:00,2010-01-21 00:00:00,1,3359,2944,3362
310357,112.12,D,V270,,,150,,14015459,3,2008-02-01 00:00:00,2017-04-12 00:00:00,2017-04-12 00:00:00,4,3358,1875,3351
38403,112.11,C,V 29,PSW-V,Montáž,150,Hommel,,4,2001-04-19 00:00:00,2010-06-28 00:00:00,,4,3357,3357,99999
1009839,112.12,D,VR/PKD/31,PKD/13,Hutě,300,,,8,2011-12-13 00:00:00,2024-10-16 00:00:00,2021-02-19 00:00:00,1,3356,2520,3147
1013680,112.11,D,PSZ/3,PSZ/3,Obrábění,1000,,,4,2013-06-07 00:00:00,2022-08-15 00:00:00,,3,3356,3356,99999
1022178,112.12,D,V 22,,,150,MITAKO,907,9,2015-05-26 00:00:00,2024-08-02 00:00:00,,1,3356,3356,99999
42345,112.11,C,V 31,PSW-P,Montáž,160,Somet,,4,2002-09-30 00:00:00,2011-12-08 00:00:00,,4,3356,3356,99999
1016961,112.12,D,VR/PKD/31,PKD/11,Obrábění,150,Mitutoyo,,8,2013-07-10 00:00:00,2022-09-14 00:00:00,,1,3353,3353,99999
45217,112.12,C,V 31,PSW-P,Montáž,150,Mitutoyo,,5,2002-02-05 00:00:00,2011-04-12 00:00:00,,4,3353,3353,99999
308782,112.11,D,V270,,,160,Somet,11016511,3,2007-03-07 00:00:00,2016-05-10 00:00:00,,6,3352,3352,99999
1019710,112.12,C,PSZ/1,,,1000,,,4,2014-08-18 00:00:00,2023-10-20 00:00:00,,4,3350,3350,99999
301889,112.12,A,GQF-3,GQF-3,Kvalita,150,Mitutoyo,500,6,2005-01-20 00:00:00,2014-03-24 00:00:00,,2,3350,3350,99999
1012754,112.12,D,PSZ/3,,,300,,,5,2013-06-18 00:00:00,2022-10-11 00:00:00,2022-08-19 00:00:00,3,3349,2261,3436
1023652,112.11,D,V270,,,160,Somet,,3,2015-10-02 00:00:00,2024-12-02 00:00:00,,3,3349,3349,99999
38543,112.12,D,V 29,PSW-V,Obrábění,150,Mitutoyo,500,5,2002-01-23 00:00:00,2011-03-25 00:00:00,,4,3348,3348,99999
1013389,112.11,D,PSZ/3,PSZ/3,Obrábění,400,Somet,,4,2013-05-22 00:00:00,2022-07-21 00:00:00,,3,3347,3347,99999
308981,112.12,D,V 22,,,200,Somet,14020459,5,2007-05-03 00:00:00,2016-09-21 00:00:00,2016-07-01 00:00:00,1,3347,2937,3334
1013387,112.11,D,PSZ/3,PSZ/3,Obrábění,600,,,4,2013-05-23 00:00:00,2022-07-21 00:00:00,,3,3346,3346,99999
24824,112.12,D,V 22,,,150,Samson,,7,2000-11-27 00:00:00,2010-03-05 00:00:00,2010-01-25 00:00:00,2,3346,2605,3773
304576,112.11,D,V 22,,,630,Somet,,3,2002-03-08 00:00:00,2011-05-06 00:00:00,,4,3346,3346,99999
1015385,112.12,A,VR/GQH,GQH-2,Kvalita,150,,,5,2013-07-19 00:00:00,2022-09-14 00:00:00,,3,3344,3344,99999
1020524,112.12,C,V270,PF1-K,Údržba,150,MITAKO,,4,2014-11-14 00:00:00,2024-01-22 00:00:00,2024-01-10 00:00:00,4,3344,1820,3334
1023690,112.12,B,V270,PF1/1,Provozní laboratoř,150,Insize,,3,2015-10-02 00:00:00,2024-11-27 00:00:00,,4,3344,3344,99999
44941,112.11,D,V 31,PSW-P,Obrábění,150,Somet,,4,2002-02-15 00:00:00,2011-04-12 00:00:00,,4,3343,3343,99999
39697,112.11,D,V 29,,,150,,,4,2000-12-14 00:00:00,2010-02-05 00:00:00,,4,3340,3340,99999
34087,112.12,D,V 22,,,150,Mitutoyo,500,4,2001-02-16 00:00:00,2010-04-09 00:00:00,,3,3339,3339,99999
1005476,112.11,C,PSZ/1,PSZ/1,Údržba,160,Somet,,4,2008-03-13 00:00:00,2017-05-03 00:00:00,,5,3338,3338,99999
15092,112.12,C,M6,,,150,HHW,,4,2002-03-15 00:00:00,2011-05-05 00:00:00,2011-05-05 00:00:00,3,3338,2215,4560
17093,112.11,C,M6,,,160,Somet,,5,2000-12-13 00:00:00,2010-02-01 00:00:00,,2,3337,3337,99999
301085,112.12,,VR Výdejna,,,150,Mitutoyo,,4,2003-01-17 00:00:00,2012-03-05 00:00:00,,3,3335,3335,99999
305475,112.12,C,M6,,,160,Somet,14016458,5,2005-09-16 00:00:00,2014-11-03 00:00:00,2014-11-03 00:00:00,2,3335,2596,3322
1014332,112.11,C,VA30,PF1-M,Údržba,160,Somet,,3,2013-07-16 00:00:00,2022-08-31 00:00:00,,5,3333,3333,99999
301060,112.12,,VR Výdejna,,,300,Mitutoyo,551,4,2003-01-20 00:00:00,2012-03-06 00:00:00,,3,3333,3333,99999
1012990,112.11,C,PSZ/3,PSZ/3,Údržba,300,,,4,2013-04-09 00:00:00,2022-05-24 00:00:00,,3,3332,3332,99999
1023726,112.12,D,VR/PKD/31,,,150,Mitutoyo,500,9,2015-09-17 00:00:00,2024-10-31 00:00:00,,5,3332,3332,99999
306674,112.12,D,V 22,,,160,Somet,14016458,4,2006-02-10 00:00:00,2015-03-27 00:00:00,,4,3332,3332,99999
41768,112.12,C,V 31,PSW-P,Montáž,200,,,5,1999-03-08 00:00:00,2008-04-21 00:00:00,,4,3332,3332,99999
44472,112.11,D,V 10,PSW-F,Obrábění,300,China,,4,2002-01-21 00:00:00,2011-03-07 00:00:00,,4,3332,3332,99999
1003679,112.12,C,V 29,PSW-T,Údržba,150,,,4,2010-04-22 00:00:00,2019-06-05 00:00:00,,4,3331,3331,99999
45223,112.12,C,V 31,PSW-P,Montáž,150,Mitutoyo,,5,2002-01-22 00:00:00,2011-03-07 00:00:00,,4,3331,3331,99999
36732,112.12,D,V 22,,,150,Mitutoyo,500,6,2001-11-21 00:00:00,2012-05-03 00:00:00,2011-01-03 00:00:00,1,3330,2212,3332
36749,112.11,D,V 22,,,400,Somet,,4,2001-11-21 00:00:00,2011-01-03 00:00:00,,3,3330,3330,99999
45238,112.12,C,V 31,PSW-P,Montáž,150,Mitutoyo,500,5,2002-01-23 00:00:00,2011-03-07 00:00:00,,4,3330,3330,99999
310362,112.12,D,V270,,,150,,14015459,4,2008-02-01 00:00:00,2017-04-19 00:00:00,2017-03-14 00:00:00,4,3329,1837,3322
45988,112.12,D,V 10,PSW-F,Obrábění,160,Somet,,7,2003-08-12 00:00:00,2012-09-20 00:00:00,,4,3327,3327,99999
1013196,112.12,D,PSZ/3,PSZ/3,Obrábění,150,Mitutoyo,,4,2013-04-30 00:00:00,2022-06-08 00:00:00,2022-06-08 00:00:00,3,3326,2198,3332
38458,112.11,B,V 29,PSW-S,Vedení,160,Somet,,3,2001-01-04 00:00:00,2010-02-12 00:00:00,,4,3326,3326,99999
38475,112.11,C,V 10,PSW-F,Montáž,250,Somet,,4,2001-05-21 00:00:00,2010-06-28 00:00:00,,4,3325,3325,99999
1012686,112.12,C,PSZ/3,PSZ/3,Údržba,160,,,4,2013-04-17 00:00:00,2022-05-24 00:00:00,2022-05-24 00:00:00,3,3324,2210,3349
41453,112.11,D,V 10,PSW-F,Obrábění,300,China,,4,2001-03-15 00:00:00,2010-04-20 00:00:00,,4,3323,3323,99999
1019087,112.12,C,VR/PKD/31,PKD/3,Údržba,150,Mitutoyo,,5,2014-06-18 00:00:00,2023-07-21 00:00:00,,3,3320,3320,99999
1025296,112.12,D,VR/PKD/31,PKD/12,Obrábění,150,Mitutoyo,500,8,2016-05-30 00:00:00,2025-07-02 00:00:00,,1,3320,3320,99999
1025299,112.12,D,VR/PKD/31,PKD/12,Obrábění,150,Mitutoyo,500,7,2016-06-01 00:00:00,2025-07-03 00:00:00,,1,3319,3319,99999
308223,112.11,C,PSZ/1,PSZ/1,Údržba,1000,Somet,13100560,7,2006-12-12 00:00:00,2022-03-15 00:00:00,2016-01-12 00:00:00,5,3318,2197,3310
1012673,112.12,D,PSZ/3,PSZ/3,Obrábění,150,,,3,2013-04-17 00:00:00,2022-05-16 00:00:00,2022-05-16 00:00:00,3,3316,1106,3341
14983,112.11,D,V 22,,,150,China,,4,2002-11-08 00:00:00,2011-12-05 00:00:00,2011-12-05 00:00:00,2,3314,2552,4774
1012379,112.11,D,PSZ/3,PSZ/3,Obrábění,160,,,4,2011-11-16 00:00:00,2020-12-11 00:00:00,2020-12-11 00:00:00,3,3313,2213,2838
1012381,112.11,C,PSZ/3,PSZ/3,Údržba,160,,,4,2011-11-16 00:00:00,2020-12-11 00:00:00,2020-12-11 00:00:00,3,3313,2213,2838
1012726,112.12,D,PSZ/3,PSZ/3,Obrábění,200,,,4,2013-06-27 00:00:00,2022-07-22 00:00:00,,3,3312,3312,99999
1012758,112.12,D,PSZ/3,PSZ/3,Obrábění,300,,,4,2013-06-27 00:00:00,2022-07-22 00:00:00,,3,3312,3312,99999
1012992,112.11,D,PSZ/3,PSZ/3,Obrábění,200,,,4,2013-04-09 00:00:00,2022-05-03 00:00:00,2022-05-03 00:00:00,3,3311,2205,3311
1013171,112.11,C,PSZ/3,PSZ/3,Údržba,300,Somet,,4,2013-04-30 00:00:00,2022-05-24 00:00:00,,3,3311,3311,99999
1013203,112.12,D,PSZ/3,PSZ/3,Obrábění,300,,,5,2013-04-30 00:00:00,2022-07-11 00:00:00,2022-05-24 00:00:00,3,3311,2220,3317
41368,112.11,C,V 10,PSW-F,Montáž,160,Somet,,4,2002-02-14 00:00:00,2011-03-10 00:00:00,,4,3311,3311,99999
1012374,112.11,D,PSZ/3,PSZ/3,Obrábění,150,,,4,2011-09-27 00:00:00,2020-10-19 00:00:00,2020-10-19 00:00:00,3,3310,2213,2785
1012743,112.11,D,PSZ/3,PSZ/3,Obrábění,300,,,4,2012-05-09 00:00:00,2021-06-01 00:00:00,2021-06-01 00:00:00,3,3310,2210,2992
306518,112.11,A,GQG-1,GQG-1,Kvalita,150,Somet,,4,2005-01-27 00:00:00,2014-02-19 00:00:00,,3,3310,3310,99999
300952,112.11,B,VR Výdejna,EKV,Vývoj,150,Somet,,4,2002-06-06 00:00:00,2011-06-28 00:00:00,,3,3309,3309,99999
309312,112.11,D,V 22,,,160,Somet,11016551,3,2007-07-19 00:00:00,2016-08-09 00:00:00,,4,3309,3309,99999
41365,112.11,D,V 10,PSW-F,Obrábění,160,Somet,,4,2002-01-17 00:00:00,2011-02-07 00:00:00,,4,3308,3308,99999
300912,112.11,,VR Výdejna,,,150,,,4,2002-06-07 00:00:00,2011-06-27 00:00:00,2011-06-27 00:00:00,3,3307,2209,2838
1012661,112.11,C,PSZ/3,PSZ/1,Údržba,160,,,4,2013-02-05 00:00:00,2022-02-24 00:00:00,,3,3306,3306,99999
1012731,112.11,C,PSZ/3,PSZ/3,Údržba,250,,,4,2012-02-01 00:00:00,2021-02-19 00:00:00,,3,3306,3306,99999
1012657,112.11,C,PSZ/3,PSZ/3,Údržba,150,,,6,2012-10-17 00:00:00,2025-04-01 00:00:00,2021-11-04 00:00:00,3,3305,2204,3148
1012747,112.11,C,PSZ/3,PSZ/3,Údržba,300,,,4,2012-10-17 00:00:00,2021-11-04 00:00:00,,3,3305,3305,99999
1012850,112.11,D,PSZ/3,PSZ/3,Obrábění,400,,,4,2012-11-15 00:00:00,2021-12-03 00:00:00,2021-12-03 00:00:00,3,3305,2204,3170
1028452,112.12,D,VR/PKD/31,PKD/11,Obrábění,150,Mahr,,8,2016-03-14 00:00:00,2025-04-01 00:00:00,,1,3305,3305,99999
1012701,112.12,C,PSZ/3,PSZ/3,Údržba,150,,,4,2012-01-06 00:00:00,2021-01-22 00:00:00,2021-01-22 00:00:00,3,3304,2204,2862
1012704,112.12,C,PSZ/3,PSZ/3,Údržba,150,Insize,,4,2012-01-06 00:00:00,2021-01-22 00:00:00,,3,3304,3304,99999
1012707,112.12,C,PSZ/3,PSZ/3,Údržba,150,,,4,2012-01-06 00:00:00,2021-01-22 00:00:00,,3,3304,3304,99999
1012729,112.11,D,PSZ/3,,,200,Somet,,4,2012-10-17 00:00:00,2021-11-03 00:00:00,,3,3304,3304,99999
1012732,112.11,D,PSZ/3,PSZ/3,Obrábění,250,,,4,2012-04-24 00:00:00,2021-05-11 00:00:00,2021-05-11 00:00:00,3,3304,2185,2971
1016730,112.12,C,PSZ/3,PSZ/2,Údržba,150,,,4,2013-11-19 00:00:00,2022-12-06 00:00:00,,3,3304,3304,99999
38651,112.11,B,V 29,PSW-S,Vedení,250,,,4,2001-05-23 00:00:00,2010-06-09 00:00:00,,4,3304,3304,99999
300911,112.11,,VR Výdejna,,,150,Somet,,4,2002-06-05 00:00:00,2011-06-21 00:00:00,,3,3303,3303,99999
300972,112.11,,VR Výdejna,,,150,China,,4,2002-06-06 00:00:00,2011-06-22 00:00:00,,3,3303,3303,99999
300974,112.11,,VR Výdejna,,,150,China,,4,2002-06-04 00:00:00,2011-06-20 00:00:00,,3,3303,3303,99999
38363,112.11,D,V 29,,,150,Kinex,,4,2001-05-09 00:00:00,2010-05-25 00:00:00,,4,3303,3303,99999
300973,112.11,,VR Výdejna,,,150,Somet,,4,2002-06-06 00:00:00,2011-06-20 00:00:00,,3,3301,3301,99999
1023683,112.12,C,V270,PF2-K,Svařovna,150,Insize,,3,2015-10-02 00:00:00,2024-10-14 00:00:00,,4,3300,3300,99999
300907,112.11,,VR Výdejna,,,150,Somet,,4,2002-06-07 00:00:00,2011-06-20 00:00:00,,3,3300,3300,99999
37657,112.11,D,V 22,,,150,Somet,,4,2000-01-10 00:00:00,2009-01-22 00:00:00,,3,3300,3300,99999
1012730,112.11,C,PSZ/3,PSZ/3,Údržba,200,,,4,2013-01-23 00:00:00,2022-02-03 00:00:00,,3,3298,3298,99999
1012859,112.11,C,PSZ/3,PSZ/3,Údržba,630,,,4,2012-10-24 00:00:00,2021-11-04 00:00:00,,3,3298,3298,99999
1022228,112.12,A,VR/GQH,GQH-2,Kvalita,150,Mitutoyo,500,5,2015-06-03 00:00:00,2024-06-13 00:00:00,,3,3298,3298,99999
1022229,112.12,A,VR/GQH,GQH-2,Kvalita,150,Mitutoyo,500,5,2015-06-03 00:00:00,2024-06-13 00:00:00,,3,3298,3298,99999
1022230,112.12,A,VR/GQH,GQH-2,Kvalita,150,Mitutoyo,500,5,2015-06-03 00:00:00,2024-06-13 00:00:00,,3,3298,3298,99999
1022232,112.12,A,VR/GQH,GQH-2,Kvalita,150,Mitutoyo,500,5,2015-06-04 00:00:00,2024-06-14 00:00:00,,3,3298,3298,99999
300929,112.11,,VR Výdejna,,,150,Somet,,4,2002-06-13 00:00:00,2011-06-24 00:00:00,,3,3298,3298,99999
300935,112.11,,VR Výdejna,,,150,Mauser,,4,2002-06-06 00:00:00,2011-06-17 00:00:00,,3,3298,3298,99999
1022231,112.12,A,VR/GQH,GQH-2,Kvalita,150,Mitutoyo,500,5,2015-06-04 00:00:00,2024-06-13 00:00:00,,3,3297,3297,99999
1023855,112.12,A,VR/GQH,GQH-2,Kvalita,150,Mitutoyo,500,5,2015-11-05 00:00:00,2024-11-14 00:00:00,,3,3297,3297,99999
1023856,112.12,A,VR/GQH,GQH-2,Kvalita,150,Mitutoyo,500,5,2015-11-05 00:00:00,2024-11-14 00:00:00,,3,3297,3297,99999
300934,112.11,,VR Výdejna,,,150,Mauser,,4,2002-06-06 00:00:00,2011-06-16 00:00:00,,3,3297,3297,99999
300941,112.11,C,VR Výdejna,PSU,Údržba,150,UIK,,4,2002-06-06 00:00:00,2011-06-16 00:00:00,,3,3297,3297,99999
1023693,112.12,C,V270,PF2-K,Svařovna,150,Insize,,4,2015-10-02 00:00:00,2024-10-10 00:00:00,,4,3296,3296,99999
300918,112.11,C,VR Výdejna,PSU,Údržba,150,Somet,,4,2002-06-07 00:00:00,2011-06-16 00:00:00,,3,3296,3296,99999
300977,112.11,,VR Výdejna,,,150,Somet,,4,2002-06-14 00:00:00,2011-06-23 00:00:00,,3,3296,3296,99999
300983,112.11,C,VR Výdejna,PSU,Údržba,150,Somet,,4,2002-06-13 00:00:00,2011-06-22 00:00:00,,3,3296,3296,99999
301004,112.11,B,VR Výdejna,EIB,Vývoj,150,,,4,2002-06-07 00:00:00,2011-06-16 00:00:00,,3,3296,3296,99999
201105,112.11,C,V160,,,150,Somet,,3,1999-09-10 00:00:00,2008-09-17 00:00:00,,6,3295,3295,99999
300919,112.11,B,VR Výdejna,EKV,Vývoj,150,Somet,,4,2002-06-06 00:00:00,2011-06-14 00:00:00,,3,3295,3295,99999
300990,112.11,C,VR/PKD/33,,,150,Somet,,4,2002-06-14 00:00:00,2011-06-22 00:00:00,,3,3295,3295,99999
300942,112.11,,VR Výdejna,,,200,Somet,,4,2002-06-14 00:00:00,2011-06-21 00:00:00,,3,3294,3294,99999
300958,112.11,,VR Výdejna,,,,UIK,,4,2002-06-14 00:00:00,2011-06-21 00:00:00,,3,3294,3294,99999
301044,112.12,,VR Výdejna,,,150,Mitutoyo,,4,2002-01-17 00:00:00,2011-01-24 00:00:00,,3,3294,3294,99999
300893,112.11,D,VR/PKD/31,,,1000,Somet,,4,2002-06-21 00:00:00,2011-06-27 00:00:00,,3,3293,3293,99999
300915,112.11,,VR Výdejna,,,150,Somet,,4,2002-06-14 00:00:00,2011-06-20 00:00:00,,3,3293,3293,99999
300956,112.11,,VR Výdejna,,,150,Somet,,4,2002-06-14 00:00:00,2011-06-20 00:00:00,,3,3293,3293,99999
301053,112.12,,VR Výdejna,,,200,Mitutoyo,,4,2002-01-18 00:00:00,2011-01-24 00:00:00,2011-01-24 00:00:00,3,3293,2181,2680
300987,112.11,C,VR/PKD/31,PSU,Údržba,150,Somet,,4,2002-06-17 00:00:00,2011-06-22 00:00:00,,3,3292,3292,99999
301001,112.11,,VR Výdejna,,,150,,,4,2002-06-19 00:00:00,2011-06-24 00:00:00,,3,3292,3292,99999
301007,112.11,,VR Výdejna,,,150,,,4,2002-06-19 00:00:00,2011-06-24 00:00:00,,3,3292,3292,99999
301030,112.12,,VR Výdejna,,,150,Mitutoyo,,4,2002-01-16 00:00:00,2011-01-21 00:00:00,2011-01-21 00:00:00,3,3292,2203,2678
301035,112.12,,VR Výdejna,,,150,Mitutoyo,,4,2002-01-16 00:00:00,2011-01-21 00:00:00,,3,3292,3292,99999
300932,112.11,,VR Výdejna,,,150,Mauser,,4,2002-06-12 00:00:00,2011-06-16 00:00:00,,3,3291,3291,99999
301087,112.12,,VR Výdejna,,,150,Brown & Sharpe,,4,2002-01-17 00:00:00,2011-01-21 00:00:00,,3,3291,3291,99999
1012644,112.11,D,PSZ/3,,,150,,,4,2012-02-20 00:00:00,2021-02-22 00:00:00,,3,3290,3290,99999
1013172,112.11,D,PSZ/3,,,300,Somet,,4,2013-04-30 00:00:00,2022-05-03 00:00:00,,3,3290,3290,99999
1013202,112.12,D,PSZ/3,PSZ/3,Obrábění,300,,,4,2013-04-30 00:00:00,2022-05-03 00:00:00,2022-05-03 00:00:00,3,3290,2179,3296
1023696,112.12,B,V270,PF2/1,Provozní laboratoř,150,Insize,,4,2015-10-02 00:00:00,2024-10-04 00:00:00,,4,3290,3290,99999
300957,112.11,,VR Výdejna,,,,Somet,,4,2002-06-18 00:00:00,2011-06-21 00:00:00,,3,3290,3290,99999
300964,112.11,B,VR Výdejna,EIB,Vývoj,150,Somet,,4,2002-06-13 00:00:00,2011-06-16 00:00:00,,3,3290,3290,99999
300979,112.11,,VR Výdejna,,,,UIK,,4,2002-06-18 00:00:00,2011-06-21 00:00:00,,3,3290,3290,99999
300992,112.11,,VR Výdejna,,,150,Somet,,4,2002-06-13 00:00:00,2011-06-16 00:00:00,,3,3290,3290,99999
301002,112.11,,VR Výdejna,,,150,,,4,2002-06-18 00:00:00,2011-06-21 00:00:00,2011-06-21 00:00:00,3,3290,2187,2829
304506,112.12,D,V 22,,,300,Somet,,3,2002-03-08 00:00:00,2011-03-11 00:00:00,,4,3290,3290,99999
38654,112.11,B,V 29,PSW-S,Vedení,400,Somet,,4,2002-04-09 00:00:00,2011-04-12 00:00:00,,4,3290,3290,99999
28264,112.11,D,V 22,,,150,Somet,,4,2000-01-28 00:00:00,2009-01-29 00:00:00,,3,3289,3289,99999
300961,112.11,,VR Výdejna,,,150,Somet,,4,2002-06-14 00:00:00,2011-06-16 00:00:00,,3,3289,3289,99999
48154,112.12,B,V 22,PKT/1,TK,300,Somet,,12,2004-10-12 00:00:00,2024-01-11 00:00:00,2013-10-14 00:00:00,2,3289,2543,3289
300909,112.11,B,VR Výdejna,EIB,Vývoj,150,Somet,,4,2002-06-14 00:00:00,2011-06-14 00:00:00,,3,3287,3287,99999
300933,112.11,B,VR Výdejna,EIB,Vývoj,150,Mauser,,4,2002-06-14 00:00:00,2011-06-14 00:00:00,,3,3287,3287,99999
301012,112.11,,VR Výdejna,,,150,,,4,2002-06-19 00:00:00,2011-06-17 00:00:00,,3,3285,3285,99999
301017,112.11,,VR Výdejna,,,150,,,4,2002-06-19 00:00:00,2011-06-17 00:00:00,,3,3285,3285,99999
301309,112.11,,VR Výdejna,,,150,Somet,,4,2002-06-24 00:00:00,2011-06-22 00:00:00,,3,3285,3285,99999
300999,112.11,B,VR Výdejna,EIB,Vývoj,150,,,4,2002-06-17 00:00:00,2011-06-14 00:00:00,,3,3284,3284,99999
301015,112.11,,VR Výdejna,,,150,,,4,2002-06-19 00:00:00,2011-06-16 00:00:00,,3,3284,3284,99999
24832,112.12,D,V 22,,,150,,,7,2000-11-27 00:00:00,2010-02-03 00:00:00,2009-11-23 00:00:00,2,3283,2549,3710
300944,112.11,,VR Výdejna,,,200,Somet,,4,2002-06-20 00:00:00,2011-06-16 00:00:00,,3,3283,3283,99999
300955,112.11,,VR Výdejna,,,150,Somet,,4,2002-06-24 00:00:00,2011-06-20 00:00:00,,3,3283,3283,99999
301067,112.12,,VR Výdejna,,,150,Mitutoyo,,4,2002-01-28 00:00:00,2011-01-24 00:00:00,,3,3283,3283,99999
301072,112.12,,VR Výdejna,,,150,HHW,,4,2002-01-29 00:00:00,2011-01-25 00:00:00,,3,3283,3283,99999
309895,112.11,C,V 29,PSW-T,Údržba,160,Somet,11015611,3,2007-11-08 00:00:00,2016-11-02 00:00:00,,4,3282,3282,99999
1005324,112.12,C,V 22,PKT/2,Údržba,100,Samson,906,6,2011-01-20 00:00:00,2024-02-27 00:00:00,2020-01-14 00:00:00,3,3281,2176,3281
301021,112.12,,VR Výdejna,,,150,Mitutoyo,,4,2002-01-25 00:00:00,2011-01-17 00:00:00,,3,3279,3279,99999
301077,112.12,,VR Výdejna,,,150,Mitutoyo,,4,2002-01-29 00:00:00,2011-01-21 00:00:00,,3,3279,3279,99999
38730,112.11,D,V 10,PSW-F,Obrábění,300,,,3,2002-09-24 00:00:00,2011-09-16 00:00:00,,4,3279,3279,99999
202266,112.11,C,V160,,,100,,,3,2004-01-21 00:00:00,2013-01-11 00:00:00,,6,3278,3278,99999
301311,112.11,,VR Výdejna,,,150,Somet,,4,2002-06-24 00:00:00,2011-06-14 00:00:00,,3,3277,3277,99999
301315,112.11,,VR Výdejna,,,150,Somet,,4,2002-06-24 00:00:00,2011-06-14 00:00:00,,3,3277,3277,99999
31045,112.11,D,V 22,,,160,Somet,,5,2000-09-18 00:00:00,2009-09-08 00:00:00,,2,3277,3277,99999
301062,112.12,,VR Výdejna,,,300,Mitutoyo,,4,2002-01-29 00:00:00,2011-01-17 00:00:00,,3,3275,3275,99999
301000,112.11,,VR Výdejna,,,150,,,4,2002-06-28 00:00:00,2011-06-14 00:00:00,,3,3273,3273,99999
1017970,112.12,D,V270,,,150,MITAKO,,3,2014-02-18 00:00:00,2023-02-03 00:00:00,2023-02-03 00:00:00,4,3272,1672,3266
305140,112.12,D,V 22,,,150,HHW,,4,2004-05-27 00:00:00,2013-05-10 00:00:00,,1,3270,3270,99999
202755,112.11,D,V270,,,160,Somet,,4,2004-08-18 00:00:00,2013-07-30 00:00:00,2013-07-30 00:00:00,6,3268,3157,3268
1023840,112.12,A,V 22,GQH-3,Kvalita,150,MITAKO,907,5,2015-10-09 00:00:00,2024-09-16 00:00:00,,2,3265,3265,99999
1021946,112.12,D,VR/PKD/31,PKD/11,Obrábění,150,Mahr,,8,2015-03-25 00:00:00,2024-03-01 00:00:00,,1,3264,3264,99999
1012744,112.11,C,PSZ/3,PSZ/3,Údržba,300,,,4,2012-07-23 00:00:00,2021-06-29 00:00:00,,3,3263,3263,99999
1012851,112.12,D,PSZ/3,PSZ/3,Obrábění,600,,,4,2012-07-23 00:00:00,2021-06-29 00:00:00,,3,3263,3263,99999
1017124,112.12,A,VR/GQH,GQH-2,Kvalita,150,Mitutoyo,500,4,2013-11-28 00:00:00,2022-11-04 00:00:00,,3,3263,3263,99999
1020788,112.12,D,V 22,,,300,Mahr,16EWR,5,2014-09-16 00:00:00,2023-08-23 00:00:00,,2,3263,3263,99999
1020789,112.12,D,V 22,,,300,Mahr,16EWR,5,2014-09-16 00:00:00,2023-08-22 00:00:00,,2,3262,3262,99999
1020519,112.12,D,V270,,,150,MITAKO,,4,2014-11-14 00:00:00,2023-10-19 00:00:00,2023-10-19 00:00:00,4,3261,1743,3251
48199,112.12,C,V 10,PSW-F,Montáž,160,Somet,14016458,4,2004-10-07 00:00:00,2013-09-11 00:00:00,2013-09-11 00:00:00,4,3261,1810,3247
1019153,112.12,D,V 22,,,150,,907,10,2014-07-01 00:00:00,2025-05-21 00:00:00,2023-06-01 00:00:00,1,3257,2793,3251
1023728,112.12,D,VR/PKD/31,PKD/11,Obrábění,150,Mitutoyo,,8,2015-09-21 00:00:00,2024-08-21 00:00:00,,1,3257,3257,99999
1009844,112.12,D,VR/PKD/31,PKD/11,Obrábění,150,,,9,2011-12-13 00:00:00,2020-11-10 00:00:00,,1,3255,3255,99999
1015819,112.11,D,PSZ/3,,,160,,,3,2013-09-09 00:00:00,2022-08-08 00:00:00,,3,3255,3255,99999
202507,112.12,C,V160,,,150,Somet,,4,2000-10-09 00:00:00,2009-09-02 00:00:00,,4,3250,3250,99999
32825,112.12,D,V 22,,,150,Hommel,,5,2000-12-13 00:00:00,2009-11-05 00:00:00,,3,3249,3249,99999
1023697,112.12,B,V270,PF2/1,Provozní laboratoř,150,Insize,,4,2015-10-02 00:00:00,2024-08-23 00:00:00,,4,3248,3248,99999
38433,112.11,C,V 29,PSW-T,Údržba,160,Somet,,3,2000-10-13 00:00:00,2009-09-04 00:00:00,,4,3248,3248,99999
1019716,112.11,C,PSZ/3,PSZ/3,Údržba,,HHW,,4,2014-07-29 00:00:00,2023-06-19 00:00:00,,3,3247,3247,99999
1004812,112.11,C,V 10,PSW-F,Montáž,160,,,4,2010-09-24 00:00:00,2019-08-07 00:00:00,,4,3239,3239,99999
1016937,112.11,C,V270,PF1-K,Svařovna,160,Somet,,3,2013-11-06 00:00:00,2022-09-19 00:00:00,,6,3239,3239,99999
1014669,112.11,C,V160,,,160,Somet,,3,2013-06-26 00:00:00,2022-05-06 00:00:00,2022-05-06 00:00:00,6,3236,2819,3223
1017681,112.12,B,EM,,,200,Mitutoyo,500,5,2014-02-10 00:00:00,2022-12-21 00:00:00,,2,3236,3236,99999
1023723,112.12,D,VR/PKD/31,PKD/11,Obrábění,150,Mitutoyo,,8,2015-09-17 00:00:00,2024-07-24 00:00:00,,1,3233,3233,99999
38719,112.11,B,V 29,PSW-S,Vedení,150,Somet,,3,2001-01-26 00:00:00,2009-12-03 00:00:00,,4,3233,3233,99999
16337,112.12,D,V 22,,,200,Mitutoyo,551,3,2002-05-27 00:00:00,2011-04-01 00:00:00,,1,3231,3231,99999
37245,112.11,D,V 22,,,150,Somet,,6,2002-01-17 00:00:00,2010-11-22 00:00:00,,5,3231,3231,99999
41698,112.12,B,V 10,PSW-S,Vedení,150,Mitutoyo,500,4,2002-09-13 00:00:00,2011-07-19 00:00:00,,4,3231,3231,99999
46533,112.11,D,V 22,,,160,Somet,,9,2003-11-10 00:00:00,2015-08-04 00:00:00,2012-09-13 00:00:00,2,3230,2500,3216
1017963,112.12,D,V270,,,150,MITAKO,,3,2014-02-18 00:00:00,2022-12-20 00:00:00,2022-12-20 00:00:00,4,3227,1662,3221
1023685,112.12,C,V270,PF2-K,Údržba,150,Insize,,4,2015-10-02 00:00:00,2024-08-02 00:00:00,,4,3227,3227,99999
33301,112.12,C,M6,,,300,Somet,,12,2001-02-01 00:00:00,2017-04-21 00:00:00,2009-12-01 00:00:00,1,3225,2776,3225
38554,112.12,D,V 10,,,150,Somet,,5,2000-11-22 00:00:00,2009-09-21 00:00:00,,4,3225,3225,99999
301672,112.12,D,V270,,,150,Sylvac,,4,2006-01-10 00:00:00,2014-11-03 00:00:00,,4,3219,3219,99999
312249,112.12,D,V 22,,,300,,,5,2009-02-02 00:00:00,2017-11-22 00:00:00,2017-11-22 00:00:00,2,3215,2440,3208
33299,112.12,D,V 22,,,300,Somet,,11,2001-02-01 00:00:00,2013-10-17 00:00:00,2009-11-19 00:00:00,1,3213,2834,3213
1025303,112.12,D,VR/PKD/31,PKD/11,Obrábění,150,Mitutoyo,500,6,2016-05-31 00:00:00,2025-03-17 00:00:00,,1,3212,3212,99999
308942,112.12,D,V 22,,,150,HHW,,10,2007-04-12 00:00:00,2016-04-13 00:00:00,2016-01-25 00:00:00,1,3210,2841,3190
1004618,112.12,B,V 10,PSW-T,Sklad,150,,,5,2010-08-31 00:00:00,2023-08-14 00:00:00,2019-06-12 00:00:00,4,3207,1763,3198
202816,112.12,D,V270,,,150,Mitutoyo,500,3,2004-09-01 00:00:00,2013-06-12 00:00:00,2013-06-12 00:00:00,4,3206,1505,3206
1016105,112.12,B,M6,PKH,Vedení,150,MITAKO,907,7,2013-08-30 00:00:00,2022-06-07 00:00:00,,5,3203,3203,99999
1020780,112.12,B,V 22,PKT/1,TK,150,Mahr,16EWR,5,2014-09-16 00:00:00,2023-06-22 00:00:00,,2,3201,3201,99999
1020781,112.12,B,V 22,PKT/1,TK,150,Mahr,16EWR,5,2014-09-16 00:00:00,2023-06-21 00:00:00,,2,3200,3200,99999
305596,112.11,C,V180,,,160,Somet,11016551,3,2005-09-22 00:00:00,2014-06-27 00:00:00,,6,3200,3200,99999
42232,112.11,C,M6,,,200,TESA,,4,2002-10-17 00:00:00,2011-07-22 00:00:00,2011-07-22 00:00:00,2,3200,2387,3200
43261,112.12,C,V 10,PSW-F,Montáž,150,Mitutoyo,500,4,2002-10-07 00:00:00,2011-07-11 00:00:00,,4,3199,3199,99999
1003393,112.11,C,VK20,,,150,KS TOOLS,,3,2010-03-04 00:00:00,2018-12-04 00:00:00,2018-12-04 00:00:00,4,3197,1475,3198
309169,112.11,C,V 22,PKT/4,Údržba,160,Somet,11016611,6,2007-06-11 00:00:00,2025-01-14 00:00:00,2016-03-10 00:00:00,4,3195,1708,3173
1014367,112.12,B,V270,PFS-K/1,Vedení,150,,,4,2013-06-18 00:00:00,2022-03-14 00:00:00,,4,3191,3191,99999
1008754,112.12,C,V180,,,200,,,3,2012-03-14 00:00:00,2020-12-07 00:00:00,,4,3190,3190,99999
201618,112.12,C,V160,,,160,Somet,,4,2003-12-15 00:00:00,2012-09-04 00:00:00,2012-09-04 00:00:00,4,3186,3003,3050
37527,112.11,D,V 22,,,150,Somet,,4,2002-02-21 00:00:00,2010-11-11 00:00:00,2010-11-11 00:00:00,2,3185,1481,3186
1014667,112.12,C,V160,PFO-P/21,Údržba,150,,,3,2013-06-26 00:00:00,2022-03-14 00:00:00,,4,3183,3183,99999
1026944,112.12,A,GQD-2,GQD,Kvalita,300,Mitutoyo,,6,2016-06-27 00:00:00,2025-03-14 00:00:00,,2,3182,3182,99999
309080,112.11,C,VK20,,,150,,,3,2007-06-20 00:00:00,2016-03-03 00:00:00,,4,3179,3179,99999
42386,112.11,C,V 31,PSW-P,Montáž,160,Somet,,4,2002-09-30 00:00:00,2011-06-13 00:00:00,,4,3178,3178,99999
1016949,112.12,A,VR/GQH,GQH-2,Kvalita,150,Mitutoyo,,7,2013-07-10 00:00:00,2022-03-21 00:00:00,,3,3176,3176,99999
1024681,112.12,C,V 22,PKT/4,Údržba,150,MITAKO,907,3,2016-02-11 00:00:00,2024-10-22 00:00:00,,4,3176,3176,99999
309081,112.11,C,VK20,,,150,,,3,2007-06-20 00:00:00,2016-02-29 00:00:00,,4,3176,3176,99999
47844,112.12,D,V 22,,,,Helios Preisser,,9,2004-06-02 00:00:00,2019-09-05 00:00:00,2013-02-11 00:00:00,2,3176,2345,3160
1017680,112.12,B,EM,,,200,Mitutoyo,500,5,2014-02-10 00:00:00,2022-10-21 00:00:00,2022-10-21 00:00:00,2,3175,2433,3189
1006230,112.12,D,V 22,,,200,,907,9,2011-05-24 00:00:00,2020-01-28 00:00:00,,1,3171,3171,99999
1021948,112.12,D,VR/PKD/31,PKD/11,Obrábění,150,Mahr,,8,2015-03-25 00:00:00,2023-11-28 00:00:00,,1,3170,3170,99999
301039,112.12,,VR Výdejna,,,150,Mitutoyo,,4,2003-07-02 00:00:00,2012-03-05 00:00:00,,3,3169,3169,99999
1009845,112.12,D,VR/PKD/31,PKD/12,Obrábění,150,,,10,2011-12-13 00:00:00,2024-12-09 00:00:00,2020-08-14 00:00:00,1,3167,2444,2958
1014381,112.12,B,V160,PFO-P/1,Vedení,150,,,3,2013-06-18 00:00:00,2022-02-17 00:00:00,,4,3166,3166,99999
1002052,112.11,C,V160,,,160,Somet,,2,2009-05-28 00:00:00,2018-01-26 00:00:00,,6,3165,3165,99999
307335,112.11,D,V 22,,,160,Somet,,5,2006-06-06 00:00:00,2015-02-04 00:00:00,,2,3165,3165,99999
41285,112.11,D,V 10,PSW-F,Obrábění,150,,,6,2000-11-13 00:00:00,2009-07-14 00:00:00,,4,3165,3165,99999
45114,112.12,D,V 31,PSW-P,Obrábění,150,Mitutoyo,500,4,2002-10-14 00:00:00,2011-06-13 00:00:00,2011-06-13 00:00:00,4,3164,1718,2966
1002058,112.11,C,V160,,,160,Somet,,3,2009-05-28 00:00:00,2018-01-23 00:00:00,,6,3162,3162,99999
1023834,112.12,C,V 22,PKT/4,Údržba,150,MITAKO,907,3,2015-10-09 00:00:00,2024-06-04 00:00:00,,4,3161,3161,99999
1026561,112.12,B,VK20,PFS-K/2,Provozní laboratoř,150,Würth,,3,2016-10-03 00:00:00,2025-05-30 00:00:00,,4,3161,3161,99999
48263,112.12,B,V 29,PSW-S,Vedení,200,Somet,,3,2004-10-26 00:00:00,2013-06-19 00:00:00,,4,3158,3158,99999
307789,112.11,C,V160,PFO-P/21,Údržba,160,Somet,,3,2012-06-25 00:00:00,2021-02-15 00:00:00,,6,3157,3157,99999
203055,112.12,D,V270,,,200,Somet,,3,2001-06-20 00:00:00,2010-02-09 00:00:00,,4,3156,3156,99999
310928,112.12,D,V 22,,,150,Somet,907,8,2008-04-17 00:00:00,2019-05-17 00:00:00,2016-12-07 00:00:00,1,3156,2519,3141
1008083,112.12,D,V270,,,150,,,3,2012-01-27 00:00:00,2020-09-14 00:00:00,2020-09-14 00:00:00,4,3153,1679,3148
1021046,112.12,C,V160,PFO-P/31,Údržba,150,Insize,,3,2015-01-30 00:00:00,2023-09-18 00:00:00,,4,3153,3153,99999
1028455,112.12,D,VR/PKD/31,PKD/11,Obrábění,150,Mahr,16EWR,7,2016-03-14 00:00:00,2024-10-31 00:00:00,,1,3153,3153,99999
45112,112.12,D,V 31,PSW-P,Obrábění,150,Mitutoyo,500,4,2002-10-14 00:00:00,2011-05-31 00:00:00,,4,3151,3151,99999
304996,112.11,C,V180,,,150,Hommel,31007,3,2003-07-16 00:00:00,2012-02-28 00:00:00,2012-02-28 00:00:00,6,3149,2217,2372
301743,112.12,D,V 22,,,160,Somet,14016458,5,2004-11-26 00:00:00,2013-07-09 00:00:00,2013-07-09 00:00:00,2,3147,2384,3133
1010015,112.11,C,V 10,PSW-F,Montáž,160,Filletta,,3,2012-06-13 00:00:00,2021-01-21 00:00:00,2021-01-21 00:00:00,4,3144,1671,3104
41622,112.11,D,V 10,,,,,,4,2001-01-09 00:00:00,2009-08-17 00:00:00,,4,3142,3142,99999
1020521,112.12,D,V270,,,150,MITAKO,,3,2014-11-14 00:00:00,2023-06-20 00:00:00,2023-06-20 00:00:00,4,3140,1494,3130
1011773,112.12,C,V 22,PKT/4,Údržba,150,MITAKO,907,4,2013-01-09 00:00:00,2021-08-10 00:00:00,,4,3135,3135,99999
1021127,112.12,D,V 10,PSW-F,Obrábění,300,,,4,2015-02-05 00:00:00,2023-09-05 00:00:00,,4,3134,3134,99999
1023837,112.12,D,V 22,PKG,Hutě,150,MITAKO,907,9,2015-10-09 00:00:00,2024-05-07 00:00:00,,1,3133,3133,99999
41186,112.11,D,V 10,PSW-F,Obrábění,150,,,4,2002-03-22 00:00:00,2010-10-19 00:00:00,,4,3133,3133,99999
1018848,112.12,C,VK20,,,150,Würth,,3,2014-05-26 00:00:00,2022-12-22 00:00:00,,4,3132,3132,99999
1006701,112.12,D,V 22,,,300,,907,7,2011-06-27 00:00:00,2020-01-20 00:00:00,2020-01-20 00:00:00,1,3129,2760,3101
1023724,112.12,D,VR/PKD/31,PKD/12,Obrábění,150,Mitutoyo,,5,2015-09-17 00:00:00,2024-04-11 00:00:00,,1,3129,3129,99999
309328,112.12,D,V 22,,,160,Somet,14016459,9,2007-07-19 00:00:00,2018-10-25 00:00:00,2016-02-10 00:00:00,4,3128,2373,3094
37189,112.12,D,V 22,,,150,Samson,,9,2002-01-08 00:00:00,2010-08-02 00:00:00,2010-08-02 00:00:00,1,3128,2760,3126
1012225,112.12,C,VR/PKD/31,PKD/3,Údržba,150,FACOM,,3,2013-02-21 00:00:00,2021-09-13 00:00:00,,2,3126,3126,99999
1028113,112.12,D,V 22,PKG,Obrábění,200,,,5,2017-01-16 00:00:00,2025-08-08 00:00:00,,1,3126,3126,99999
1002790,112.12,B,V 29,PSW-T,Sklad,150,Somet,,4,2009-11-05 00:00:00,2018-05-24 00:00:00,,4,3122,3122,99999
1014671,112.11,C,V160,PFO-P/31,Údržba,160,Somet,,3,2013-06-26 00:00:00,2022-01-07 00:00:00,,6,3117,3117,99999
38512,112.12,B,V 29,PSW-S,Vedení,150,Somet,,6,2001-10-02 00:00:00,2010-04-14 00:00:00,,4,3116,3116,99999
309379,112.11,D,V270,,,160,Somet,11016551,4,2007-07-31 00:00:00,2016-02-09 00:00:00,2016-02-09 00:00:00,6,3115,1941,3088
1021050,112.12,C,V160,PFO-P/31,Údržba,150,Insize,,3,2015-01-30 00:00:00,2023-08-10 00:00:00,,4,3114,3114,99999
45261,112.12,D,V 31,PSW-P,Obrábění,150,HHW,,5,2003-01-08 00:00:00,2011-07-19 00:00:00,,4,3114,3114,99999
45093,112.11,D,V 31,PSW-P,Obrábění,160,Somet,,4,2003-02-04 00:00:00,2011-08-10 00:00:00,,4,3109,3109,99999
1016710,112.12,D,VR/PKD/31,PKD/11,Obrábění,150,Mahr,,9,2013-10-22 00:00:00,2022-04-20 00:00:00,,1,3102,3102,99999
307907,112.12,B,V 22,PKT/13,Provozní laboratoř,150,Mitutoyo,500,8,2007-01-24 00:00:00,2025-02-28 00:00:00,2015-07-23 00:00:00,3,3102,1994,3221
1003877,112.11,C,VK30,,,150,KS TOOLS,,3,2010-06-09 00:00:00,2018-12-05 00:00:00,,4,3101,3101,99999
1003878,112.11,C,VK30,,,150,,,3,2010-06-09 00:00:00,2018-12-05 00:00:00,,4,3101,3101,99999
1003876,112.11,C,VK30,,,150,KS TOOLS,,3,2010-06-09 00:00:00,2018-12-04 00:00:00,,4,3100,3100,99999
1003881,112.11,C,VK30,,,150,KS TOOLS,,3,2010-06-10 00:00:00,2018-12-05 00:00:00,,4,3100,3100,99999
1003891,112.11,C,VK30,,,150,KS TOOLS,,3,2010-06-10 00:00:00,2018-12-05 00:00:00,,4,3100,3100,99999
203375,112.11,D,V270,,,150,Somet,,2,1999-10-22 00:00:00,2008-04-16 00:00:00,2008-04-16 00:00:00,6,3099,0,1275
1010727,112.12,D,V 22,,,150,MITAKO,907,7,2012-09-27 00:00:00,2024-02-14 00:00:00,2021-03-22 00:00:00,0,3098,1429,3100
1022193,112.12,D,V 22,,,300,MITAKO,907,7,2015-05-26 00:00:00,2023-11-15 00:00:00,,1,3095,3095,99999
302959,112.12,D,V 22,,,200,Somet,,7,2005-04-21 00:00:00,2014-10-02 00:00:00,2013-10-11 00:00:00,1,3095,2325,3080
1002760,112.12,D,V 22,,,150,Somet,907,11,2009-10-23 00:00:00,2025-03-07 00:00:00,2018-04-12 00:00:00,1,3093,1628,3076
1027512,112.12,C,V 22,PKT/2,Údržba,150,MITAKO,907,3,2016-12-07 00:00:00,2025-05-27 00:00:00,,4,3093,3093,99999
24819,112.12,D,V 22,,,150,Samson,,8,2002-03-12 00:00:00,2013-02-20 00:00:00,2010-08-30 00:00:00,2,3093,2353,3990
1027879,112.12,C,V 22,PKT/4,Údržba,200,,,3,2017-01-04 00:00:00,2025-06-23 00:00:00,2025-06-23 00:00:00,4,3092,1542,3084
301741,112.12,D,V 22,,,160,Somet,14016458,6,2004-11-26 00:00:00,2013-06-26 00:00:00,2013-05-13 00:00:00,2,3090,2323,3076
1009065,112.12,D,V 22,,,150,MITAKO,907,5,2012-04-25 00:00:00,2020-10-09 00:00:00,,1,3089,3089,99999
201018,112.12,D,V270,,,160,Somet,,4,2004-04-06 00:00:00,2012-10-02 00:00:00,2012-09-19 00:00:00,4,3088,1555,3088
203006,112.12,D,V270,,,150,Somet,,3,2004-01-13 00:00:00,2012-06-27 00:00:00,2012-06-27 00:00:00,4,3088,1534,2840
304946,112.11,D,V 22,,,150,Somet,,2,1999-01-25 00:00:00,2007-07-10 00:00:00,,4,3088,3088,99999
1027513,112.12,C,V 22,PKT/4,Údržba,150,MITAKO,907,3,2016-12-07 00:00:00,2025-05-21 00:00:00,,4,3087,3087,99999
1007993,112.12,B,V 10,PSW-T,Sklad,150,Somet,,3,2012-01-10 00:00:00,2020-06-22 00:00:00,,4,3086,3086,99999
38558,112.12,D,V 29,,,150,Mitutoyo,500,4,2001-11-08 00:00:00,2010-04-20 00:00:00,2010-04-20 00:00:00,4,3085,1573,2896
305052,112.12,D,V 22,,,160,Somet,,8,2005-08-08 00:00:00,2014-01-17 00:00:00,,1,3084,3084,99999
41289,112.11,D,V 10,PSW-F,Obrábění,150,,,5,2002-01-17 00:00:00,2010-06-28 00:00:00,2010-06-28 00:00:00,4,3084,1656,2852
45113,112.12,C,V 31,PSW-P,Montáž,150,Mitutoyo,500,4,2002-10-14 00:00:00,2011-03-25 00:00:00,,4,3084,3084,99999
1025297,112.12,D,VR/PKD/31,PKD/11,Obrábění,150,Mitutoyo,500,7,2016-05-26 00:00:00,2024-10-31 00:00:00,,1,3080,3080,99999
1017333,112.12,B,V 10,PSW-T,Sklad,300,,,3,2013-11-21 00:00:00,2022-04-27 00:00:00,,4,3079,3079,99999
1020531,112.12,B,V270,PFS-K/1,Vedení,150,MITAKO,,3,2014-11-14 00:00:00,2023-04-20 00:00:00,,4,3079,3079,99999
304290,112.11,C,VK20,,,150,Somet,,3,2008-11-06 00:00:00,2017-04-11 00:00:00,,4,3078,3078,99999
1025121,112.12,D,V 29,PSW-P,Obrábění,150,Filletta,,3,2016-03-10 00:00:00,2024-08-12 00:00:00,,4,3077,3077,99999
1027519,112.12,D,V 22,,,150,MITAKO,907,8,2016-12-07 00:00:00,2025-05-07 00:00:00,2025-05-07 00:00:00,1,3073,2666,3068
1002949,112.12,C,VK30,,,150,Kinex,500,3,2009-12-04 00:00:00,2018-05-03 00:00:00,,4,3072,3072,99999
303979,112.11,C,VK20,,,300,,,3,2006-08-18 00:00:00,2015-01-15 00:00:00,,4,3072,3072,99999
1014601,112.12,D,V 22,PKG,Hutě,150,MITAKO,907,5,2013-06-19 00:00:00,2023-12-18 00:00:00,2021-11-15 00:00:00,1,3071,1610,3058
1018844,112.12,C,VK20,,,150,Würth,,3,2014-05-26 00:00:00,2022-10-20 00:00:00,,4,3069,3069,99999
15024,112.12,D,V 22,,,150,,,5,2000-09-08 00:00:00,2009-02-02 00:00:00,2009-02-02 00:00:00,2,3069,2282,3738
48256,112.12,D,V 10,PSW-F,Obrábění,200,Somet,,4,2004-10-26 00:00:00,2013-03-22 00:00:00,,4,3069,3069,99999
305118,112.11,D,V 22,,,160,Somet,,3,2003-02-26 00:00:00,2011-07-21 00:00:00,,4,3067,3067,99999
1014368,112.12,C,V270,PF1-K,Svařovna,150,,,3,2013-06-18 00:00:00,2021-11-08 00:00:00,,4,3065,3065,99999
1014369,112.12,C,V270,PF2-K,Údržba,150,,,3,2013-06-18 00:00:00,2021-11-08 00:00:00,,4,3065,3065,99999
1014377,112.12,D,V270,,,150,,,3,2013-06-18 00:00:00,2021-11-08 00:00:00,2021-11-08 00:00:00,4,3065,1616,3057
1014379,112.12,B,V270,PF2/1,Provozní laboratoř,150,,,3,2013-06-18 00:00:00,2021-11-08 00:00:00,,4,3065,3065,99999
302928,112.11,D,V 22,,,160,Somet,,5,2005-03-31 00:00:00,2013-08-19 00:00:00,,2,3063,3063,99999
1004608,112.11,D,V270,,,160,Somet,,3,2010-09-06 00:00:00,2019-01-22 00:00:00,2019-01-22 00:00:00,6,3060,802,3057
1018852,112.12,C,VK20,,,150,Würth,,3,2014-05-26 00:00:00,2022-10-10 00:00:00,2022-10-10 00:00:00,4,3059,1597,3055
203170,112.11,D,V270,,,160,Somet,,2,1998-06-09 00:00:00,2006-10-24 00:00:00,2006-10-24 00:00:00,6,3059,0,747
203175,112.11,C,V270,PF1-K,Svařovna,160,Somet,,2,1998-06-09 00:00:00,2006-10-23 00:00:00,2006-10-23 00:00:00,6,3058,0,745
309956,112.12,D,V 22,,,160,Somet,14016459,3,2007-11-20 00:00:00,2016-04-04 00:00:00,,4,3058,3058,99999
38548,112.12,D,V 29,,,150,Somet,,4,2000-12-22 00:00:00,2009-05-06 00:00:00,,0,3057,3057,99999
1025561,112.11,C,V 10,PSW-F,Montáž,160,Somet,,3,2016-05-23 00:00:00,2024-10-04 00:00:00,,4,3056,3056,99999
203037,112.12,D,V270,,,150,Somet,,3,2001-07-24 00:00:00,2009-12-04 00:00:00,,4,3055,3055,99999
303359,112.12,D,V270,,,150,Somet,,3,2005-05-23 00:00:00,2013-10-03 00:00:00,2013-10-03 00:00:00,4,3055,1480,3055
303369,112.12,D,V270,,,150,BOS HK,,3,2005-05-23 00:00:00,2013-10-03 00:00:00,2013-10-03 00:00:00,4,3055,1479,3055
31058,112.12,D,V 22,,,150,Somet,,9,2000-09-18 00:00:00,2009-01-28 00:00:00,,1,3054,3054,99999
1022017,112.12,D,V 29,PSW-P,Obrábění,150,,,3,2015-04-05 00:00:00,2023-08-14 00:00:00,,4,3053,3053,99999
35744,112.12,D,V 22,,,250,Mauser,PAC250BI,5,2001-08-31 00:00:00,2010-01-08 00:00:00,2010-01-08 00:00:00,2,3052,2139,3052
42367,112.11,C,V 10,PSW-F,Montáž,160,Somet,,3,2002-09-30 00:00:00,2011-02-07 00:00:00,,4,3052,3052,99999
1023684,112.12,C,V270,PF2-K,Svařovna,150,Insize,,3,2015-10-02 00:00:00,2024-02-08 00:00:00,,4,3051,3051,99999
1027913,112.12,D,V 22,,,150,,,6,2017-01-04 00:00:00,2025-05-12 00:00:00,,1,3050,3050,99999
41514,112.11,C,V 10,PSW-F,Montáž,300,,,4,2001-04-02 00:00:00,2009-08-06 00:00:00,2009-08-06 00:00:00,4,3048,1521,2515
1011984,112.12,D,V270,,,150,,,3,2013-01-23 00:00:00,2021-05-26 00:00:00,2021-05-26 00:00:00,4,3045,1486,3039
47628,112.12,D,V 22,,,300,Somet,,7,2004-04-26 00:00:00,2015-04-23 00:00:00,2012-08-27 00:00:00,2,3045,2282,3027
203043,112.11,D,V270,,,150,Somet,,3,2001-09-21 00:00:00,2010-01-19 00:00:00,2010-01-19 00:00:00,4,3042,1529,1944
302234,112.11,D,V 10,PSW-F,Obrábění,160,Somet,,4,2005-01-28 00:00:00,2013-05-28 00:00:00,,4,3042,3042,99999
46525,112.11,C,V 22,PKG,Údržba,160,Somet,,12,2003-11-10 00:00:00,2023-01-20 00:00:00,2012-03-09 00:00:00,4,3042,2325,3028
1023645,112.11,C,V160,,,160,Somet,,2,2015-10-06 00:00:00,2024-02-02 00:00:00,,6,3041,3041,99999
1012617,112.12,D,VR/PKD/31,PKD/12,Obrábění,150,Mahr,,7,2012-12-11 00:00:00,2021-04-08 00:00:00,,1,3040,3040,99999
1021229,112.11,C,VK20,,,150,Würth,,3,2015-02-03 00:00:00,2023-05-30 00:00:00,,4,3038,3038,99999
1021230,112.11,C,VK20,,,150,Würth,,3,2015-02-03 00:00:00,2023-05-30 00:00:00,,4,3038,3038,99999
29835,112.12,D,V 22,,,150,Mitutoyo,500,9,2000-07-11 00:00:00,2008-11-04 00:00:00,,1,3038,3038,99999
305248,112.11,D,V 22,,,160,Somet,,3,2002-11-18 00:00:00,2011-03-14 00:00:00,2011-03-14 00:00:00,4,3038,1513,2008
307800,112.11,C,V180,,,150,Somet,,3,2005-11-30 00:00:00,2014-03-25 00:00:00,2014-03-25 00:00:00,6,3037,2186,2755
308274,112.11,D,V 22,,,160,Somet,11016651,3,2006-10-13 00:00:00,2015-04-03 00:00:00,2015-02-05 00:00:00,3,3037,0,2942
1024216,112.12,D,VR/PKD/31,PKD/11,Obrábění,,Kinex,,5,2015-11-12 00:00:00,2024-03-01 00:00:00,,1,3032,3032,99999
1023640,112.11,C,V160,,,160,Somet,,2,2015-10-06 00:00:00,2024-01-22 00:00:00,,6,3030,3030,99999
307015,112.12,D,V 29,PSW-V,Obrábění,160,Somet,,3,2006-04-07 00:00:00,2014-07-24 00:00:00,,4,3030,3030,99999
44893,112.11,D,V 31,PSW-P,Obrábění,150,Somet,,4,2003-02-25 00:00:00,2011-06-13 00:00:00,2011-06-13 00:00:00,4,3030,1554,2985
1020515,112.12,C,V270,PF1-K,Svařovna,150,MITAKO,,3,2014-12-04 00:00:00,2023-03-21 00:00:00,,4,3029,3029,99999
1007091,112.11,D,V 29,PSW-V,Obrábění,160,Somet,,3,2011-09-06 00:00:00,2019-12-19 00:00:00,,4,3026,3026,99999
1016942,112.11,D,V270,,,160,Somet,,3,2013-11-06 00:00:00,2022-02-18 00:00:00,2022-02-18 00:00:00,2,3026,2193,3018
308373,112.11,B,VK20,PFK/1,Sklad,150,Somet,,3,2007-02-06 00:00:00,2015-05-20 00:00:00,2015-05-20 00:00:00,4,3025,1480,3026
1027516,112.12,C,V 22,PKT/4,Údržba,150,MITAKO,907,3,2016-12-07 00:00:00,2025-03-19 00:00:00,,4,3024,3024,99999
1021453,112.12,C,VK20,,,150,Würth,,3,2015-02-19 00:00:00,2023-05-31 00:00:00,,4,3023,3023,99999
203351,112.11,D,V270,,,150,Somet,,3,2003-02-07 00:00:00,2011-05-18 00:00:00,,6,3022,3022,99999
1020311,112.11,C,V 22,PKG,Údržba,160,Somet,11016551,4,2014-10-21 00:00:00,2023-01-25 00:00:00,,3,3018,3018,99999
201878,112.11,D,V270,,,160,Somet,,3,2004-07-19 00:00:00,2012-10-23 00:00:00,2012-10-23 00:00:00,6,3018,1780,3085
304751,112.12,C,V160,,,150,Somet,,3,2005-11-21 00:00:00,2014-02-25 00:00:00,2014-02-25 00:00:00,4,3018,1522,3114
1018066,112.12,D,V 10,PSW-F,Obrábění,300,Filletta,,3,2014-02-21 00:00:00,2022-05-26 00:00:00,2022-05-26 00:00:00,4,3016,1550,3005
1025361,112.12,D,V 29,PSW-P,Obrábění,150,,,3,2016-05-10 00:00:00,2024-08-12 00:00:00,,4,3016,3016,99999
303643,112.12,D,V 22,,,160,Somet,,5,2005-05-18 00:00:00,2013-08-20 00:00:00,,1,3016,3016,99999
309516,112.12,D,V 22,,,150,,,10,2007-09-12 00:00:00,2016-05-02 00:00:00,2015-12-15 00:00:00,1,3016,2627,3008
201830,112.12,C,V260,,,150,Mitutoyo,,2,2000-01-21 00:00:00,2008-04-23 00:00:00,2008-04-23 00:00:00,5,3015,0,1175
308483,112.12,D,V 10,PSW-F,Obrábění,160,Somet,,3,2007-02-14 00:00:00,2015-05-18 00:00:00,,4,3015,3015,99999
1002841,112.12,D,V270,,,150,,,4,2009-10-23 00:00:00,2018-01-23 00:00:00,,4,3014,3014,99999
1027631,112.12,D,V 22,,,150,Schut,906,3,2016-12-12 00:00:00,2025-07-01 00:00:00,2025-03-14 00:00:00,1,3014,0,3011
1016924,112.11,D,V 22,PKG,Hutě,300,Mahr,18N,4,2013-10-29 00:00:00,2022-07-28 00:00:00,2022-01-28 00:00:00,3,3013,1834,2997
46523,112.11,D,V 22,,,160,Somet,,5,2003-11-10 00:00:00,2012-02-09 00:00:00,,2,3013,3013,99999
311353,112.12,D,V 10,PSW-F,Obrábění,300,Mitutoyo,551,3,2008-08-05 00:00:00,2016-11-02 00:00:00,,4,3011,3011,99999
1006245,112.12,B,V 10,PSW-T,Sklad,150,,,5,2011-05-16 00:00:00,2023-11-22 00:00:00,2019-08-12 00:00:00,4,3010,1509,2995
1026771,112.12,D,V 22,,,300,Mitutoyo,551,5,2016-10-12 00:00:00,2025-01-08 00:00:00,,1,3010,3010,99999
1006223,112.12,D,V 29,PSW-P,Obrábění,150,,,3,2011-05-18 00:00:00,2019-08-13 00:00:00,,4,3009,3009,99999
26882,112.12,A,V 22,GQH-1,Kvalita,300,Mahr,25ES,14,2000-02-18 00:00:00,2023-09-11 00:00:00,2008-05-15 00:00:00,2,3009,2217,3009
33489,112.11,D,V 22,,,400,Somet,,3,1997-07-02 00:00:00,2005-09-27 00:00:00,,2,3009,3009,99999
39693,112.11,D,V 29,PSW-V,Obrábění,150,Somet,,4,2002-03-14 00:00:00,2010-06-09 00:00:00,,4,3009,3009,99999
304090,112.12,C,VK20,,,150,Mitutoyo,500,3,2007-12-05 00:00:00,2016-02-29 00:00:00,,4,3008,3008,99999
307020,112.12,D,V 31,PSW-P,Obrábění,160,Somet,,3,2006-04-07 00:00:00,2014-07-02 00:00:00,,4,3008,3008,99999
1006219,112.12,D,V 29,PSW-V,Obrábění,150,,,4,2011-05-16 00:00:00,2019-09-27 00:00:00,2019-08-09 00:00:00,4,3007,1522,2992
1005661,112.12,C,VK20,,,150,BAHCO,,3,2011-02-21 00:00:00,2019-05-15 00:00:00,,4,3005,3005,99999
1027371,112.12,B,PF1/1,PF1/1,Provozní laboratoř,150,Insize,,3,2016-12-05 00:00:00,2025-02-26 00:00:00,,4,3005,3005,99999
302242,112.11,D,V 10,PSW-F,Obrábění,160,Somet,,4,2005-01-28 00:00:00,2013-04-19 00:00:00,,4,3003,3003,99999
305041,112.11,D,V 22,,,160,Somet,,3,2003-02-28 00:00:00,2011-05-20 00:00:00,,4,3003,3003,99999
308513,112.11,B,VK20,PFK/1,Sklad,150,,,3,2007-02-27 00:00:00,2015-05-19 00:00:00,,4,3003,3003,99999
45242,112.12,D,V 31,PSW-P,Obrábění,150,Mitutoyo,500,4,2002-01-23 00:00:00,2010-04-14 00:00:00,,4,3003,3003,99999
1005707,112.12,B,V 10,PSW-T,Sklad,150,,,6,2011-02-11 00:00:00,2023-08-30 00:00:00,2019-05-02 00:00:00,4,3002,1538,2989
1023701,112.12,C,V270,PF1-K,Svařovna,150,Somet,,3,2015-10-02 00:00:00,2023-12-21 00:00:00,,4,3002,3002,99999
307011,112.12,D,V 29,PSW-V,Obrábění,160,Somet,,3,2006-04-07 00:00:00,2014-06-26 00:00:00,,4,3002,3002,99999
33562,112.11,D,V 22,,,160,Somet,,9,2001-02-22 00:00:00,2009-05-13 00:00:00,,2,3002,3002,99999
33261,112.12,D,V 22,,,300,Somet,,9,2001-01-11 00:00:00,2009-03-31 00:00:00,,1,3001,3001,99999
38894,112.12,D,V 31,PSW-P,Obrábění,150,TESA,05.30034,4,2002-05-16 00:00:00,2010-08-03 00:00:00,,4,3001,3001,99999
1003913,112.12,D,V 10,,,150,Mitutoyo,500,3,2010-06-04 00:00:00,2018-08-20 00:00:00,2018-08-20 00:00:00,4,2999,1488,2989
1018849,112.12,C,VK20,,,150,Würth,,3,2014-05-26 00:00:00,2022-08-11 00:00:00,,4,2999,2999,99999
1018850,112.12,C,VK30,,,150,Würth,,3,2014-05-26 00:00:00,2022-08-11 00:00:00,,4,2999,2999,99999
301973,112.11,D,V 22,,,200,Somet,,5,2004-03-15 00:00:00,2015-02-19 00:00:00,2012-05-31 00:00:00,4,2999,1453,2676
14875,112.11,C,M6,,,150,China,,3,2004-11-01 00:00:00,2013-01-16 00:00:00,2013-01-16 00:00:00,4,2998,1536,5182
1011794,112.12,D,V 29,PSW-V,Obrábění,200,Filletta,,3,2012-06-13 00:00:00,2020-08-27 00:00:00,2020-08-27 00:00:00,4,2997,1540,2779
1023186,112.12,C,VAL,VAL,Logistika,150,FACOM,,5,2015-09-14 00:00:00,2023-11-28 00:00:00,,2,2997,2997,99999
1019080,112.12,C,VR/PKD/31,PKD/3,Údržba,150,Mitutoyo,,6,2014-06-18 00:00:00,2022-08-31 00:00:00,,3,2996,2996,99999
1019152,112.12,D,V 22,PKG,Hutě,150,,907,5,2014-07-01 00:00:00,2024-06-05 00:00:00,2022-09-13 00:00:00,1,2996,1497,2990
1026432,112.12,D,V 29,PSW-V,Obrábění,200,Filletta,,3,2015-09-11 00:00:00,2023-11-24 00:00:00,2023-11-24 00:00:00,4,2996,1531,2625
301737,112.11,D,V 22,,,160,Somet,,3,2004-11-26 00:00:00,2013-02-08 00:00:00,,2,2996,2996,99999
302236,112.11,C,M6,,,160,Somet,,4,2005-03-08 00:00:00,2013-05-21 00:00:00,2013-05-21 00:00:00,2,2996,2256,3010
307806,112.11,C,V180,,,150,Somet,,3,2005-11-30 00:00:00,2014-02-12 00:00:00,2014-02-12 00:00:00,6,2996,2186,2714
1005727,112.12,D,V 10,PSW-F,Obrábění,200,,,4,2011-02-11 00:00:00,2019-04-25 00:00:00,,4,2995,2995,99999
1008378,112.11,D,V 31,PSW-P,Obrábění,160,,,3,2012-02-16 00:00:00,2020-04-29 00:00:00,2020-04-29 00:00:00,4,2995,1481,2977
307733,112.12,D,V 29,PSW-V,Obrábění,200,Mitutoyo,500,3,2006-08-09 00:00:00,2014-10-21 00:00:00,2014-10-21 00:00:00,4,2995,1532,2974
1008942,112.12,B,V 29,PSW-T,Sklad,150,,,3,2012-03-22 00:00:00,2020-06-02 00:00:00,2020-06-02 00:00:00,4,2994,1475,2968
1006648,112.12,B,V 10,PSW-T,Sklad,150,Filletta,,3,2011-06-28 00:00:00,2019-09-05 00:00:00,,4,2991,2991,99999
1010881,112.11,D,V 10,PSW-F,Obrábění,160,Somet,,3,2012-09-18 00:00:00,2020-11-26 00:00:00,,4,2991,2991,99999
38563,112.12,D,V 10,PSW-F,Obrábění,150,TESA,05.30034,4,2002-01-07 00:00:00,2010-03-17 00:00:00,,4,2991,2991,99999
1019787,112.11,D,V 10,PSW-F,Obrábění,160,Somet,,3,2014-10-08 00:00:00,2022-12-15 00:00:00,,4,2990,2990,99999
1022019,112.12,C,V 29,PSW-T,Údržba,150,,,3,2015-04-05 00:00:00,2023-06-12 00:00:00,,4,2990,2990,99999
44857,112.11,D,V 31,PSW-P,Obrábění,150,Somet,,4,2003-02-03 00:00:00,2011-04-12 00:00:00,,4,2990,2990,99999
1007757,112.12,D,V 10,,,300,,,5,2011-12-09 00:00:00,2024-01-25 00:00:00,2020-02-14 00:00:00,4,2989,1502,2983
1007759,112.12,D,V 10,PSW-F,Obrábění,300,,,3,2011-12-09 00:00:00,2020-02-14 00:00:00,2020-02-14 00:00:00,4,2989,1525,2983
1011183,112.12,D,V 29,PSW-V,Obrábění,300,Filletta,,5,2012-10-04 00:00:00,2023-11-09 00:00:00,2020-12-10 00:00:00,4,2989,1490,2957
16570,112.12,D,V 22,,,150,Mitutoyo,,4,1999-12-07 00:00:00,2008-02-12 00:00:00,2008-02-12 00:00:00,2,2989,2234,3382
44852,112.11,D,V 31,PSW-P,Obrábění,150,Somet,,4,2003-01-17 00:00:00,2011-03-25 00:00:00,,4,2989,2989,99999
1025117,112.12,D,V 29,PSW-P,Obrábění,150,Filletta,,4,2016-03-10 00:00:00,2024-05-15 00:00:00,,4,2988,2988,99999
1023917,112.12,C,V160,PFO-P/21,Údržba,150,Insize,,3,2015-11-12 00:00:00,2024-01-16 00:00:00,,4,2987,2987,99999
1023918,112.12,C,V160,PFO-P/21,Údržba,150,,,2,2015-11-12 00:00:00,2024-01-16 00:00:00,,4,2987,2987,99999
303146,112.11,B,KV/8854/3,PFK/1,Sklad,250,P.Rochrolle,,3,2006-10-19 00:00:00,2014-12-23 00:00:00,,4,2987,2987,99999
311684,112.12,C,V160,,,150,,,4,2008-10-09 00:00:00,2016-12-13 00:00:00,2016-12-13 00:00:00,4,2987,2456,2975
1008951,112.12,D,V 29,PSW-P,Obrábění,150,,,3,2012-03-22 00:00:00,2020-05-25 00:00:00,,4,2986,2986,99999
1017369,112.12,C,V160,PFO-P/31,Údržba,150,,,3,2013-12-06 00:00:00,2022-02-07 00:00:00,,4,2985,2985,99999
27140,112.12,D,V 22,,,150,Mitutoyo,,9,2000-08-28 00:00:00,2008-10-30 00:00:00,,1,2985,2985,99999
309403,112.11,D,V270,,,160,Somet,11016551,2,2007-07-30 00:00:00,2015-09-30 00:00:00,,6,2984,2984,99999
1010877,112.11,C,V 29,PSW-V,Montáž,160,Somet,,4,2012-09-18 00:00:00,2020-12-10 00:00:00,2020-11-18 00:00:00,4,2983,1506,2962
1009394,112.12,B,V 10,PSW-T,Sklad,200,Filletta,,3,2012-05-10 00:00:00,2020-07-09 00:00:00,2020-07-09 00:00:00,4,2982,1498,2967
1016451,112.12,D,V 29,PSW-P,Obrábění,150,Somet,,3,2013-09-13 00:00:00,2021-11-12 00:00:00,2021-11-12 00:00:00,4,2982,1531,2955
1026383,112.11,D,V 10,PSW-F,Obrábění,300,Somet,,3,2016-08-22 00:00:00,2024-10-21 00:00:00,,4,2982,2982,99999
14800,112.11,D,V 22,,,150,China,,3,2001-11-29 00:00:00,2010-01-28 00:00:00,,4,2982,2982,99999
308438,112.11,D,V 10,PSW-F,Obrábění,160,Somet,,3,2007-02-06 00:00:00,2015-04-07 00:00:00,,4,2982,2982,99999
308443,112.11,D,V 10,PSW-F,Obrábění,160,Somet,,3,2007-02-06 00:00:00,2015-04-07 00:00:00,,4,2982,2982,99999
45117,112.12,D,V 31,PSW-P,Obrábění,150,Mitutoyo,,4,2002-04-19 00:00:00,2010-06-18 00:00:00,,4,2982,2982,99999
1006505,112.12,C,V 10,PSW-F,Montáž,300,,,3,2011-06-09 00:00:00,2019-08-07 00:00:00,2019-08-07 00:00:00,4,2981,1496,2963
1012164,112.12,D,V 31,PSW-P,Obrábění,150,,,3,2012-11-28 00:00:00,2021-01-26 00:00:00,2021-01-26 00:00:00,4,2981,1519,2905
305401,112.11,D,V 22,,,300,,,3,2004-04-20 00:00:00,2012-06-18 00:00:00,2012-06-18 00:00:00,4,2981,1515,2462
307935,112.11,C,V 10,PSW-F,Montáž,160,Somet,11016511,3,2006-09-26 00:00:00,2014-11-24 00:00:00,,4,2981,2981,99999
1008946,112.12,D,V 31,PSW-P,Obrábění,150,,,3,2012-03-22 00:00:00,2020-05-19 00:00:00,2020-05-19 00:00:00,4,2980,1474,2954
1024658,112.12,D,V 22,PKG,Hutě,150,MITAKO,907,8,2016-02-17 00:00:00,2024-06-05 00:00:00,2024-04-15 00:00:00,1,2980,2527,2959
1026433,112.12,C,V 10,PSW-F,Montáž,200,Filletta,,3,2015-09-11 00:00:00,2023-11-08 00:00:00,,4,2980,2980,99999
302581,112.11,D,V 22,,,150,Somet,,3,2001-04-12 00:00:00,2009-06-09 00:00:00,,4,2980,2980,99999
308993,112.12,C,V 10,PSW-F,Montáž,160,Somet,14016459,3,2007-05-03 00:00:00,2015-06-29 00:00:00,,4,2979,2979,99999
1010025,112.12,C,V 29,PSW-V,Montáž,150,,,3,2012-07-09 00:00:00,2020-09-03 00:00:00,,4,2978,2978,99999
1023633,112.12,C,V 29,PSW-P,Montáž,150,Filletta,,3,2015-09-29 00:00:00,2023-11-24 00:00:00,,4,2978,2978,99999
203016,112.12,D,V270,,,150,Somet,,3,2002-09-30 00:00:00,2010-11-25 00:00:00,,4,2978,2978,99999
308113,112.12,C,VK20,,,150,Mitutoyo,,3,2006-10-27 00:00:00,2014-12-22 00:00:00,,4,2978,2978,99999
1023628,112.12,D,V 10,PSW-F,Obrábění,150,,,3,2015-09-29 00:00:00,2023-11-23 00:00:00,,4,2977,2977,99999
1027469,112.11,C,V 29,PSW-V,Montáž,160,,,3,2016-11-21 00:00:00,2025-01-15 00:00:00,,4,2977,2977,99999
1020569,112.12,D,V 10,PSW-F,Obrábění,300,,,4,2015-01-13 00:00:00,2023-05-22 00:00:00,2023-03-08 00:00:00,4,2976,1483,3019
304408,112.12,D,V 22,,,200,Mitutoyo,500,3,2003-01-15 00:00:00,2011-03-10 00:00:00,,4,2976,2976,99999
312338,112.12,C,VK20,,,150,Senator,,4,2009-02-16 00:00:00,2017-04-11 00:00:00,2017-04-11 00:00:00,4,2976,1478,2979
312340,112.12,C,VK20,,,150,Senator,,4,2009-02-16 00:00:00,2017-04-11 00:00:00,,4,2976,2976,99999
1005261,112.12,C,V 37,,,150,Mitutoyo,,4,2010-12-23 00:00:00,2019-02-14 00:00:00,,3,2975,2975,99999
1022984,112.12,D,V 29,PSW-P,Obrábění,300,Somet,,3,2015-08-21 00:00:00,2023-10-13 00:00:00,,4,2975,2975,99999
201625,112.12,C,V160,,,150,Sylvac,S225,3,2004-02-09 00:00:00,2012-04-02 00:00:00,2012-04-02 00:00:00,4,2975,1487,2895
303387,112.11,B,V 31,PSW-S,Vedení,160,BOS HK,,3,2005-05-24 00:00:00,2013-07-16 00:00:00,2013-07-16 00:00:00,4,2975,1490,2975
303416,112.12,D,V 29,PSW-V,Obrábění,160,BOS HK,,3,2005-05-24 00:00:00,2013-07-16 00:00:00,,4,2975,2975,99999
303631,112.11,D,V 22,,,300,Mitutoyo,505,3,2003-01-15 00:00:00,2011-03-09 00:00:00,,4,2975,2975,99999
307701,112.11,D,V 22,,,1000,Mahr,18N,3,2006-07-17 00:00:00,2014-09-08 00:00:00,,4,2975,2975,99999
309397,112.11,D,V270,,,160,Somet,11016551,3,2007-07-30 00:00:00,2015-09-21 00:00:00,,6,2975,2975,99999
1010397,112.11,B,V 29,PSW-T,Sklad,160,Filletta,,3,2012-07-13 00:00:00,2020-09-03 00:00:00,,4,2974,2974,99999
201545,112.12,C,V160,,,150,Mitutoyo,500,3,2003-10-01 00:00:00,2011-11-22 00:00:00,,4,2974,2974,99999
44981,112.11,D,V 31,PSW-P,Obrábění,150,Somet,,4,2003-02-19 00:00:00,2011-04-12 00:00:00,,4,2974,2974,99999
1026212,112.12,B,V160,PFO-P/3,Vedení,200,,,3,2016-08-18 00:00:00,2024-10-08 00:00:00,,4,2973,2973,99999
1029503,112.12,D,V 29,PSW-P,Obrábění,150,Filletta,,3,2017-06-15 00:00:00,2025-08-05 00:00:00,,4,2973,2973,99999
1029504,112.12,D,V 29,PSW-P,Obrábění,150,Filletta,,3,2017-06-15 00:00:00,2025-08-05 00:00:00,2025-08-05 00:00:00,4,2973,1477,2960
1029554,112.12,D,V 29,PSW-P,Obrábění,150,Filletta,,3,2017-06-15 00:00:00,2025-08-04 00:00:00,,4,2972,2972,99999
307656,112.12,D,V 22,PKG,Hutě,160,Somet,14016479,13,2006-08-03 00:00:00,2021-10-11 00:00:00,2014-09-22 00:00:00,5,2972,2234,2954
1026382,112.11,C,V 10,PSW-F,Montáž,300,Somet,,3,2016-09-02 00:00:00,2024-10-21 00:00:00,,4,2971,2971,99999
203129,112.11,D,V270,,,160,Somet,,2,1996-09-02 00:00:00,2004-10-21 00:00:00,,6,2971,2971,99999
1019161,112.11,D,PSZ/3,,,300,,,3,2014-07-02 00:00:00,2022-08-19 00:00:00,,3,2970,2970,99999
1019162,112.11,D,PSZ/3,PSZ/3,Obrábění,300,,,3,2014-07-02 00:00:00,2022-08-19 00:00:00,,3,2970,2970,99999
304315,112.12,C,VK20,,,150,Sylvac,PM200,3,2008-11-04 00:00:00,2016-12-22 00:00:00,,4,2970,2970,99999
1003154,112.12,D,V 10,PSW-F,Obrábění,300,,,3,2010-01-14 00:00:00,2018-03-02 00:00:00,2018-03-02 00:00:00,4,2969,1497,2955
1017508,112.12,D,V 29,PSW-P,Obrábění,150,,,3,2013-12-05 00:00:00,2022-01-21 00:00:00,2022-01-21 00:00:00,4,2969,1506,2936
1018033,112.12,C,V 10,PSW-F,Montáž,200,,,3,2013-03-12 00:00:00,2021-04-28 00:00:00,2021-04-28 00:00:00,4,2969,1485,2617
1022979,112.12,C,V 10,PSW-F,Montáž,200,Filletta,,3,2015-07-15 00:00:00,2023-08-31 00:00:00,,4,2969,2969,99999
203136,112.11,D,V270,,,150,Somet,,3,2002-12-05 00:00:00,2011-01-21 00:00:00,2011-01-21 00:00:00,6,2969,2254,2298
1020867,112.11,C,VR/PKD/31,PKD/3,Údržba,150,,,2,2014-09-23 00:00:00,2022-11-08 00:00:00,,3,2968,2968,99999
200011,112.11,A,GQF-3,GQF-3,Kvalita,1000,P.Rochrolle,,3,2006-03-13 00:00:00,2014-04-28 00:00:00,,4,2968,2968,99999
1018065,112.12,B,V 10,PSW-T,Sklad,300,Filletta,,3,2014-02-21 00:00:00,2022-04-07 00:00:00,,4,2967,2967,99999
1027881,112.12,D,V 22,,,200,,,3,2017-01-04 00:00:00,2025-02-17 00:00:00,2025-02-17 00:00:00,4,2966,1468,2958
1006250,112.12,C,V 10,PSW-F,Montáž,150,,,3,2011-05-16 00:00:00,2019-06-28 00:00:00,,4,2965,2965,99999
1009387,112.12,C,V 10,PSW-F,Montáž,200,Filletta,,3,2012-05-10 00:00:00,2020-06-22 00:00:00,,4,2965,2965,99999
1022028,112.12,D,V 29,PSW-P,Obrábění,150,,,3,2015-04-05 00:00:00,2023-05-17 00:00:00,,4,2964,2964,99999
304825,112.11,C,V180,PFO-P/31,Údržba,300,Somet,,2,2004-04-19 00:00:00,2012-05-31 00:00:00,2012-05-31 00:00:00,6,2964,0,2473
45246,112.12,D,V 31,PSW-P,Obrábění,150,HHW,,4,2003-01-24 00:00:00,2011-03-07 00:00:00,,4,2964,2964,99999
47408,112.12,D,V 29,,,160,Somet,,4,2004-04-06 00:00:00,2012-05-18 00:00:00,2012-05-18 00:00:00,4,2964,1514,2964
201620,112.12,C,V160,,,160,Somet,,3,2003-12-03 00:00:00,2012-01-13 00:00:00,2012-01-13 00:00:00,4,2963,1471,2815
201621,112.12,C,V160,,,150,Somet,,3,2003-12-03 00:00:00,2012-01-13 00:00:00,2012-01-13 00:00:00,4,2963,1471,2815
1009385,112.12,D,V 10,PSW-F,Obrábění,200,Filletta,,3,2012-05-10 00:00:00,2020-06-19 00:00:00,,4,2962,2962,99999
1015870,112.12,C,VL10,,,150,FACOM,,3,2013-09-09 00:00:00,2021-10-19 00:00:00,,4,2962,2962,99999
1015871,112.12,A,GQF-1,GQF-1,Kvalita,150,FACOM,,3,2013-09-09 00:00:00,2021-10-19 00:00:00,,4,2962,2962,99999
1029551,112.12,B,V 29,PSW-T,Sklad,150,Filletta,,3,2017-06-15 00:00:00,2025-07-25 00:00:00,2025-07-25 00:00:00,4,2962,1477,2949
304865,112.11,C,V 22,PKT/4,Údržba,250,Somet,,7,2004-03-15 00:00:00,2025-03-03 00:00:00,2012-04-24 00:00:00,4,2962,1453,2435
306921,112.11,C,VK20,,,150,Mitutoyo,,3,2006-04-04 00:00:00,2014-05-14 00:00:00,,4,2962,2962,99999
307604,112.12,C,V 37,,,150,Mitutoyo,500,5,2006-07-26 00:00:00,2014-09-04 00:00:00,2014-09-04 00:00:00,2,2962,2245,2962
43207,112.11,D,V 29,,,200,Mitutoyo,505,3,1999-03-09 00:00:00,2007-04-18 00:00:00,,,2962,2962,99999
1002793,112.12,B,V 29,PSW-T,Sklad,150,Somet,,3,2009-11-05 00:00:00,2017-12-14 00:00:00,2017-12-14 00:00:00,4,2961,1468,2956
1011363,112.12,D,V 29,PSW-V,Obrábění,150,Mitutoyo,,3,2012-12-05 00:00:00,2021-01-13 00:00:00,,4,2961,2961,99999
1014290,112.12,C,VK20,,,150,FACOM,,3,2013-06-12 00:00:00,2021-07-21 00:00:00,,4,2961,2961,99999
1014370,112.12,C,V270,PF2-K,Údržba,150,,,3,2013-06-18 00:00:00,2021-07-27 00:00:00,,4,2961,2961,99999
1021049,112.12,C,V160,PFO-P/31,Údržba,150,Insize,,4,2015-01-30 00:00:00,2023-03-10 00:00:00,,4,2961,2961,99999
1009457,112.11,C,V 29,PSW-P,Montáž,160,Somet,,4,2012-05-17 00:00:00,2020-06-24 00:00:00,,4,2960,2960,99999
1011290,112.12,D,V 29,PSW-P,Obrábění,150,Filletta,,3,2012-04-24 00:00:00,2020-06-01 00:00:00,,4,2960,2960,99999
1012941,112.12,B,V 29,PSW-T,Sklad,150,Somet,,3,2013-03-22 00:00:00,2021-04-29 00:00:00,2021-04-29 00:00:00,4,2960,1480,2947
1024699,112.12,D,V 29,PSW-P,Obrábění,150,,,3,2016-02-04 00:00:00,2024-03-13 00:00:00,,4,2960,2960,99999
1024707,112.12,D,V 29,PSW-V,Obrábění,150,,,3,2016-02-04 00:00:00,2024-03-13 00:00:00,,4,2960,2960,99999
1028996,112.12,D,V 29,PSW-V,Obrábění,150,Filletta,,3,2016-06-17 00:00:00,2024-07-25 00:00:00,,4,2960,2960,99999
1029177,112.11,C,V 10,PSW-F,Montáž,300,Somet,,3,2017-05-10 00:00:00,2025-06-17 00:00:00,,4,2960,2960,99999
304203,112.11,C,VK20,,,150,,,3,2008-11-04 00:00:00,2016-12-12 00:00:00,,4,2960,2960,99999
304354,112.11,C,VK20,,,150,Somet,,4,2008-11-06 00:00:00,2016-12-14 00:00:00,2016-12-14 00:00:00,4,2960,1461,4193
305206,112.11,D,V 22,,,150,Somet,,3,2003-02-05 00:00:00,2011-03-15 00:00:00,,4,2960,2960,99999
306963,112.11,C,VK30,,,150,Mitutoyo,,3,2006-04-12 00:00:00,2014-05-20 00:00:00,2014-05-20 00:00:00,4,2960,1461,2962
1025295,112.12,A,VR/GQH,GQH-2,Kvalita,150,Mitutoyo,,5,2016-05-26 00:00:00,2024-07-02 00:00:00,,2,2959,2959,99999
304263,112.11,C,VK20,,,150,,,3,2008-11-05 00:00:00,2016-12-12 00:00:00,,4,2959,2959,99999
304338,112.11,C,VK20,,,150,Somet,,3,2008-11-06 00:00:00,2016-12-13 00:00:00,,4,2959,2959,99999
303152,112.11,B,KV/8854/3,PFK/1,Sklad,400,Somet,,3,2006-04-06 00:00:00,2014-05-12 00:00:00,,4,2958,2958,99999
1025600,112.12,C,V 10,PSW-F,Montáž,150,Filletta,,3,2016-05-23 00:00:00,2024-06-27 00:00:00,,4,2957,2957,99999
1007002,112.12,B,V 10,PSW-T,Sklad,200,Filletta,,3,2011-07-18 00:00:00,2019-08-21 00:00:00,,4,2956,2956,99999
1007997,112.12,C,V 10,PSW-F,Montáž,150,Somet,,3,2012-01-10 00:00:00,2020-02-13 00:00:00,,4,2956,2956,99999
301927,112.12,D,V 22,,,150,Mitutoyo,500,4,2003-02-04 00:00:00,2011-06-24 00:00:00,2011-03-10 00:00:00,4,2956,1487,2235
1002944,112.12,C,VK30,,,150,Kinex,500,3,2009-12-07 00:00:00,2018-01-09 00:00:00,,4,2955,2955,99999
1022981,112.12,D,V 10,PSW-F,Obrábění,200,Filletta,,3,2014-11-12 00:00:00,2022-12-15 00:00:00,2022-12-15 00:00:00,4,2955,1491,2654
1012937,112.12,C,V 29,PSW-V,Montáž,150,Somet,,3,2013-03-22 00:00:00,2021-04-23 00:00:00,,4,2954,2954,99999
1012951,112.12,D,V 31,PSW-P,Obrábění,150,Somet,,3,2013-03-22 00:00:00,2021-04-23 00:00:00,2021-04-23 00:00:00,4,2954,1475,2941
1016445,112.12,D,V 29,PSW-V,Obrábění,150,Somet,,4,2013-09-13 00:00:00,2021-12-01 00:00:00,2021-10-15 00:00:00,4,2954,1482,2927
1024700,112.12,C,V 29,PSW-P,Montáž,150,,,3,2016-02-10 00:00:00,2024-03-13 00:00:00,,4,2954,2954,99999
306964,112.11,C,VK20,,,150,Mitutoyo,,3,2006-04-12 00:00:00,2014-05-14 00:00:00,,4,2954,2954,99999
42186,112.12,D,V 31,PSW-P,Obrábění,160,Somet,,4,2002-10-01 00:00:00,2010-11-02 00:00:00,,4,2954,2954,99999
1020215,112.11,D,V 10,PSW-F,Obrábění,160,Filletta,,5,2013-05-02 00:00:00,2025-07-25 00:00:00,2021-06-02 00:00:00,4,2953,1488,2421
1020216,112.11,D,V 29,PSW-P,Obrábění,160,Filletta,,5,2013-05-02 00:00:00,2025-06-25 00:00:00,2021-06-02 00:00:00,4,2953,1476,2421
1028556,112.12,D,V 29,PSW-V,Obrábění,450,Mitutoyo,550,3,2017-04-04 00:00:00,2025-05-05 00:00:00,,4,2953,2953,99999
304340,112.11,C,VK20,,,150,Somet,,3,2008-11-12 00:00:00,2016-12-13 00:00:00,,4,2953,2953,99999
1009453,112.11,D,V 29,PSW-P,Obrábění,160,Somet,,4,2012-05-17 00:00:00,2020-06-16 00:00:00,,4,2952,2952,99999
1022983,112.12,B,V 10,PSW-T,Sklad,300,Somet,,3,2015-08-21 00:00:00,2023-09-20 00:00:00,,4,2952,2952,99999
305247,112.12,D,V 22,,,150,HHW,,3,2004-02-19 00:00:00,2012-03-20 00:00:00,2012-03-20 00:00:00,4,2952,1453,2380
36922,112.11,D,V 22,,,150,,,5,2000-03-23 00:00:00,2008-04-22 00:00:00,2008-04-22 00:00:00,2,2952,2170,2331
36923,112.11,D,V 22,,,400,,,4,2000-03-23 00:00:00,2008-04-22 00:00:00,,2,2952,2952,99999
1022547,112.12,D,V 29,PSW-V,Obrábění,200,,,5,2014-08-18 00:00:00,2025-02-20 00:00:00,2022-09-16 00:00:00,2,2951,1492,2635
304074,112.12,A,VK20,GQK,Kvalita,150,Mitutoyo,500,3,2007-11-01 00:00:00,2015-11-30 00:00:00,,4,2951,2951,99999
1006236,112.12,C,V 29,PSW-P,Montáž,150,,,5,2011-05-16 00:00:00,2023-10-13 00:00:00,2019-06-13 00:00:00,4,2950,1479,2935
1006248,112.12,D,V 29,PSW-P,Obrábění,150,,,3,2011-05-16 00:00:00,2019-06-13 00:00:00,,4,2950,2950,99999
1027852,112.12,B,V 29,PSW-V,"Technologie, konstrukce",150,Somet,,3,2017-01-23 00:00:00,2025-02-20 00:00:00,2025-02-20 00:00:00,4,2950,1478,2964
1028454,112.12,D,VR/PKD/31,PKD/11,Obrábění,150,Mahr,,6,2016-03-14 00:00:00,2024-04-11 00:00:00,,1,2950,2950,99999
1029175,112.12,C,V 10,PSW-F,Montáž,150,Filletta,,3,2017-05-05 00:00:00,2025-06-02 00:00:00,,2,2950,2950,99999
1029557,112.12,C,V 10,PSW-F,Montáž,150,Filletta,,3,2017-05-05 00:00:00,2025-06-02 00:00:00,,4,2950,2950,99999
305075,112.11,D,V 22,,,160,Somet,,3,2002-09-10 00:00:00,2010-10-07 00:00:00,,4,2949,2949,99999
310371,112.12,D,V270,,,150,,14015459,3,2008-02-04 00:00:00,2016-03-02 00:00:00,,4,2949,2949,99999
1023228,112.11,C,V 22,PKG,Údržba,160,Somet,11016611,4,2015-09-23 00:00:00,2023-10-19 00:00:00,,4,2948,2948,99999
1023727,112.12,C,VR/PKD/31,PKD/3,Údržba,150,Mitutoyo,,7,2015-09-21 00:00:00,2023-10-17 00:00:00,,3,2948,2948,99999
1029371,112.12,D,V 29,PSW-P,Obrábění,300,Filletta,,3,2017-05-30 00:00:00,2025-06-25 00:00:00,2025-06-25 00:00:00,4,2948,1451,2935
303388,112.11,C,V 29,PSW-V,Montáž,160,BOS HK,,3,2005-05-24 00:00:00,2013-06-19 00:00:00,2013-06-19 00:00:00,4,2948,1442,2948
1018032,112.12,C,V 10,PSW-F,Montáž,200,Filletta,,5,2013-03-12 00:00:00,2025-05-12 00:00:00,2021-04-06 00:00:00,4,2947,1477,2595
1018067,112.12,D,V 29,PSW-V,Obrábění,300,Filletta,,3,2014-02-21 00:00:00,2022-03-18 00:00:00,2022-03-18 00:00:00,4,2947,1470,2936
1029352,112.12,C,V 10,PSW-F,Montáž,200,Filletta,,3,2017-05-31 00:00:00,2025-06-25 00:00:00,,4,2947,2947,99999
38681,112.11,D,V 29,PSW-V,Obrábění,150,China,,4,2000-12-14 00:00:00,2009-01-08 00:00:00,,4,2947,2947,99999
1007115,112.12,C,VK20,,,150,FACOM,,3,2011-09-24 00:00:00,2019-10-18 00:00:00,,4,2946,2946,99999
1017722,112.11,B,V 10,PSW-T,Sklad,300,,,3,2014-01-21 00:00:00,2022-02-14 00:00:00,,4,2946,2946,99999
1017961,112.12,B,V270,PFS-K/1,Vedení,150,MITAKO,,3,2014-02-18 00:00:00,2022-03-14 00:00:00,,4,2946,2946,99999
1019183,112.12,D,V 29,PSW-P,Obrábění,150,,,3,2014-06-25 00:00:00,2022-07-19 00:00:00,,4,2946,2946,99999
1021451,112.12,C,VK20,,,150,Würth,,3,2015-02-19 00:00:00,2023-03-15 00:00:00,,4,2946,2946,99999
1021452,112.12,B,VK20,EKI,Vývoj,150,Würth,,3,2015-02-19 00:00:00,2023-03-15 00:00:00,,4,2946,2946,99999
1021454,112.12,C,VK20,,,150,Würth,,3,2015-02-19 00:00:00,2023-03-15 00:00:00,,4,2946,2946,99999
1021455,112.12,C,VK20,,,150,Würth,,3,2015-02-19 00:00:00,2023-03-15 00:00:00,,4,2946,2946,99999
301939,112.11,D,V 22,,,160,Somet,,3,2003-06-20 00:00:00,2011-07-14 00:00:00,,4,2946,2946,99999
304344,112.11,C,VK20,,,150,Somet,,3,2008-11-19 00:00:00,2016-12-13 00:00:00,,4,2946,2946,99999
1021459,112.12,C,VK20,,,150,Würth,,3,2015-02-20 00:00:00,2023-03-15 00:00:00,,4,2945,2945,99999
1023982,112.12,C,VK20,,,150,Würth,,3,2015-11-12 00:00:00,2023-12-05 00:00:00,,4,2945,2945,99999
1023984,112.12,C,VK20,,,150,Würth,,3,2015-11-12 00:00:00,2023-12-05 00:00:00,,4,2945,2945,99999
1023990,112.12,C,VK20,,,150,Würth,,3,2015-11-12 00:00:00,2023-12-05 00:00:00,,4,2945,2945,99999
303794,112.12,C,VK20,,,150,Mitutoyo,500,3,2005-07-20 00:00:00,2013-08-12 00:00:00,2013-08-12 00:00:00,4,2945,1477,2973
1002805,112.11,C,V 10,PSW-F,Montáž,160,Somet,,3,2009-10-30 00:00:00,2017-11-21 00:00:00,,4,2944,2944,99999
1007128,112.12,C,VK20,,,150,FACOM,,3,2011-09-29 00:00:00,2019-10-21 00:00:00,,4,2944,2944,99999
38495,112.12,D,V 29,,,150,Mitutoyo,500,4,2001-01-04 00:00:00,2009-01-26 00:00:00,,4,2944,2944,99999
38538,112.12,D,V 29,,,150,Mitutoyo,500,4,2001-01-04 00:00:00,2009-01-26 00:00:00,2009-01-26 00:00:00,,2944,1484,2448
1020153,112.12,C,V 10,PSW-F,Montáž,150,Filletta,,3,2014-09-29 00:00:00,2022-10-20 00:00:00,,4,2943,2943,99999
1025362,112.12,D,V 29,PSW-P,Obrábění,150,,,3,2016-05-10 00:00:00,2024-05-31 00:00:00,,4,2943,2943,99999
304303,112.12,B,VK20,EIB,Vývoj,150,Mitutoyo,500,3,2008-10-03 00:00:00,2016-10-24 00:00:00,,4,2943,2943,99999
1006226,112.12,B,V 29,PSW-T,Sklad,150,,,3,2011-05-16 00:00:00,2019-06-05 00:00:00,,4,2942,2942,99999
1009062,112.12,D,V 22,,,150,MITAKO,907,6,2012-04-25 00:00:00,2020-05-15 00:00:00,,1,2942,2942,99999
1022030,112.12,D,V 29,PSW-P,Obrábění,150,,,3,2015-04-05 00:00:00,2023-04-25 00:00:00,2023-04-25 00:00:00,4,2942,1459,2905
35094,112.12,B,M6,PKT/1,TK,,Mitutoyo,551,11,2001-06-18 00:00:00,2023-01-16 00:00:00,2009-07-08 00:00:00,3,2942,2179,2942
1001842,112.12,C,VK30,,,150,Extol,,3,2009-05-12 00:00:00,2017-05-31 00:00:00,,4,2941,2941,99999
1007124,112.12,C,VK20,,,150,FACOM,,3,2011-09-29 00:00:00,2019-10-18 00:00:00,,4,2941,2941,99999
1007126,112.12,C,VK20,,,150,FACOM,,3,2011-09-29 00:00:00,2019-10-18 00:00:00,,4,2941,2941,99999
305123,112.12,D,V 22,,,150,HHW,,4,2004-03-29 00:00:00,2012-06-28 00:00:00,2012-04-17 00:00:00,4,2941,1445,2415
305400,112.12,D,V 22,,,150,HHW,,3,2004-05-27 00:00:00,2012-06-15 00:00:00,,4,2941,2941,99999
1020154,112.12,B,V 10,PSW-T,Sklad,150,Filletta,,3,2014-09-29 00:00:00,2022-10-17 00:00:00,,4,2940,2940,99999
303144,112.12,B,VK20,PFK/1,Sklad,150,Mitutoyo,,3,2008-10-06 00:00:00,2016-10-24 00:00:00,,4,2940,2940,99999
304229,112.11,C,VK20,,,150,Somet,,3,2008-10-02 00:00:00,2016-10-20 00:00:00,,4,2940,2940,99999
305179,112.12,,PFS-M,,,300,Mauser,,3,2003-10-22 00:00:00,2011-11-09 00:00:00,2011-11-09 00:00:00,4,2940,1462,2252
38519,112.12,D,V 29,PSW-V,Obrábění,150,Mitutoyo,500,4,2001-04-18 00:00:00,2009-05-06 00:00:00,,4,2940,2940,99999
38643,112.11,B,V 29,PSW-S,Vedení,200,,,4,2000-11-10 00:00:00,2008-11-28 00:00:00,,4,2940,2940,99999
1029176,112.11,B,V 10,PSW-T,Sklad,300,Somet,,3,2017-05-10 00:00:00,2025-05-27 00:00:00,,4,2939,2939,99999
308486,112.12,D,V 29,PSW-V,Obrábění,160,Somet,,3,2007-02-14 00:00:00,2015-03-03 00:00:00,,4,2939,2939,99999
309130,112.11,C,V 10,PSW-F,Montáž,250,Somet,,3,2007-07-24 00:00:00,2015-08-10 00:00:00,,4,2939,2939,99999
1002792,112.12,C,V 10,PSW-F,Montáž,150,Somet,,3,2009-11-05 00:00:00,2017-11-21 00:00:00,2017-11-21 00:00:00,4,2938,1476,2933
1005781,112.12,D,V 10,PSW-F,Obrábění,200,Mitutoyo,,3,2011-02-23 00:00:00,2019-03-11 00:00:00,,4,2938,2938,99999
41701,112.12,D,V 10,PSW-F,Obrábění,150,Somet,,4,2000-12-22 00:00:00,2009-01-07 00:00:00,,4,2938,2938,99999
1027838,112.12,D,V 29,,,150,Somet,,3,2017-01-23 00:00:00,2025-02-07 00:00:00,,4,2937,2937,99999
304507,112.11,D,V 22,,,280,Mitutoyo,505,3,2004-02-09 00:00:00,2012-02-24 00:00:00,,4,2937,2937,99999
306748,112.12,D,V 10,PSW-F,Obrábění,300,Somet,14030459,3,2006-03-06 00:00:00,2014-03-21 00:00:00,,4,2937,2937,99999
1005002,112.12,A,GQG-3,GQG-3,Kvalita,150,Kinex,1150D,3,2010-11-23 00:00:00,2018-12-07 00:00:00,2018-12-07 00:00:00,4,2936,1471,2944
1012591,112.12,B,V 29,PSW-T,TK,150,,,3,2013-02-18 00:00:00,2021-03-04 00:00:00,,4,2936,2936,99999
1024554,112.12,D,V 29,PSW-P,Obrábění,150,,,3,2015-09-29 00:00:00,2023-10-13 00:00:00,,4,2936,2936,99999
1020760,112.11,C,V 29,PSW-P,Montáž,160,Somet,,3,2014-11-24 00:00:00,2022-12-07 00:00:00,,4,2935,2935,99999
1020762,112.11,C,V 29,PSW-P,Montáž,160,Somet,,4,2014-11-24 00:00:00,2023-02-20 00:00:00,2022-12-07 00:00:00,4,2935,1456,2913
1020763,112.11,B,V 29,PSW-T,Sklad,160,Somet,,3,2014-11-24 00:00:00,2022-12-07 00:00:00,,4,2935,2935,99999
1022982,112.12,B,V 29,PSW-T,Sklad,200,Filletta,,3,2015-04-05 00:00:00,2023-04-18 00:00:00,,4,2935,2935,99999
41734,112.12,D,V 10,PSW-F,Obrábění,200,Mitutoyo,,4,2002-06-05 00:00:00,2010-06-18 00:00:00,,4,2935,2935,99999
305735,112.12,C,V160,,,150,Somet,,3,2005-10-25 00:00:00,2013-11-06 00:00:00,,4,2934,2934,99999
1007999,112.12,D,V 31,PSW-P,Obrábění,150,Somet,,3,2012-01-10 00:00:00,2020-01-21 00:00:00,2020-01-21 00:00:00,4,2933,1470,2918
1011475,112.12,A,KV/7021/2,GQK,Kvalita,150,FACOM,,3,2012-12-10 00:00:00,2020-12-21 00:00:00,,4,2933,2933,99999
1015491,112.12,B,V 10,PSW-T,Sklad,150,,,3,2013-08-19 00:00:00,2021-08-30 00:00:00,2021-08-30 00:00:00,4,2933,1443,2918
1015506,112.12,C,V 29,PSW-V,Montáž,150,,,4,2013-04-15 00:00:00,2021-06-17 00:00:00,2021-04-26 00:00:00,4,2933,1466,2792
1016446,112.12,D,V 10,PSW-F,Obrábění,150,Somet,,3,2013-09-13 00:00:00,2021-09-24 00:00:00,,4,2933,2933,99999
1019834,112.12,C,V 10,PSW-F,Montáž,300,Filletta,,3,2014-09-03 00:00:00,2022-09-14 00:00:00,,4,2933,2933,99999
1022546,112.12,C,V 10,PSW-F,Montáž,200,,,3,2014-08-18 00:00:00,2022-08-29 00:00:00,2022-08-29 00:00:00,4,2933,1474,2617
1002811,112.12,C,M6,,,150,,,6,2009-11-05 00:00:00,2018-04-17 00:00:00,2017-11-15 00:00:00,1,2932,2198,2927
1029555,112.12,C,V 10,PSW-F,Montáž,150,Filletta,,3,2017-06-15 00:00:00,2025-06-25 00:00:00,2025-06-25 00:00:00,4,2932,1468,2919
305115,112.11,D,V 22,,,150,China,,3,2002-09-28 00:00:00,2010-10-08 00:00:00,2010-10-08 00:00:00,4,2932,1465,1858
1003152,112.12,D,V 10,PSW-F,Obrábění,300,,,3,2010-01-14 00:00:00,2018-01-23 00:00:00,,4,2931,2931,99999
1021658,112.12,B,V 10,PSW-T,Sklad,150,Mitutoyo,,3,2015-02-27 00:00:00,2023-03-08 00:00:00,,4,2931,2931,99999
301083,112.12,,VR Výdejna,,,150,Mitutoyo,,4,2003-01-22 00:00:00,2011-01-31 00:00:00,,3,2931,2931,99999
306018,112.11,B,V160,PFO-P/3,Vedení,150,Somet,,3,2005-11-16 00:00:00,2013-11-25 00:00:00,2013-11-25 00:00:00,6,2931,741,2937
41574,112.11,D,V 10,,,400,,,4,2000-10-27 00:00:00,2008-11-05 00:00:00,,4,2931,2931,99999
1001678,112.11,C,VK20,,,150,,,3,2009-04-17 00:00:00,2017-04-25 00:00:00,,4,2930,2930,99999
1018846,112.12,C,VK20,,,150,Würth,,3,2014-05-26 00:00:00,2022-06-03 00:00:00,,4,2930,2930,99999
1018847,112.12,B,VK30,PFK-P,Provozní laboratoř,150,Würth,,3,2014-05-26 00:00:00,2022-06-03 00:00:00,,4,2930,2930,99999
1025590,112.12,D,V 29,PSW-P,Obrábění,150,Filletta,,3,2016-05-23 00:00:00,2024-05-31 00:00:00,,4,2930,2930,99999
200362,112.12,C,VL10,,,150,Sylvac,,5,2002-04-29 00:00:00,2014-04-15 00:00:00,2010-05-06 00:00:00,4,2929,1493,2542
302235,112.11,D,V 29,PSW-V,Obrábění,160,Somet,,3,2005-01-28 00:00:00,2013-02-04 00:00:00,,4,2929,2929,99999
1011795,112.12,D,V 10,PSW-F,Obrábění,200,Filletta,,4,2012-06-13 00:00:00,2020-09-02 00:00:00,2020-06-19 00:00:00,4,2928,1478,2710
1020159,112.12,D,V 29,PSW-P,Obrábění,150,Filletta,,3,2014-09-29 00:00:00,2022-10-05 00:00:00,2022-10-05 00:00:00,4,2928,1444,2913
1020163,112.12,C,V 29,PSW-P,Montáž,150,Filletta,,3,2014-09-29 00:00:00,2022-10-05 00:00:00,,4,2928,2928,99999
1022031,112.12,B,V 10,PSW-T,Sklad,150,,,3,2015-04-20 00:00:00,2023-04-26 00:00:00,,4,2928,2928,99999
1025602,112.12,C,V 10,PSW-F,Montáž,150,Filletta,,3,2016-05-10 00:00:00,2024-05-16 00:00:00,,4,2928,2928,99999
44910,112.11,D,V 31,PSW-P,Obrábění,150,Somet,,4,2002-01-30 00:00:00,2010-02-05 00:00:00,,4,2928,2928,99999
45199,112.12,B,V 31,PSW-S,Vedení,150,Somet,,4,2002-06-25 00:00:00,2010-07-01 00:00:00,,4,2928,2928,99999
1022307,112.12,B,V 10,PSW-T,Sklad,200,,,4,2015-05-21 00:00:00,2023-07-12 00:00:00,2023-05-26 00:00:00,4,2927,1457,2908
1022548,112.12,C,V 10,PSW-F,Montáž,200,,,3,2014-08-18 00:00:00,2022-08-23 00:00:00,,4,2927,2927,99999
1022974,112.12,D,V 29,PSW-P,Obrábění,150,Somet,,3,2015-04-20 00:00:00,2023-04-25 00:00:00,,4,2927,2927,99999
1029811,112.12,C,V 29,PSW-T,Údržba,150,Filletta,,3,2017-07-31 00:00:00,2025-08-05 00:00:00,,4,2927,2927,99999
1029813,112.12,D,V 29,PSW-P,Obrábění,150,Filletta,,3,2017-07-31 00:00:00,2025-08-05 00:00:00,,4,2927,2927,99999
1029815,112.12,D,V 29,PSW-P,Obrábění,150,Filletta,,3,2017-07-31 00:00:00,2025-08-05 00:00:00,,4,2927,2927,99999
303425,112.12,D,V 31,PSW-P,Obrábění,160,Somet,,3,2005-05-24 00:00:00,2013-05-29 00:00:00,2013-05-29 00:00:00,4,2927,1444,2927
304869,112.11,C,V 22,PKT/4,Údržba,600,Somet,,7,2004-06-16 00:00:00,2021-06-30 00:00:00,2012-06-21 00:00:00,4,2927,1461,2493
306913,112.12,C,VK20,,,150,Mitutoyo,500,3,2006-03-13 00:00:00,2014-03-18 00:00:00,2014-03-18 00:00:00,4,2927,1459,2905
301029,112.12,,VR Výdejna,,,150,Mitutoyo,,4,2003-01-17 00:00:00,2011-01-21 00:00:00,2011-01-21 00:00:00,3,2926,1837,2678
301063,112.12,D,VR/PKD/31,,,1000,Mitutoyo,,4,2003-01-23 00:00:00,2011-01-27 00:00:00,,3,2926,2926,99999
301895,112.12,A,GQD-2,GQD,Kvalita,150,Mitutoyo,500,5,2004-03-02 00:00:00,2012-03-06 00:00:00,2012-03-06 00:00:00,2,2926,2141,2601
301902,112.11,A,GQD-2,GQD,Kvalita,200,,,6,2004-03-02 00:00:00,2013-01-16 00:00:00,2012-03-06 00:00:00,2,2926,2141,2601
305016,112.11,D,V 22,,,150,Somet,,6,2002-10-16 00:00:00,2011-12-12 00:00:00,2010-10-20 00:00:00,1,2926,1463,1875
32165,112.11,C,M6,,,160,Somet,,2,2000-11-09 00:00:00,2008-11-13 00:00:00,,2,2926,2926,99999
1010013,112.11,D,V 31,PSW-P,Obrábění,160,Filletta,,3,2012-06-13 00:00:00,2020-06-16 00:00:00,2020-06-16 00:00:00,4,2925,1478,2885
1018157,112.12,D,V 10,PSW-F,Obrábění,300,,,3,2014-04-09 00:00:00,2022-04-12 00:00:00,,4,2925,2925,99999
1025123,112.12,D,V 29,PSW-V,Obrábění,150,Filletta,,3,2016-03-10 00:00:00,2024-03-13 00:00:00,,4,2925,2925,99999
1028085,112.12,D,V 29,,,150,Mitutoyo,,3,2017-01-11 00:00:00,2025-01-14 00:00:00,,4,2925,2925,99999
1043284,112.12,C,V 10,PSW-F,Montáž,200,Filletta,,3,2017-05-30 00:00:00,2025-06-02 00:00:00,,4,2925,2925,99999
38352,112.11,D,V 29,,,150,Kinex,,4,2000-11-28 00:00:00,2008-12-01 00:00:00,,0,2925,2925,99999
1019179,112.12,C,V 29,PSW-V,Montáž,150,,,3,2014-06-25 00:00:00,2022-06-27 00:00:00,,4,2924,2924,99999
306737,112.12,B,V 10,PSW-T,Sklad,300,Somet,14030459,3,2006-02-16 00:00:00,2014-02-18 00:00:00,,4,2924,2924,99999
45250,112.12,D,V 31,PSW-P,Obrábění,150,HHW,,4,2002-04-05 00:00:00,2010-04-07 00:00:00,,4,2924,2924,99999
47301,112.11,D,V 31,PSW-P,Obrábění,150,Somet,,3,2004-03-17 00:00:00,2012-03-19 00:00:00,2012-03-19 00:00:00,4,2924,1448,2922
1017330,112.11,C,V 10,PSW-F,Montáž,300,,,3,2013-11-21 00:00:00,2021-11-22 00:00:00,2021-11-22 00:00:00,4,2923,1461,2902
1017331,112.11,C,V 10,PSW-F,Montáž,300,,,3,2013-11-21 00:00:00,2021-11-22 00:00:00,2021-11-22 00:00:00,4,2923,1461,2902
1017334,112.12,D,V 10,PSW-F,Obrábění,300,,,3,2013-11-21 00:00:00,2021-11-22 00:00:00,,4,2923,2923,99999
1029506,112.12,D,V 29,PSW-P,Obrábění,150,Filletta,,3,2017-06-15 00:00:00,2025-06-16 00:00:00,,4,2923,2923,99999
1029552,112.12,D,V 29,PSW-P,Obrábění,150,Filletta,,3,2017-06-15 00:00:00,2025-06-16 00:00:00,,4,2923,2923,99999
303957,112.12,C,VK20,,,150,Mitutoyo,500,3,2006-05-19 00:00:00,2014-05-20 00:00:00,,4,2923,2923,99999
1012956,112.12,B,V 29,PSW-T,Sklad,150,Somet,,3,2013-03-22 00:00:00,2021-03-22 00:00:00,2021-03-22 00:00:00,4,2922,1461,2909
1012963,112.12,D,V 31,PSW-P,Obrábění,150,Somet,,4,2013-03-12 00:00:00,2021-04-23 00:00:00,2021-03-12 00:00:00,4,2922,1471,2899
301999,112.11,D,V 22,,,600,Somet,,5,2002-06-18 00:00:00,2014-11-18 00:00:00,2010-06-18 00:00:00,4,2922,1451,1961
42383,112.11,D,V 10,PSW-F,Obrábění,160,Somet,,3,2002-09-30 00:00:00,2010-09-30 00:00:00,,4,2922,2922,99999
1015305,112.12,C,V 10,PSW-F,Montáž,300,Filletta,,3,2013-07-08 00:00:00,2021-07-07 00:00:00,2021-07-07 00:00:00,4,2921,1477,2878
1017966,112.12,C,V270,PF1-K,Svařovna,150,MITAKO,,3,2014-02-18 00:00:00,2022-02-17 00:00:00,,4,2921,2921,99999
1019182,112.12,D,V 29,PSW-V,Obrábění,150,,,3,2014-06-25 00:00:00,2022-06-24 00:00:00,,4,2921,2921,99999
1019185,112.12,C,V 29,PSW-V,Montáž,150,,,3,2014-06-25 00:00:00,2022-06-24 00:00:00,2022-06-24 00:00:00,4,2921,1456,2906
301027,112.12,,VR Výdejna,,,150,Mitutoyo,,4,2003-01-20 00:00:00,2011-01-19 00:00:00,2011-01-19 00:00:00,3,2921,1814,2676
305256,112.11,D,V 22,,,150,Somet,,3,2002-01-22 00:00:00,2010-01-21 00:00:00,,4,2921,2921,99999
306630,112.12,D,V 29,PSW-V,Obrábění,300,Somet,14030459,3,2006-01-30 00:00:00,2014-01-29 00:00:00,2014-01-29 00:00:00,4,2921,1445,2912
41229,112.11,D,V 10,PSW-F,Obrábění,150,Mitutoyo,530,4,1999-09-22 00:00:00,2007-09-21 00:00:00,,4,2921,2921,99999
1016928,112.12,C,V 22,PKT/4,Údržba,150,MITAKO,907,3,2013-11-13 00:00:00,2021-11-11 00:00:00,,4,2920,2920,99999
1028196,112.12,D,V 22,PKH,Obrábění,300,Mitutoyo,551,6,2017-01-10 00:00:00,2025-01-08 00:00:00,,1,2920,2920,99999
1029349,112.11,D,V 29,PSW-V,Obrábění,300,Somet,,3,2017-05-25 00:00:00,2025-05-23 00:00:00,,4,2920,2920,99999
38811,112.12,B,V 29,PSW-S,Vedení,200,,,4,2001-02-26 00:00:00,2009-02-24 00:00:00,,4,2920,2920,99999
39701,112.11,D,V 29,,,150,Somet,,4,2000-11-22 00:00:00,2008-11-20 00:00:00,,4,2920,2920,99999
1003856,112.12,C,M6,,,150,,,7,2010-06-03 00:00:00,2018-05-31 00:00:00,,1,2919,2919,99999
1023983,112.12,C,VK20,,,150,Würth,,3,2015-11-12 00:00:00,2023-11-09 00:00:00,,4,2919,2919,99999
1023985,112.12,C,VK20,,,150,Würth,,3,2015-11-12 00:00:00,2023-11-09 00:00:00,,4,2919,2919,99999
37330,112.11,D,V 22,,,150,Somet,,5,2002-01-30 00:00:00,2010-01-27 00:00:00,2010-01-27 00:00:00,2,2919,2218,2919
37334,112.11,D,V 22,,,250,Somet,,5,2002-01-30 00:00:00,2010-01-27 00:00:00,,2,2919,2919,99999
1020533,112.12,C,V 37,,,150,Mitutoyo,,3,2014-11-20 00:00:00,2022-11-16 00:00:00,,4,2918,2918,99999
1023634,112.12,D,V 29,,,150,,,4,2015-09-29 00:00:00,2023-11-09 00:00:00,2023-09-25 00:00:00,4,2918,1452,2896
28120,112.12,D,V 22,,,150,Somet,,4,2000-05-19 00:00:00,2008-05-15 00:00:00,,2,2918,2918,99999
1012494,112.11,C,V270,PF2-K,Údržba,160,Somet,,3,2013-03-06 00:00:00,2021-03-01 00:00:00,,6,2917,2917,99999
1016450,112.12,C,V 29,PSW-V,Montáž,150,Somet,,3,2013-09-13 00:00:00,2021-09-07 00:00:00,,4,2916,2916,99999
1029804,112.12,D,V 29,PSW-P,Obrábění,150,Filletta,,3,2017-07-31 00:00:00,2025-07-25 00:00:00,,4,2916,2916,99999
1029806,112.12,D,V 29,PSW-V,Obrábění,150,Filletta,,3,2017-07-31 00:00:00,2025-07-25 00:00:00,,4,2916,2916,99999
305068,112.12,D,V 22,,,150,Hommel,,4,2004-04-22 00:00:00,2012-06-25 00:00:00,2012-04-16 00:00:00,4,2916,1453,2415
309793,112.12,D,V 29,PSW-V,Obrábění,160,Somet,14016459,3,2007-10-25 00:00:00,2015-10-19 00:00:00,2015-10-19 00:00:00,4,2916,1380,2908
1029372,112.12,D,V 29,PSW-P,Obrábění,300,Filletta,,3,2017-05-30 00:00:00,2025-05-22 00:00:00,,1,2914,2914,99999
48259,112.12,D,V 10,PSW-F,Obrábění,200,Somet,,3,2004-10-26 00:00:00,2012-10-18 00:00:00,,4,2914,2914,99999
1023436,112.11,D,V 10,PSW-F,Obrábění,160,Somet,,3,2014-11-24 00:00:00,2022-11-15 00:00:00,,4,2913,2913,99999
1023439,112.11,C,V 10,PSW-F,Montáž,160,Somet,,3,2014-11-24 00:00:00,2022-11-15 00:00:00,,4,2913,2913,99999
304597,112.11,D,V 22,,,300,China,,5,2002-01-22 00:00:00,2011-06-06 00:00:00,2010-01-13 00:00:00,4,2913,1451,1640
1020164,112.12,B,V 29,PSW-T,Sklad,150,Filletta,,3,2014-09-29 00:00:00,2022-09-19 00:00:00,,4,2912,2912,99999
202464,112.12,C,V160,,,150,Mitutoyo,500,3,2001-06-26 00:00:00,2009-06-16 00:00:00,,4,2912,2912,99999
303153,112.11,B,VK20,PFK/1,Sklad,300,Somet,,3,2006-05-22 00:00:00,2014-05-12 00:00:00,,4,2912,2912,99999
1009869,112.12,D,V 31,PSW-P,Obrábění,150,,,3,2012-06-29 00:00:00,2020-06-18 00:00:00,,4,2911,2911,99999
1009727,112.12,C,M6,,,150,MITAKO,907,8,2012-06-13 00:00:00,2020-06-01 00:00:00,,1,2910,2910,99999
1028453,112.12,D,VR/PKD/31,PKD/12,Obrábění,150,Mahr,,6,2016-03-14 00:00:00,2024-03-01 00:00:00,,1,2909,2909,99999
41738,112.12,B,V 10,PSW-S,Vedení,200,Mitutoyo,,4,2001-02-27 00:00:00,2009-02-13 00:00:00,,4,2908,2908,99999
42169,112.12,D,V 31,PSW-P,Obrábění,160,Somet,,4,2002-10-01 00:00:00,2010-09-17 00:00:00,,4,2908,2908,99999
42197,112.12,D,V 31,PSW-P,Obrábění,160,Somet,,4,2002-10-01 00:00:00,2010-09-17 00:00:00,,4,2908,2908,99999
1029893,112.12,D,V 29,PSW-P,Obrábění,150,Filletta,,3,2017-08-21 00:00:00,2025-08-05 00:00:00,2025-08-05 00:00:00,4,2906,1435,2889
1029895,112.12,D,V 10,,,150,Filletta,,3,2017-08-21 00:00:00,2025-08-05 00:00:00,,4,2906,2906,99999
1029897,112.12,C,V 29,PSW-V,Montáž,150,Filletta,,3,2017-08-21 00:00:00,2025-08-05 00:00:00,,4,2906,2906,99999
1029899,112.12,D,V 29,PSW-P,Obrábění,150,Filletta,,3,2017-08-21 00:00:00,2025-08-05 00:00:00,,4,2906,2906,99999
33498,112.11,D,V 22,,,160,Somet,,9,2000-09-13 00:00:00,2008-08-28 00:00:00,,2,2906,2906,99999
1025987,112.12,D,V 29,PSW-P,Obrábění,300,Filletta,,3,2016-06-17 00:00:00,2024-05-31 00:00:00,,4,2905,2905,99999
1028992,112.12,D,V 29,PSW-V,Obrábění,150,Filletta,,3,2016-06-17 00:00:00,2024-05-31 00:00:00,,4,2905,2905,99999
303415,112.12,D,V 31,PSW-P,Obrábění,160,BOS HK,,3,2005-05-24 00:00:00,2013-05-07 00:00:00,2013-05-07 00:00:00,4,2905,1424,2905
38446,112.11,D,V 29,,,160,Somet,,4,2000-03-21 00:00:00,2008-03-04 00:00:00,,4,2905,2905,99999
1019188,112.12,D,V 29,PSW-P,Obrábění,150,,,3,2014-06-25 00:00:00,2022-06-06 00:00:00,2022-06-06 00:00:00,4,2903,1440,2888
1019190,112.12,D,V 29,PSW-P,Obrábění,150,,,3,2014-06-25 00:00:00,2022-06-06 00:00:00,,4,2903,2903,99999
1015513,112.12,C,V 29,PSW-V,Montáž,150,,,3,2013-08-19 00:00:00,2021-07-30 00:00:00,2021-07-30 00:00:00,4,2902,1471,2887
1015515,112.12,C,V 29,PSW-V,Montáž,150,,,3,2013-08-19 00:00:00,2021-07-30 00:00:00,2021-07-30 00:00:00,4,2902,1471,2887
203036,112.12,D,V270,,,150,Mitutoyo,500,3,2003-10-06 00:00:00,2011-09-14 00:00:00,2011-09-14 00:00:00,4,2900,1478,2548
38517,112.12,B,V 29,PSW-S,Vedení,150,Somet,,4,2001-10-02 00:00:00,2009-09-10 00:00:00,,4,2900,2900,99999
1025988,112.12,C,V 29,PSW-P,Montáž,300,Filletta,,3,2016-06-23 00:00:00,2024-05-31 00:00:00,,4,2899,2899,99999
1027468,112.11,C,V 10,PSW-F,Montáž,160,Somet,,3,2016-11-21 00:00:00,2024-10-29 00:00:00,,4,2899,2899,99999
1027472,112.11,D,V 10,PSW-F,Obrábění,160,,,3,2016-11-21 00:00:00,2024-10-29 00:00:00,,4,2899,2899,99999
1023695,112.12,D,V270,,,150,Insize,,4,2015-10-02 00:00:00,2023-09-08 00:00:00,2023-09-08 00:00:00,2,2898,2432,2879
41720,112.12,D,V 10,PSW-F,Obrábění,200,Mitutoyo,,4,2001-05-30 00:00:00,2009-05-06 00:00:00,,4,2898,2898,99999
45984,112.12,B,V 29,PSW-S,Vedení,160,Somet,,4,2003-08-12 00:00:00,2011-07-19 00:00:00,,4,2898,2898,99999
1029892,112.12,C,V 29,PSW-P,Montáž,150,Filletta,,3,2017-08-21 00:00:00,2025-07-25 00:00:00,,4,2895,2895,99999
310617,112.12,D,V 10,PSW-F,Obrábění,,Vogel,202007,3,2008-03-07 00:00:00,2016-02-09 00:00:00,,4,2895,2895,99999
38721,112.12,D,V 29,PSW-V,Obrábění,200,,,4,2001-03-12 00:00:00,2009-02-13 00:00:00,,4,2895,2895,99999
1029837,112.12,A,GQH-3/1,,,150,Somet,,4,2017-08-30 00:00:00,2025-08-01 00:00:00,,2,2893,2893,99999
1027471,112.11,C,V 10,PSW-F,Montáž,160,,,3,2016-11-21 00:00:00,2024-10-21 00:00:00,,4,2891,2891,99999
41602,112.11,D,V 10,,,400,,,4,2000-12-06 00:00:00,2008-11-05 00:00:00,2008-11-05 00:00:00,4,2891,1436,2239
1001956,112.12,D,V 22,,,150,Mitutoyo,500,5,2009-05-22 00:00:00,2017-04-20 00:00:00,,2,2890,2890,99999
34106,112.11,D,V 22,,,150,Somet,,6,2001-03-28 00:00:00,2009-02-24 00:00:00,,4,2890,2890,99999
45313,112.11,D,V 31,PSW-P,Obrábění,300,,,3,2005-02-18 00:00:00,2013-01-17 00:00:00,2013-01-17 00:00:00,4,2890,1431,3531
1006628,112.12,D,V 22,,,150,Mitutoyo,500,3,2011-07-15 00:00:00,2019-06-10 00:00:00,,4,2887,2887,99999
303417,112.12,C,V 10,PSW-F,Montáž,160,Somet,,7,2005-05-24 00:00:00,2025-06-25 00:00:00,2013-04-19 00:00:00,4,2887,1413,2887
1012629,112.12,A,GQD-3,,,200,,,3,2013-03-26 00:00:00,2021-02-18 00:00:00,,4,2886,2886,99999
1015303,112.12,D,V 10,PSW-F,Obrábění,300,Filletta,,3,2013-05-28 00:00:00,2021-04-21 00:00:00,2021-04-21 00:00:00,4,2885,1423,2801
41337,112.12,D,V 31,PSW-P,Obrábění,160,Somet,,4,2002-08-08 00:00:00,2010-07-01 00:00:00,,4,2884,2884,99999
42196,112.12,D,V 10,PSW-F,Obrábění,160,Somet,,4,2002-10-01 00:00:00,2010-08-24 00:00:00,2010-08-24 00:00:00,4,2884,1400,2869
42198,112.12,C,V 31,PSW-P,Montáž,160,Somet,,4,2002-10-01 00:00:00,2010-08-24 00:00:00,,4,2884,2884,99999
303459,112.12,D,V 10,PSW-F,Obrábění,200,Mitutoyo,500,7,2005-05-30 00:00:00,2025-05-22 00:00:00,2013-04-19 00:00:00,4,2881,1407,2881
304517,112.11,D,V 22,,,300,Somet,,3,2004-01-30 00:00:00,2011-12-20 00:00:00,,4,2881,2881,99999
305022,112.11,D,V 22,,,150,Somet,,6,2002-11-18 00:00:00,2016-03-14 00:00:00,2010-10-07 00:00:00,4,2880,1432,1862
1023646,112.11,C,V160,PFO-P/21,Údržba,160,Somet,,3,2015-10-06 00:00:00,2023-08-22 00:00:00,,6,2877,2877,99999
1022911,112.12,D,V 22,,,150,Mahr,16ER,6,2015-08-27 00:00:00,2023-07-11 00:00:00,,1,2875,2875,99999
14948,112.11,D,V 22,,,150,China,,4,2000-11-24 00:00:00,2008-10-08 00:00:00,2008-10-08 00:00:00,3,2875,1743,3621
38740,112.11,D,V 29,,,150,Somet,,4,2000-11-29 00:00:00,2008-10-13 00:00:00,2008-10-13 00:00:00,,2875,1415,2337
44240,112.12,C,M6,,,160,Somet,,6,2003-01-24 00:00:00,2010-12-07 00:00:00,2010-12-07 00:00:00,1,2874,2798,2853
41721,112.12,D,V 10,PSW-F,Obrábění,200,,,4,2001-02-26 00:00:00,2009-01-08 00:00:00,,4,2873,2873,99999
41303,112.11,D,V 10,PSW-F,Obrábění,150,,,4,2002-03-25 00:00:00,2010-02-03 00:00:00,,4,2872,2872,99999
45209,112.12,D,V 31,PSW-P,Obrábění,150,Mitutoyo,,4,2002-01-22 00:00:00,2009-12-03 00:00:00,,4,2872,2872,99999
1008549,112.11,D,V 22,,,160,Somet,11016551,3,2012-02-03 00:00:00,2019-12-12 00:00:00,,4,2869,2869,99999
200020,112.12,A,GQF-2,GQF-2,Kvalita,150,Mitutoyo,500,5,2005-04-26 00:00:00,2013-03-04 00:00:00,,2,2869,2869,99999
41183,112.11,C,V 10,PSW-F,Montáž,150,,,4,2001-03-01 00:00:00,2009-01-07 00:00:00,,4,2869,2869,99999
44640,112.11,D,V 22,,,160,Somet,,8,2003-03-27 00:00:00,2011-02-02 00:00:00,2011-02-02 00:00:00,2,2869,2127,2870
1005789,112.11,C,V160,PFO-P/31,Údržba,160,,,3,2011-02-02 00:00:00,2018-12-10 00:00:00,,6,2868,2868,99999
1024451,112.12,A,GQF-1,,,150,FACOM,,3,2016-03-29 00:00:00,2024-02-02 00:00:00,,4,2866,2866,99999
1006108,112.12,D,V 22,,,150,MITAKO,907,8,2011-05-03 00:00:00,2019-03-06 00:00:00,,1,2864,2864,99999
1022773,112.12,D,V 22,PKM,Obrábění,150,,573,5,2015-07-31 00:00:00,2023-06-02 00:00:00,,2,2863,2863,99999
304928,112.11,C,V180,,,150,Somet,,3,2005-05-20 00:00:00,2013-03-22 00:00:00,2013-03-22 00:00:00,6,2863,2230,2762
42172,112.12,D,V 31,PSW-P,Obrábění,160,Somet,,4,2002-10-01 00:00:00,2010-08-03 00:00:00,,4,2863,2863,99999
1029354,112.12,D,V 29,PSW-V,Obrábění,200,Filletta,,3,2017-05-31 00:00:00,2025-04-01 00:00:00,2025-04-01 00:00:00,4,2862,1365,2850
37325,112.11,D,V 22,,,150,China,,11,2002-01-30 00:00:00,2010-02-03 00:00:00,2009-12-01 00:00:00,1,2862,2861,2863
41445,112.11,D,V 10,PSW-F,Obrábění,300,VIS,,4,1999-09-22 00:00:00,2007-07-24 00:00:00,,4,2862,2862,99999
45245,112.12,C,V 31,PSW-P,Montáž,150,HHW,,4,2002-10-18 00:00:00,2010-08-16 00:00:00,,4,2859,2859,99999
31037,112.11,D,V 22,,,160,Somet,,6,2000-09-18 00:00:00,2008-07-16 00:00:00,,1,2858,2858,99999
203270,112.11,D,V270,,,160,Somet,,2,1999-12-14 00:00:00,2007-10-09 00:00:00,,6,2856,2856,99999
34518,112.11,D,V 22,,,150,Somet,,9,2001-05-09 00:00:00,2009-03-04 00:00:00,2009-03-04 00:00:00,1,2856,2472,2856
37355,112.11,D,V 22,,,160,Somet,,5,2002-02-04 00:00:00,2009-11-30 00:00:00,,4,2856,2856,99999
1029303,112.12,D,V 22,PKG,Hutě,150,MITAKO,907,8,2017-05-23 00:00:00,2025-03-14 00:00:00,,1,2852,2852,99999
1002169,112.12,D,V 22,,,150,,IS11111,8,2009-07-08 00:00:00,2017-06-07 00:00:00,2017-04-27 00:00:00,1,2850,2289,2835
309493,112.12,B,VA30,PFS-K/4,Sklad,150,,,4,2007-09-18 00:00:00,2015-07-07 00:00:00,2015-07-07 00:00:00,5,2849,2575,2849
1017372,112.12,C,V160,PFO-P/31,Údržba,150,,,3,2013-12-06 00:00:00,2021-09-20 00:00:00,,4,2845,2845,99999
1006107,112.12,D,V 22,,,150,MITAKO,907,4,2011-05-03 00:00:00,2019-02-13 00:00:00,,2,2843,2843,99999
43204,112.11,B,V 10,PSW-S,Vedení,150,Mitutoyo,,4,2002-10-03 00:00:00,2010-07-13 00:00:00,,4,2840,2840,99999
305597,112.11,C,V180,,,160,Somet,11016551,2,2005-09-22 00:00:00,2013-06-28 00:00:00,2013-06-28 00:00:00,6,2836,0,2816
38640,112.11,B,V 29,PSW-S,Vedení,200,,,4,2000-10-04 00:00:00,2008-07-09 00:00:00,,4,2835,2835,99999
41754,112.12,D,V 10,PSW-F,Obrábění,200,Mitutoyo,,4,2002-09-17 00:00:00,2010-06-21 00:00:00,,4,2834,2834,99999
45253,112.12,D,V 31,PSW-P,Obrábění,150,HHW,,4,2002-01-31 00:00:00,2009-11-03 00:00:00,,4,2833,2833,99999
309402,112.11,C,V180,,,160,Somet,11016551,3,2007-07-30 00:00:00,2015-04-30 00:00:00,,6,2831,2831,99999
31658,112.11,D,V 22,,,160,Somet,,8,2000-10-16 00:00:00,2008-07-16 00:00:00,2008-07-16 00:00:00,1,2830,2411,2830
41181,112.11,C,V 10,PSW-F,Montáž,150,,,4,2002-01-18 00:00:00,2009-10-16 00:00:00,,4,2828,2828,99999
28294,112.12,D,V 22,,,,Mitutoyo,551,3,2000-04-20 00:00:00,2008-01-16 00:00:00,,1,2827,2827,99999
310359,112.12,D,V270,,,150,,14015459,3,2008-02-01 00:00:00,2015-10-27 00:00:00,,4,2825,2825,99999
1029848,112.12,D,V 22,,,300,Mitutoyo,551,6,2017-08-24 00:00:00,2025-05-16 00:00:00,,1,2822,2822,99999
310740,112.12,C,V160,,,150,,14015459,4,2008-03-25 00:00:00,2015-12-16 00:00:00,,4,2822,2822,99999
32882,112.12,D,V 22,,,150,Samson,,8,2000-12-19 00:00:00,2008-09-09 00:00:00,,1,2821,2821,99999
1021958,112.11,C,V160,,,160,Somet,,3,2015-04-21 00:00:00,2023-01-09 00:00:00,,6,2820,2820,99999
302912,112.12,D,V 22,,,160,Somet,14016458,11,2005-03-31 00:00:00,2020-02-11 00:00:00,2012-12-19 00:00:00,2,2820,2084,2786
304811,112.11,C,V160,PFO-P/31,Údržba,200,Somet,,3,2004-03-31 00:00:00,2011-12-15 00:00:00,,6,2815,2815,99999
42368,112.11,D,V 29,PSW-V,Obrábění,160,Somet,,5,2002-09-25 00:00:00,2010-06-09 00:00:00,,4,2814,2814,99999
300980,112.11,,VR Výdejna,,,,Somet,,2,2002-06-13 00:00:00,2010-02-24 00:00:00,,3,2813,2813,99999
41725,112.12,D,V 10,,,200,,,5,2000-11-15 00:00:00,2008-07-25 00:00:00,,4,2809,2809,99999
1042896,112.12,D,VR/PKD/31,PKD/12,Obrábění,150,Mitutoyo,500,8,2017-10-26 00:00:00,2025-07-02 00:00:00,,1,2806,2806,99999
1027890,112.12,D,V 22,PKM,Obrábění,150,,,4,2017-01-04 00:00:00,2024-09-09 00:00:00,,1,2805,2805,99999
1029979,112.12,C,V160,,,150,Kinex,,3,2017-09-06 00:00:00,2025-05-12 00:00:00,,4,2805,2805,99999
28658,112.12,D,V 22,,,150,Hommel,,6,2000-05-26 00:00:00,2008-01-30 00:00:00,,2,2805,2805,99999
1030005,112.11,C,V160,PFO-P/21,Údržba,160,,,2,2017-09-07 00:00:00,2025-05-12 00:00:00,,6,2804,2804,99999
1022978,112.12,D,V 29,PSW-V,Obrábění,200,Filletta,,3,2015-07-15 00:00:00,2023-03-17 00:00:00,2023-03-17 00:00:00,4,2802,1489,2746
1027907,112.12,D,V 22,PKH,Obrábění,150,,,6,2017-01-04 00:00:00,2024-09-06 00:00:00,,1,2802,2802,99999
1010723,112.12,D,V 22,,,150,MITAKO,907,8,2012-09-13 00:00:00,2023-02-23 00:00:00,2020-05-14 00:00:00,2,2800,2006,2788
1005978,112.11,D,V 22,,,160,,11016611,3,2011-04-15 00:00:00,2018-12-13 00:00:00,,3,2799,2799,99999
308817,112.12,C,PSZ/3,PSZ/3,Údržba,160,Somet,14016459,6,2007-03-22 00:00:00,2018-01-18 00:00:00,2014-11-18 00:00:00,3,2798,2533,2792
41283,112.11,B,V 10,PSW-S,Vedení,150,,,5,2000-11-07 00:00:00,2008-07-04 00:00:00,,4,2796,2796,99999
46526,112.11,D,V 22,,,160,Somet,,7,2003-11-10 00:00:00,2011-07-07 00:00:00,2011-07-07 00:00:00,2,2796,2352,2782
1002046,112.12,D,V 22,,,150,Schut,906,16,2009-06-16 00:00:00,2024-06-05 00:00:00,2017-02-09 00:00:00,1,2795,2376,2786
309171,112.11,C,PSZ/3,PSZ/3,Údržba,160,Somet,11016611,6,2007-06-11 00:00:00,2021-02-22 00:00:00,2015-02-04 00:00:00,3,2795,1716,2773
44863,112.11,D,V 31,PSW-P,Obrábění,150,Somet,,3,2003-01-23 00:00:00,2010-09-17 00:00:00,,4,2794,2794,99999
1021955,112.11,C,V160,PFO-P/31,Údržba,160,Somet,,3,2015-04-21 00:00:00,2022-12-12 00:00:00,,6,2792,2792,99999
38530,112.12,B,V 29,PSW-S,Vedení,150,Mitutoyo,500,5,2001-03-30 00:00:00,2008-11-20 00:00:00,,4,2792,2792,99999
1025579,112.12,D,V 10,PSW-F,Obrábění,150,Mitutoyo,,4,2016-06-08 00:00:00,2024-01-26 00:00:00,,4,2788,2788,99999
1043202,112.12,D,PSZ/3,PSZ/3,Obrábění,300,Mitutoyo,,3,2017-12-04 00:00:00,2025-07-22 00:00:00,,3,2787,2787,99999
308778,112.11,D,V270,,,160,Somet,11016511,3,2007-03-07 00:00:00,2014-10-22 00:00:00,,6,2786,2786,99999
41625,112.11,D,V 10,,,600,,,6,2000-12-14 00:00:00,2008-07-25 00:00:00,,4,2780,2780,99999
43278,112.12,B,V 10,PSW-S,Vedení,300,Mitutoyo,,4,2002-11-11 00:00:00,2010-06-21 00:00:00,2010-06-21 00:00:00,4,2779,1290,2762
41329,112.12,B,V 29,PSW-T,TK,160,Somet,,4,2002-08-08 00:00:00,2010-03-17 00:00:00,,4,2778,2778,99999
25307,112.12,C,M6,,,150,Samson,,8,2000-09-01 00:00:00,2008-04-04 00:00:00,2008-04-04 00:00:00,1,2772,2376,3109
1030011,112.11,C,V160,,,160,,,2,2017-09-07 00:00:00,2025-04-08 00:00:00,2025-04-08 00:00:00,6,2770,0,2763
38725,112.11,B,V 29,PSW-S,Vedení,250,Somet,,4,2000-11-08 00:00:00,2008-06-09 00:00:00,,4,2770,2770,99999
302911,112.12,D,V 22,,,160,Somet,14016458,10,2005-03-31 00:00:00,2019-03-27 00:00:00,2012-10-26 00:00:00,1,2766,2030,2732
1029698,112.12,D,VR/PKD/31,PKD/11,Obrábění,150,Mitutoyo,,6,2017-04-21 00:00:00,2024-11-12 00:00:00,,1,2762,2762,99999
302921,112.11,D,V 22,,,160,Somet,,6,2005-03-31 00:00:00,2013-11-25 00:00:00,2012-10-22 00:00:00,1,2762,882,2728
1023637,112.11,C,V160,PFO-P/21,Údržba,160,Somet,,3,2015-10-06 00:00:00,2023-04-27 00:00:00,,6,2760,2760,99999
301025,112.12,,VR Výdejna,,,150,Mitutoyo,,4,2003-07-02 00:00:00,2011-01-21 00:00:00,,3,2760,2760,99999
301080,112.12,A,VR Výdejna,GQD,Kvalita,150,Mitutoyo,,4,2003-07-02 00:00:00,2011-01-21 00:00:00,,3,2760,2760,99999
1011635,112.12,D,V 22,,,150,Mitutoyo,500,4,2012-11-28 00:00:00,2020-06-18 00:00:00,,3,2759,2759,99999
1027883,112.12,D,V 22,PKG,Hutě,,,00530434,3,2017-01-04 00:00:00,2024-07-25 00:00:00,,1,2759,2759,99999
1012215,112.12,C,VR/PKD/31,PKD/3,Údržba,150,FACOM,,4,2013-02-20 00:00:00,2020-09-08 00:00:00,,1,2757,2757,99999
1023662,112.11,C,V270,PF2-K,Údržba,160,Somet,,2,2015-10-02 00:00:00,2023-04-20 00:00:00,,6,2757,2757,99999
1029982,112.12,C,V160,PFO-P/31,Údržba,150,Kinex,,3,2017-09-06 00:00:00,2025-03-25 00:00:00,,4,2757,2757,99999
1030010,112.11,C,V160,PFO-P/31,Údržba,160,,,2,2017-09-07 00:00:00,2025-03-25 00:00:00,,6,2756,2756,99999
308911,112.11,D,V 22,,,160,Somet,,8,2007-04-23 00:00:00,2014-11-07 00:00:00,,2,2755,2755,99999
31079,112.11,D,V 22,,,160,Somet,,6,2000-09-18 00:00:00,2008-04-02 00:00:00,,1,2753,2753,99999
33306,112.12,D,V 22,,,300,Somet,,3,2001-02-01 00:00:00,2008-08-12 00:00:00,2008-08-12 00:00:00,1,2749,2098,2749
45077,112.11,D,V 31,PSW-P,Obrábění,160,Somet,,5,2002-08-09 00:00:00,2010-02-15 00:00:00,2010-02-15 00:00:00,4,2747,1280,2484
301989,112.11,D,V 22,,,160,Somet,,3,2003-02-26 00:00:00,2010-08-27 00:00:00,,1,2739,2739,99999
201604,112.12,D,V270,,,150,Somet,,3,2004-03-09 00:00:00,2011-09-05 00:00:00,,4,2736,2736,99999
312252,112.12,D,V 22,,,300,,,16,2009-02-02 00:00:00,2022-10-24 00:00:00,2016-07-27 00:00:00,1,2732,2349,2725
301947,112.11,D,V 22,,,160,Somet,,2,2003-02-10 00:00:00,2010-08-03 00:00:00,,4,2731,2731,99999
37009,112.11,D,V 22,,,150,Somet,,3,1999-03-10 00:00:00,2006-08-28 00:00:00,,3,2728,2728,99999
41284,112.11,C,V 10,PSW-F,Montáž,150,,,4,2001-06-13 00:00:00,2008-12-01 00:00:00,,4,2728,2728,99999
305051,112.12,D,V 22,PKG,Hutě,160,Somet,,17,2005-08-08 00:00:00,2024-01-11 00:00:00,2013-01-25 00:00:00,1,2727,2228,2702
1001945,112.12,D,V 22,,,150,,,5,2009-05-22 00:00:00,2016-11-07 00:00:00,,2,2726,2726,99999
203292,112.11,D,V270,,,160,Somet,,2,1999-12-14 00:00:00,2007-06-01 00:00:00,,6,2726,2726,99999
1011768,112.12,D,V 22,PKG,Hutě,150,MITAKO,907,10,2012-12-19 00:00:00,2024-06-04 00:00:00,2020-06-04 00:00:00,1,2724,2147,2696
41706,112.12,D,V 29,,,150,Sylvac,,4,1999-05-06 00:00:00,2006-10-18 00:00:00,,,2722,2722,99999
203106,112.11,D,V270,,,150,Somet,,2,1998-04-28 00:00:00,2005-10-07 00:00:00,2005-10-07 00:00:00,6,2719,0,373
33243,112.12,D,V 22,,,300,Somet,,8,2001-01-30 00:00:00,2008-07-08 00:00:00,2008-07-08 00:00:00,1,2716,2319,2716
203180,112.11,D,V270,,,160,Somet,,2,1998-06-09 00:00:00,2005-11-14 00:00:00,,6,2715,2715,99999
33262,112.12,D,V 22,,,300,Somet,,7,2001-01-30 00:00:00,2008-07-07 00:00:00,2008-07-07 00:00:00,1,2715,2325,2715
311821,112.12,D,V 22,,,200,,907,5,2008-10-31 00:00:00,2016-04-04 00:00:00,2016-04-04 00:00:00,1,2712,1351,2694
1043243,112.12,D,V 22,,,150,Schut,906,3,2018-01-22 00:00:00,2025-06-24 00:00:00,2025-06-24 00:00:00,1,2710,2272,2651
1024680,112.12,C,V 22,PKT/23,Logistika,150,MITAKO,907,2,2016-02-11 00:00:00,2023-07-11 00:00:00,,4,2707,2707,99999
1029878,112.12,C,PSZ/3,PSZ/3,Údržba,150,,500,3,2017-08-28 00:00:00,2025-01-24 00:00:00,,3,2706,2706,99999
1014586,112.12,D,V 22,,,150,Somet,907,10,2013-06-19 00:00:00,2024-02-01 00:00:00,2020-11-12 00:00:00,1,2703,2312,2690
41690,112.12,D,V 10,,,150,Hommel,,4,2001-06-12 00:00:00,2008-11-05 00:00:00,,4,2703,2703,99999
44241,112.12,C,M6,,,160,Somet,14016458,4,2003-01-24 00:00:00,2010-06-15 00:00:00,,2,2699,2699,99999
31034,112.11,D,V 22,,,160,Somet,,6,2000-09-18 00:00:00,2008-02-06 00:00:00,,1,2697,2697,99999
1024694,112.11,D,V 22,PKG,Hutě,160,Somet,11016551,3,2016-02-11 00:00:00,2023-06-29 00:00:00,,2,2695,2695,99999
1030015,112.11,C,V160,PFO-P/11,Lisovna,160,,,2,2017-09-07 00:00:00,2025-01-22 00:00:00,,6,2694,2694,99999
1003927,112.12,C,V 22,PKP,Montáž,150,,907,11,2010-06-07 00:00:00,2024-10-22 00:00:00,2017-10-19 00:00:00,2,2691,1971,2683
306021,112.11,C,V160,,,150,Somet,,2,2005-11-16 00:00:00,2013-03-25 00:00:00,2013-03-25 00:00:00,6,2686,0,2692
46532,112.11,D,V 22,,,160,Somet,,4,2003-11-10 00:00:00,2011-03-16 00:00:00,,2,2683,2683,99999
38497,112.12,D,V 29,,,150,Mitutoyo,500,4,2001-01-26 00:00:00,2008-05-29 00:00:00,,,2680,2680,99999
1006119,112.12,D,V 22,,,150,MITAKO,907,8,2011-05-03 00:00:00,2018-08-31 00:00:00,,1,2677,2677,99999
1020532,112.12,C,V270,PF2-K,Údržba,150,MITAKO,,4,2014-11-14 00:00:00,2022-03-14 00:00:00,,4,2677,2677,99999
44244,112.12,C,M6,,,160,Somet,,5,2003-01-24 00:00:00,2010-05-24 00:00:00,2010-05-24 00:00:00,1,2677,2432,2656
1027511,112.12,B,V 22,PKH,Vedení,150,MITAKO,907,3,2016-12-07 00:00:00,2024-04-03 00:00:00,,3,2674,2674,99999
203269,112.11,D,V270,,,160,Somet,,2,1999-12-14 00:00:00,2007-04-05 00:00:00,2007-04-05 00:00:00,6,2669,0,903
203288,112.11,C,V270,PF2-K,Údržba,160,Somet,,2,1999-12-14 00:00:00,2007-04-04 00:00:00,,6,2668,2668,99999
1011401,112.12,D,VR/PKD/31,PKD/11,Obrábění,150,Mahr,,8,2012-11-12 00:00:00,2020-03-02 00:00:00,,1,2667,2667,99999
305077,112.11,D,V 22,,,150,Somet,,2,1999-01-25 00:00:00,2006-05-15 00:00:00,,4,2667,2667,99999
45344,112.11,D,V 31,PSW-P,Obrábění,600,,,3,2003-04-04 00:00:00,2010-07-23 00:00:00,2010-07-23 00:00:00,4,2667,1168,2619
1007356,112.12,D,V 22,,,150,,907,6,2011-10-13 00:00:00,2019-01-25 00:00:00,2019-01-25 00:00:00,1,2661,1778,2653
1023654,112.11,C,V270,PF1-K,Svařovna,160,Somet,,2,2015-10-02 00:00:00,2023-01-13 00:00:00,,6,2660,2660,99999
311228,112.12,C,V 31,PSW-P,Montáž,150,,14015459,4,2008-06-10 00:00:00,2015-09-21 00:00:00,,4,2659,2659,99999
43744,112.12,B,V 22,PKT/1,TK,160,Somet,14016458,24,2002-12-14 00:00:00,2025-03-20 00:00:00,2010-03-23 00:00:00,1,2656,2286,2626
1030735,112.11,C,V 22,PKT/21,Údržba,160,Somet,11016651,3,2017-11-22 00:00:00,2025-02-28 00:00:00,,3,2655,2655,99999
44928,112.11,D,V 31,PSW-P,Obrábění,150,Somet,,4,2003-02-19 00:00:00,2010-05-27 00:00:00,2010-05-27 00:00:00,4,2654,1176,2598
1023641,112.11,C,V160,PFO-P/31,Údržba,160,Somet,,2,2015-10-06 00:00:00,2023-01-10 00:00:00,,6,2653,2653,99999
307132,112.12,C,M6,,,160,Somet,14016458,5,2006-05-02 00:00:00,2013-08-05 00:00:00,,1,2652,2652,99999
1012222,112.12,C,VR/PKD/31,PKD/3,Údržba,150,FACOM,,3,2013-02-21 00:00:00,2020-05-25 00:00:00,2020-05-25 00:00:00,2,2650,1891,2656
46016,112.12,D,V 10,PSW-F,Obrábění,300,Somet,,4,2003-08-12 00:00:00,2010-11-11 00:00:00,,4,2648,2648,99999
46537,112.11,D,V 22,,,160,Somet,,5,2003-11-10 00:00:00,2011-02-08 00:00:00,2011-02-08 00:00:00,2,2647,1897,2633
1021047,112.12,B,V160,PFS-K/1,Vedení,150,Insize,,3,2015-01-30 00:00:00,2022-04-28 00:00:00,,4,2645,2645,99999
309490,112.12,B,VA30,PFS-K/4,Sklad,150,Kinex,,3,2007-09-18 00:00:00,2014-12-15 00:00:00,,5,2645,2645,99999
1018076,112.11,C,V270,PF2-K,Údržba,160,Somet,,2,2014-02-27 00:00:00,2021-05-19 00:00:00,,6,2638,2638,99999
1019380,112.12,D,V 22,,,150,Schut,906,10,2014-07-14 00:00:00,2024-06-05 00:00:00,2021-10-01 00:00:00,1,2636,1941,2626
44871,112.11,D,V 31,PSW-P,Obrábění,150,Somet,,3,2003-02-03 00:00:00,2010-04-23 00:00:00,,4,2636,2636,99999
1008075,112.12,D,V270,,,150,,,3,2012-01-27 00:00:00,2019-04-15 00:00:00,2019-04-15 00:00:00,4,2635,1333,2630
301956,112.11,D,V 22,,,160,Somet,,2,2003-02-10 00:00:00,2010-04-27 00:00:00,2010-04-27 00:00:00,3,2633,0,1912
43228,112.11,D,V 10,PSW-F,Obrábění,400,Somet,,3,2002-09-17 00:00:00,2009-12-02 00:00:00,,4,2633,2633,99999
30595,112.11,D,V 22,,,160,Somet,,8,2000-08-28 00:00:00,2007-11-12 00:00:00,,1,2632,2632,99999
30596,112.11,D,V 22,,,160,Somet,,8,2000-08-28 00:00:00,2007-11-12 00:00:00,,1,2632,2632,99999
30597,112.11,D,V 22,,,160,Somet,,8,2000-08-28 00:00:00,2007-11-12 00:00:00,,1,2632,2632,99999
30598,112.11,D,V 22,,,160,Somet,,8,2000-08-28 00:00:00,2007-11-12 00:00:00,,1,2632,2632,99999
30599,112.11,D,V 22,,,160,Somet,,8,2000-08-28 00:00:00,2007-11-12 00:00:00,,1,2632,2632,99999
30600,112.11,D,V 22,,,160,Somet,,8,2000-08-28 00:00:00,2007-11-12 00:00:00,,1,2632,2632,99999
30601,112.11,D,V 22,,,160,Somet,,8,2000-08-28 00:00:00,2007-11-12 00:00:00,,1,2632,2632,99999
45323,112.11,D,V 31,PSW-P,Obrábění,300,,,3,2002-11-12 00:00:00,2010-01-25 00:00:00,,4,2631,2631,99999
1043267,112.12,C,V 22,PKP,Montáž,150,MITAKO,907,5,2017-12-20 00:00:00,2025-03-03 00:00:00,,2,2630,2630,99999
44940,112.11,D,V 31,PSW-P,Obrábění,150,Somet,,4,2000-06-29 00:00:00,2007-09-10 00:00:00,,4,2629,2629,99999
1011444,112.12,D,VR/PKD/31,PKD/12,Obrábění,150,Mitutoyo,,6,2012-11-27 00:00:00,2023-12-18 00:00:00,2020-02-07 00:00:00,3,2628,1500,2618
305136,112.11,D,V 22,,,200,China,,3,2004-03-22 00:00:00,2011-06-02 00:00:00,,4,2628,2628,99999
33312,112.12,D,V 22,,,300,Somet,,3,2001-02-01 00:00:00,2008-04-08 00:00:00,2008-04-08 00:00:00,1,2623,2433,2623
41729,112.12,D,V 10,,,200,,,4,2001-02-15 00:00:00,2008-04-21 00:00:00,,4,2622,2622,99999
1030721,112.12,D,M6,PKM,Obrábění,150,MITAKO,907,7,2017-11-16 00:00:00,2025-01-16 00:00:00,,2,2618,2618,99999
1023644,112.11,C,V160,PFO-P/31,Údržba,160,Somet,,2,2015-10-06 00:00:00,2022-12-05 00:00:00,,6,2617,2617,99999
311225,112.12,C,V 10,PSW-F,Montáž,150,,14015459,3,2008-06-10 00:00:00,2015-08-10 00:00:00,2015-08-10 00:00:00,4,2617,1116,2596
311226,112.12,C,V 10,PSW-F,Montáž,150,,14015459,3,2008-06-10 00:00:00,2015-08-10 00:00:00,,4,2617,2617,99999
27433,112.12,D,V 22,,,200,Somet,14020459,3,2000-03-17 00:00:00,2007-05-15 00:00:00,,2,2615,2615,99999
203033,112.12,D,V270,,,150,Mitutoyo,500,2,1999-09-07 00:00:00,2006-11-03 00:00:00,,4,2614,2614,99999
309487,112.12,C,VA30,,,150,Kinex,,3,2007-09-18 00:00:00,2014-11-12 00:00:00,2014-11-12 00:00:00,5,2612,744,2612
309488,112.12,C,VA30,PF1-M,Údržba,150,Kinex,,3,2007-09-18 00:00:00,2014-11-12 00:00:00,2014-11-12 00:00:00,5,2612,744,2612
309491,112.12,C,VA30,PF1-M,Údržba,150,Kinex,,3,2007-09-18 00:00:00,2014-11-12 00:00:00,2014-11-12 00:00:00,5,2612,744,2612
1028574,112.12,C,M6,PKH,Montáž,300,MITAKO,907,6,2017-03-02 00:00:00,2024-04-24 00:00:00,,1,2610,2610,99999
201651,112.11,C,V260,,,300,China,,2,2003-11-14 00:00:00,2011-01-06 00:00:00,2011-01-06 00:00:00,5,2610,0,1808
1008546,112.11,D,V 22,,,160,Somet,11016551,4,2012-02-03 00:00:00,2019-03-27 00:00:00,,1,2609,2609,99999
1023725,112.12,C,VR/PKD/31,PKD/3,Údržba,150,Mitutoyo,,7,2015-09-17 00:00:00,2022-11-08 00:00:00,,5,2609,2609,99999
1043337,112.11,D,PSZ/3,PSZ/3,Obrábění,150,Kinex,,3,2018-03-29 00:00:00,2025-05-19 00:00:00,2025-05-19 00:00:00,3,2608,1471,2597
1043340,112.11,D,PSZ/3,PSZ/3,Obrábění,150,Kinex,,3,2018-03-29 00:00:00,2025-05-19 00:00:00,2025-05-19 00:00:00,3,2608,1471,2597
44934,112.11,D,V 31,PSW-P,Obrábění,150,Somet,,3,2003-02-25 00:00:00,2010-04-14 00:00:00,2010-04-14 00:00:00,4,2605,1122,2555
1043241,112.12,D,V 22,,,150,Schut,906,3,2018-01-22 00:00:00,2025-03-10 00:00:00,,1,2604,2604,99999
44950,112.11,D,V 31,PSW-P,Obrábění,150,,,3,2003-02-19 00:00:00,2010-04-07 00:00:00,,4,2604,2604,99999
44952,112.11,C,V 31,PSW-P,Montáž,150,,,3,2003-02-19 00:00:00,2010-04-07 00:00:00,,4,2604,2604,99999
304596,112.11,D,V 22,,,200,,,3,2004-04-22 00:00:00,2011-06-03 00:00:00,,4,2598,2598,99999
1015809,112.11,D,PSZ/3,,,160,,,4,2013-09-09 00:00:00,2020-10-19 00:00:00,2020-10-19 00:00:00,3,2597,1493,2595
1015815,112.11,C,PSZ/3,PSZ/3,Údržba,160,,,3,2013-09-09 00:00:00,2020-10-19 00:00:00,2020-10-19 00:00:00,3,2597,1493,2595
1023661,112.11,D,V270,,,160,Somet,,2,2015-10-02 00:00:00,2022-11-08 00:00:00,,6,2594,2594,99999
1005749,112.12,D,V 22,,,150,,907,7,2011-01-31 00:00:00,2018-03-08 00:00:00,,1,2593,2593,99999
33253,112.12,D,V 22,,,300,Somet,,7,2001-01-30 00:00:00,2008-03-06 00:00:00,2008-03-06 00:00:00,1,2592,1998,2592
45956,112.11,D,V 22,,,150,China,,7,2003-08-13 00:00:00,2010-09-17 00:00:00,2010-09-17 00:00:00,2,2592,1843,2593
1017375,112.12,C,V180,,,150,,,3,2013-12-06 00:00:00,2021-01-08 00:00:00,2021-01-08 00:00:00,4,2590,1069,2583
41750,112.12,D,V 10,PSW-F,Obrábění,200,Mitutoyo,,4,2002-09-13 00:00:00,2009-10-16 00:00:00,,4,2590,2590,99999
42176,112.12,D,V 31,PSW-P,Obrábění,160,Somet,,5,2002-10-01 00:00:00,2009-11-03 00:00:00,,4,2590,2590,99999
45343,112.11,D,V 31,PSW-P,Obrábění,600,,,3,2003-03-31 00:00:00,2010-05-01 00:00:00,,4,2588,2588,99999
310753,112.11,C,V160,,,160,,11016551,2,2008-03-15 00:00:00,2015-04-15 00:00:00,,6,2587,2587,99999
40902,112.12,B,PSW-T,PSW-T,TK,150,Mitutoyo,,4,2002-08-05 00:00:00,2009-09-04 00:00:00,,3,2587,2587,99999
29490,112.12,B,PSW-T,PSW-T,TK,600,Sylvac,,10,2002-08-06 00:00:00,2024-11-13 00:00:00,2009-09-04 00:00:00,3,2586,1483,3361
311427,112.12,D,V 10,,,600,Vogel,,2,2008-08-20 00:00:00,2015-09-17 00:00:00,,4,2584,2584,99999
1023658,112.11,C,V270,PF1-K,Údržba,160,Somet,,2,2015-10-02 00:00:00,2022-10-26 00:00:00,,6,2581,2581,99999
1023659,112.11,D,V270,,,160,Somet,,2,2015-10-02 00:00:00,2022-10-26 00:00:00,,6,2581,2581,99999
44931,112.11,D,V 31,PSW-P,Obrábění,150,Somet,,3,2003-03-21 00:00:00,2010-04-14 00:00:00,,4,2581,2581,99999
1030021,112.11,C,V160,PFO-P/31,Údržba,160,,,2,2017-09-07 00:00:00,2024-09-30 00:00:00,,6,2580,2580,99999
41454,112.11,D,V 10,PSW-F,Obrábění,300,China,,3,2001-06-12 00:00:00,2008-07-04 00:00:00,2008-07-04 00:00:00,4,2579,1086,2121
42353,112.11,D,V 29,,,160,Somet,,4,2002-09-25 00:00:00,2009-10-16 00:00:00,2009-10-16 00:00:00,4,2578,1093,2552
1016958,112.12,D,VR/PKD/31,PKD/12,Obrábění,150,Mitutoyo,500,8,2013-07-10 00:00:00,2020-07-30 00:00:00,,1,2577,2577,99999
1043481,112.12,D,V 22,PKH,Obrábění,150,Insize,1108-150,4,2018-04-26 00:00:00,2025-05-16 00:00:00,,2,2577,2577,99999
45108,112.11,,V 31,,,160,Somet,,3,2001-01-04 00:00:00,2008-01-25 00:00:00,,,2577,2577,99999
48260,112.12,D,V 10,PSW-F,Obrábění,200,Somet,,4,2004-10-26 00:00:00,2011-11-16 00:00:00,,4,2577,2577,99999
304845,112.11,D,V 22,,,150,Somet,,2,1999-01-25 00:00:00,2006-02-13 00:00:00,,4,2576,2576,99999
44465,112.11,D,V 29,,,250,Somet,,3,2001-01-04 00:00:00,2008-01-24 00:00:00,,,2576,2576,99999
44468,112.11,D,V 29,,,250,Somet,,3,2001-01-04 00:00:00,2008-01-24 00:00:00,,,2576,2576,99999
44469,112.11,D,V 29,,,250,Somet,,3,2001-01-04 00:00:00,2008-01-24 00:00:00,,,2576,2576,99999
309486,112.12,B,VA30,PFS-K/4,Sklad,150,Kinex,,3,2007-09-18 00:00:00,2014-10-06 00:00:00,,5,2575,2575,99999
309489,112.12,C,VA30,PF1-M,Údržba,150,Kinex,,3,2007-09-18 00:00:00,2014-10-06 00:00:00,,5,2575,2575,99999
309495,112.12,C,VA30,PF1-M,Údržba,150,Kinex,,3,2007-09-18 00:00:00,2014-10-06 00:00:00,2014-10-06 00:00:00,5,2575,743,2575
309496,112.12,C,VA30,PF1-M,Údržba,150,Kinex,,3,2007-09-18 00:00:00,2014-10-06 00:00:00,2014-10-06 00:00:00,5,2575,743,2575
309498,112.12,C,VA30,PF1-K,Svařovna,150,Kinex,,3,2007-09-18 00:00:00,2014-10-06 00:00:00,,5,2575,2575,99999
44967,112.11,D,V 31,PSW-P,Obrábění,150,China,,3,2003-03-27 00:00:00,2010-04-14 00:00:00,,4,2575,2575,99999
1003675,112.12,B,PSW-T,PSW-T,TK,150,Somet,,6,2010-04-22 00:00:00,2020-05-12 00:00:00,2017-05-09 00:00:00,3,2574,1448,2561
1042894,112.12,D,VR/PKD/31,PKD/12,Obrábění,150,Mitutoyo,500,4,2017-10-26 00:00:00,2024-11-12 00:00:00,,1,2574,2574,99999
41200,112.11,C,V 10,PSW-F,Montáž,150,Kinex,,5,2001-04-05 00:00:00,2008-04-21 00:00:00,,4,2573,2573,99999
1029699,112.12,B,VR/PKD/31,PKD/3,TK,150,Mitutoyo,,4,2017-04-21 00:00:00,2024-05-06 00:00:00,,3,2572,2572,99999
45025,112.11,D,V 31,PSW-P,Obrábění,150,Somet,,3,2001-05-15 00:00:00,2008-05-29 00:00:00,,4,2571,2571,99999
38451,112.11,C,M6,,,200,TESA,,7,2002-05-02 00:00:00,2017-01-18 00:00:00,2009-05-14 00:00:00,1,2569,1791,2556
41510,112.11,D,V 10,PSW-F,Obrábění,300,VIS,,3,2002-09-09 00:00:00,2009-09-21 00:00:00,,4,2569,2569,99999
44982,112.11,C,V 31,PSW-P,Montáž,150,Somet,,3,2003-01-14 00:00:00,2010-01-25 00:00:00,,4,2568,2568,99999
1043482,112.12,D,V 22,,,150,Insize,1108-150,7,2018-04-26 00:00:00,2025-05-06 00:00:00,,1,2567,2567,99999
45281,112.11,,V 31,,,250,Somet,,3,2001-10-03 00:00:00,2008-10-13 00:00:00,2008-10-13 00:00:00,,2567,1092,1978
45000,112.11,C,V 31,PSW-P,Montáž,150,Somet,,3,2001-04-27 00:00:00,2008-05-05 00:00:00,,4,2565,2565,99999
45085,112.11,D,V 31,PSW-P,Obrábění,160,Somet,,3,2001-09-11 00:00:00,2008-09-19 00:00:00,,4,2565,2565,99999
46255,112.12,D,V 22,PKG,Hutě,160,Somet,,17,2003-09-29 00:00:00,2024-09-10 00:00:00,2010-10-06 00:00:00,5,2564,2009,2560
46268,112.12,D,V 22,,,160,Somet,,15,2003-09-29 00:00:00,2019-06-12 00:00:00,2010-10-05 00:00:00,3,2563,2164,2559
41327,112.11,D,V 10,PSW-F,Obrábění,160,Somet,,4,2002-08-09 00:00:00,2009-08-14 00:00:00,,4,2562,2562,99999
42360,112.11,C,V 10,PSW-F,Montáž,160,Somet,,3,2002-09-30 00:00:00,2009-10-05 00:00:00,,4,2562,2562,99999
1007841,112.12,A,GQG-3,GQG-3,Kvalita,150,Kinex,,3,2012-01-24 00:00:00,2019-01-28 00:00:00,2019-01-28 00:00:00,2,2561,1816,2580
203361,112.11,D,V270,,,150,Somet,,2,1999-10-22 00:00:00,2006-10-25 00:00:00,2006-10-25 00:00:00,6,2560,0,736
1023699,112.12,B,V270,PF1/1,Provozní laboratoř,150,Insize,,3,2015-10-02 00:00:00,2022-10-03 00:00:00,,4,2558,2558,99999
40903,112.11,B,PSW-T,PSW-T,TK,150,Somet,,4,2002-08-05 00:00:00,2009-08-06 00:00:00,,3,2558,2558,99999
44470,112.11,,V 31,,,250,,,3,2002-01-18 00:00:00,2009-01-19 00:00:00,2009-01-19 00:00:00,,2558,1127,2145
309413,112.11,D,V270,,,160,Somet,11016551,2,2007-07-30 00:00:00,2014-07-28 00:00:00,,6,2555,2555,99999
310751,112.11,C,V160,,,160,,11016551,2,2008-03-25 00:00:00,2015-03-24 00:00:00,2015-03-24 00:00:00,6,2555,0,2545
31232,112.12,C,V 37,,,100,Sylvac,,5,2000-09-26 00:00:00,2007-10-16 00:00:00,2007-09-25 00:00:00,2,2555,1827,2555
203272,112.11,D,V270,,,160,Somet,,2,1999-12-14 00:00:00,2006-12-11 00:00:00,,6,2554,2554,99999
38506,112.12,D,V 29,,,150,Mitutoyo,500,4,2000-12-15 00:00:00,2007-12-13 00:00:00,,,2554,2554,99999
41682,112.12,D,V 10,,,150,Hommel,,3,2001-02-16 00:00:00,2008-02-14 00:00:00,,4,2554,2554,99999
41360,112.11,D,V 10,,,160,Somet,,3,2002-03-14 00:00:00,2009-03-10 00:00:00,,4,2553,2553,99999
1042822,112.11,C,V 22,PKG,Údržba,160,Somet,11016611,3,2018-01-12 00:00:00,2025-01-06 00:00:00,2025-01-06 00:00:00,3,2551,1368,2546
200435,112.11,C,VL10,,,150,Somet,,2,1998-01-19 00:00:00,2005-01-12 00:00:00,,6,2550,2550,99999
45283,112.11,,V 31,,,250,,,3,2003-03-25 00:00:00,2010-03-17 00:00:00,2010-03-17 00:00:00,4,2549,1101,2498
1029717,112.12,D,V 22,PKH,Obrábění,200,Mitutoyo,551,3,2017-08-08 00:00:00,2024-07-30 00:00:00,,1,2548,2548,99999
46096,112.11,D,V 31,PSW-P,Obrábění,150,Somet,,3,2003-09-02 00:00:00,2010-08-24 00:00:00,2010-08-24 00:00:00,4,2548,1119,2546
1005790,112.11,C,V160,,,160,,,2,2011-02-02 00:00:00,2018-01-23 00:00:00,,6,2547,2547,99999
1042895,112.12,C,VR/PKD/31,PKD/3,Údržba,150,Mitutoyo,500,4,2017-10-26 00:00:00,2024-10-16 00:00:00,,3,2547,2547,99999
1042898,112.12,D,VR/PKD/31,PKD/12,Obrábění,150,Mitutoyo,500,4,2017-10-26 00:00:00,2024-10-16 00:00:00,,1,2547,2547,99999
44835,112.11,D,V 31,PSW-P,Obrábění,120,,,3,2001-05-15 00:00:00,2008-05-05 00:00:00,,4,2547,2547,99999
44866,112.11,D,V 31,PSW-P,Obrábění,150,Somet,,3,2003-02-25 00:00:00,2010-02-15 00:00:00,2010-02-15 00:00:00,4,2547,1094,2505
31043,112.11,D,V 22,,,160,Somet,,5,2000-09-18 00:00:00,2007-09-07 00:00:00,,2,2545,2545,99999
42369,112.11,D,V 10,PSW-F,Obrábění,160,Somet,,3,2002-09-30 00:00:00,2009-09-18 00:00:00,,4,2545,2545,99999
203172,112.11,C,V270,PF1-K,Svařovna,160,Somet,,2,1999-11-16 00:00:00,2006-11-03 00:00:00,2006-11-03 00:00:00,6,2544,0,756
311990,112.11,D,V 22,,,160,Somet,,7,2008-12-01 00:00:00,2018-10-25 00:00:00,2015-11-19 00:00:00,5,2544,1810,2534
1043203,112.12,D,PSZ/3,,,300,Mitutoyo,,3,2017-12-04 00:00:00,2024-11-20 00:00:00,,3,2543,2543,99999
309563,112.12,C,M6,,,160,Somet,14016459,4,2007-09-10 00:00:00,2014-08-27 00:00:00,,2,2543,2543,99999
1025597,112.12,D,V 29,PSW-P,Obrábění,150,Filletta,,3,2016-05-31 00:00:00,2023-05-17 00:00:00,,4,2542,2542,99999
1030022,112.11,B,V160,PFO-P/1,Vedení,160,,,2,2017-09-07 00:00:00,2024-08-23 00:00:00,,6,2542,2542,99999
203373,112.11,D,V270,,,150,Somet,,2,1999-11-16 00:00:00,2006-10-25 00:00:00,2006-10-25 00:00:00,6,2535,0,736
306495,112.12,D,V 22,,,150,Mitutoyo,500,6,2006-01-10 00:00:00,2019-04-03 00:00:00,2012-12-19 00:00:00,3,2535,1393,2528
1021645,112.11,C,V160,PFO-P/31,Údržba,160,Somet,,3,2015-03-12 00:00:00,2022-02-17 00:00:00,,6,2534,2534,99999
309306,112.11,D,V 22,,,160,Somet,11016651,4,2007-07-19 00:00:00,2014-06-26 00:00:00,,2,2534,2534,99999
41359,112.11,C,V 10,PSW-F,Montáž,160,Somet,,3,2002-02-18 00:00:00,2009-01-26 00:00:00,,4,2534,2534,99999
44968,112.11,D,V 31,PSW-P,Obrábění,150,,,3,2003-02-17 00:00:00,2010-01-25 00:00:00,,4,2534,2534,99999
45005,112.11,D,V 31,PSW-P,Obrábění,150,Somet,,3,2001-05-28 00:00:00,2008-05-05 00:00:00,,4,2534,2534,99999
38600,112.11,D,V 29,PSW-V,Obrábění,250,Somet,,3,2002-03-21 00:00:00,2009-02-24 00:00:00,,4,2532,2532,99999
41550,112.11,D,V 10,PSW-F,Obrábění,160,Somet,,3,2002-08-09 00:00:00,2009-07-14 00:00:00,,4,2531,2531,99999
42388,112.11,C,V 31,PSW-P,Montáž,160,Somet,,3,2002-09-30 00:00:00,2009-09-04 00:00:00,,4,2531,2531,99999
45032,112.11,C,V 31,PSW-P,Montáž,150,Somet,,3,2002-11-29 00:00:00,2009-11-03 00:00:00,,4,2531,2531,99999
45324,112.11,D,V 31,PSW-P,Obrábění,300,,,3,2002-03-15 00:00:00,2009-02-16 00:00:00,2009-02-16 00:00:00,4,2530,1110,2098
41249,112.11,C,V 10,PSW-F,Montáž,150,Somet,,3,2001-03-14 00:00:00,2008-02-15 00:00:00,,4,2529,2529,99999
1015813,112.11,D,PSZ/3,,,160,,,3,2013-09-09 00:00:00,2020-08-11 00:00:00,,3,2528,2528,99999
1030728,112.12,C,M6,PKP,Montáž,150,MITAKO,907,7,2017-11-16 00:00:00,2024-10-18 00:00:00,,1,2528,2528,99999
41436,112.11,D,V 10,PSW-F,Obrábění,300,VIS,,3,2002-06-25 00:00:00,2009-05-26 00:00:00,,4,2527,2527,99999
41456,112.11,D,V 10,PSW-F,Obrábění,300,China,,3,2001-07-18 00:00:00,2008-06-18 00:00:00,,4,2527,2527,99999
42370,112.11,C,V 31,PSW-P,Montáž,160,Somet,,3,2002-09-30 00:00:00,2009-08-28 00:00:00,,4,2524,2524,99999
45284,112.11,C,V 29,PSW-P,Montáž,250,,,8,2003-03-21 00:00:00,2023-11-08 00:00:00,2010-02-15 00:00:00,4,2523,1074,2468
46538,112.11,D,V 22,,,160,Somet,,10,2003-11-10 00:00:00,2017-04-21 00:00:00,2010-10-07 00:00:00,2,2523,1800,2509
201132,112.11,C,V160,PFO-P/41,Lisovna,150,Somet,,2,1999-11-15 00:00:00,2006-10-11 00:00:00,,6,2522,2522,99999
1043358,112.12,D,VR/PKD/31,PKD/11,Obrábění,150,Mahr,,5,2018-03-13 00:00:00,2025-02-05 00:00:00,,1,2521,2521,99999
41443,112.11,B,V 10,PSW-S,Vedení,300,VIS,,3,2002-05-06 00:00:00,2009-03-31 00:00:00,,4,2521,2521,99999
306740,112.12,D,V 22,,,300,Somet,14030459,11,2006-02-24 00:00:00,2018-05-23 00:00:00,2013-01-18 00:00:00,1,2520,1671,2507
1021961,112.11,C,V160,PFO-P/31,Údržba,160,Somet,,2,2015-04-21 00:00:00,2022-03-14 00:00:00,,6,2519,2519,99999
1012709,112.12,D,PSZ/3,PSZ/3,Obrábění,150,,,3,2012-01-06 00:00:00,2018-11-28 00:00:00,2018-11-28 00:00:00,3,2518,1418,2076
44955,112.11,B,V 31,PSW-S,Vedení,150,,,3,2002-04-18 00:00:00,2009-03-10 00:00:00,,4,2518,2518,99999
1001705,112.12,C,V 10,PSW-F,Montáž,200,,,4,2009-04-16 00:00:00,2016-03-07 00:00:00,,4,2517,2517,99999
1023642,112.11,C,V160,PFO-P/31,Údržba,160,Somet,,2,2015-10-06 00:00:00,2022-08-26 00:00:00,,6,2516,2516,99999
203264,112.11,D,V270,,,160,Somet,,2,1999-12-14 00:00:00,2006-11-03 00:00:00,,6,2516,2516,99999
306261,112.11,C,V180,,,150,Somet,,2,2000-11-21 00:00:00,2007-10-08 00:00:00,2007-10-08 00:00:00,6,2512,0,672
311452,112.12,C,V 10,PSW-F,Montáž,300,,,5,2008-08-28 00:00:00,2019-10-16 00:00:00,2015-07-14 00:00:00,4,2511,1020,2499
42377,112.11,D,V 29,,,160,Somet,,3,2002-09-30 00:00:00,2009-08-13 00:00:00,2009-08-13 00:00:00,4,2509,1064,2488
45076,112.11,,V 31,,,160,Somet,,3,2002-08-09 00:00:00,2009-06-22 00:00:00,,4,2509,2509,99999
1029696,112.12,C,VR/PKD/31,PKD/3,Údržba,150,Mitutoyo,,3,2017-04-21 00:00:00,2024-03-01 00:00:00,,3,2506,2506,99999
203286,112.11,D,V270,,,160,Somet,,2,1999-12-14 00:00:00,2006-10-23 00:00:00,,6,2505,2505,99999
203121,112.11,D,V270,,,150,Somet,,2,1999-01-07 00:00:00,2005-11-15 00:00:00,2005-11-15 00:00:00,6,2504,0,406
203319,112.11,D,V270,,,150,China,,2,2000-02-01 00:00:00,2006-12-08 00:00:00,,,2502,2502,99999
45075,112.11,D,V 31,PSW-P,Obrábění,160,Somet,,3,2002-08-09 00:00:00,2009-06-15 00:00:00,2009-06-15 00:00:00,4,2502,1042,2239
203331,112.11,D,V270,,,150,Somet,,2,2000-02-08 00:00:00,2006-12-11 00:00:00,2006-12-11 00:00:00,6,2498,0,783
44996,112.11,D,V 31,PSW-P,Obrábění,150,Somet,,4,2003-04-16 00:00:00,2010-02-15 00:00:00,2010-02-15 00:00:00,4,2497,1048,2490
44475,112.11,D,V 31,PSW-P,Obrábění,300,,,3,2002-04-18 00:00:00,2009-02-16 00:00:00,,4,2496,2496,99999
45008,112.11,D,V 31,PSW-P,Obrábění,150,Somet,,3,2002-04-18 00:00:00,2009-02-16 00:00:00,,4,2496,2496,99999
203337,112.11,D,V270,,,150,Somet,,2,2000-02-08 00:00:00,2006-12-08 00:00:00,2006-12-08 00:00:00,6,2495,0,780
301943,112.11,D,V 22,,,160,Somet,,2,2003-02-10 00:00:00,2009-12-10 00:00:00,2009-12-10 00:00:00,4,2495,0,1774
203077,112.11,D,V270,,,400,Somet,,3,1998-05-20 00:00:00,2005-04-04 00:00:00,2005-03-17 00:00:00,6,2493,0,174
309562,112.12,C,M6,,,160,Somet,14016459,4,2007-09-10 00:00:00,2014-07-08 00:00:00,,2,2493,2493,99999
1021051,112.12,C,V160,,,150,Insize,,2,2015-01-30 00:00:00,2021-11-26 00:00:00,2021-11-26 00:00:00,4,2492,0,2487
45262,112.12,,V 31,,,150,HHW,,4,2002-02-04 00:00:00,2008-12-01 00:00:00,,4,2492,2492,99999
1017969,112.12,D,V270,,,150,MITAKO,,3,2014-02-18 00:00:00,2020-12-14 00:00:00,2020-12-14 00:00:00,4,2491,812,2485
45087,112.11,C,V 10,PSW-F,Montáž,160,Somet,,3,2001-09-11 00:00:00,2008-07-04 00:00:00,,4,2488,2488,99999
45088,112.11,D,V 31,PSW-P,Obrábění,160,Somet,,3,2001-09-11 00:00:00,2008-07-04 00:00:00,,4,2488,2488,99999
201739,112.11,C,V260,,,150,Somet,,3,2004-03-16 00:00:00,2011-01-06 00:00:00,2011-01-06 00:00:00,5,2487,679,1808
1009063,112.12,D,V 22,,,150,MITAKO,907,8,2012-04-25 00:00:00,2019-06-03 00:00:00,2019-02-13 00:00:00,4,2485,2043,2470
300928,112.11,,VR Výdejna,,,150,Somet,,3,2002-06-06 00:00:00,2009-03-25 00:00:00,,3,2484,2484,99999
30173,112.12,D,V 22,,,150,Somet,14015472,4,2000-07-27 00:00:00,2007-05-15 00:00:00,,2,2483,2483,99999
42358,112.11,C,V 10,PSW-F,Montáž,160,Somet,,3,2002-09-30 00:00:00,2009-07-15 00:00:00,,4,2480,2480,99999
1025301,112.12,C,VR/PKD/31,PKD/3,Údržba,150,Mitutoyo,,4,2016-05-27 00:00:00,2023-03-10 00:00:00,,3,2478,2478,99999
1025302,112.12,C,VR/PKD/31,PKD/3,Údržba,150,Mitutoyo,,4,2016-05-27 00:00:00,2023-03-10 00:00:00,,3,2478,2478,99999
3118821,112.12,D,VR/PKD/31,PKD/11,Obrábění,200,Mitutoyo,500,2,2017-11-29 00:00:00,2024-09-10 00:00:00,,1,2477,2477,99999
32854,112.12,D,V 22,,,150,Somet,,7,2000-12-01 00:00:00,2007-09-13 00:00:00,2007-09-13 00:00:00,1,2477,1999,2464
203340,112.11,D,V270,,,150,Somet,,2,2001-06-20 00:00:00,2008-03-31 00:00:00,2008-03-31 00:00:00,6,2476,0,1259
41480,112.11,D,V 10,PSW-F,Obrábění,300,,,4,2002-08-15 00:00:00,2009-05-26 00:00:00,,4,2476,2476,99999
1025300,112.12,C,VR/PKD/31,PKD/3,Údržba,150,Mitutoyo,,4,2016-05-30 00:00:00,2023-03-10 00:00:00,,3,2475,2475,99999
304802,112.12,C,V180,,,150,Mitutoyo,,3,2005-05-20 00:00:00,2012-02-28 00:00:00,2012-02-28 00:00:00,4,2475,1502,2381
42193,112.12,C,V 29,PSW-V,Montáž,160,Somet,,4,2002-10-01 00:00:00,2009-07-09 00:00:00,,4,2473,2473,99999
308293,112.12,C,M6,,,160,Somet,14016458,4,2007-01-09 00:00:00,2013-10-16 00:00:00,,2,2472,2472,99999
41401,112.11,C,V 10,PSW-F,Montáž,160,Somet,,3,2001-09-11 00:00:00,2008-06-18 00:00:00,,4,2472,2472,99999
310552,112.12,D,V 22,,,300,Somet,14030459,15,2008-02-08 00:00:00,2025-07-02 00:00:00,2014-11-14 00:00:00,1,2471,2043,2444
48126,112.12,D,V 22,,,160,Somet,14016458,6,2004-09-14 00:00:00,2011-06-20 00:00:00,2011-06-20 00:00:00,1,2470,2079,2454
1016095,112.11,C,V 22,PKG,Údržba,160,Somet,11016611,2,2013-08-30 00:00:00,2020-06-02 00:00:00,,5,2468,2468,99999
1025298,112.12,A,VR/GQH,GQH-2,Kvalita,150,Mitutoyo,500,5,2016-06-01 00:00:00,2023-03-03 00:00:00,,3,2466,2466,99999
1042848,112.12,C,PSZ/3,PSZ/3,Údržba,150,,500,3,2018-01-22 00:00:00,2024-10-22 00:00:00,,3,2465,2465,99999
1043245,112.12,D,V 22,,,150,Schut,906,3,2018-01-22 00:00:00,2025-03-03 00:00:00,2024-10-21 00:00:00,1,2464,0,2405
41723,112.12,B,V 10,PSW-S,Vedení,200,Mitutoyo,,10,2001-10-05 00:00:00,2008-07-04 00:00:00,,4,2464,2464,99999
3105950,112.12,D,PSZ/3,PSZ/3,Obrábění,150,Mitutoyo,,3,2018-08-21 00:00:00,2025-05-19 00:00:00,,3,2463,2463,99999
201986,112.12,D,V270,,,150,Mitutoyo,500,3,2004-05-20 00:00:00,2011-02-15 00:00:00,2011-02-15 00:00:00,4,2462,1513,2463
310300,112.11,D,V 22,,,160,Somet,11016651,3,2007-12-20 00:00:00,2014-09-16 00:00:00,,3,2462,2462,99999
1012195,112.12,D,VR/PKD/31,,,150,Kinex,,5,2012-11-27 00:00:00,2019-08-23 00:00:00,,3,2460,2460,99999
203339,112.11,C,V270,PF1-K,Údržba,150,Somet,,2,2000-02-01 00:00:00,2006-10-25 00:00:00,2006-10-25 00:00:00,6,2458,0,736
203342,112.11,D,V270,,,150,Somet,,2,2000-02-01 00:00:00,2006-10-25 00:00:00,2006-10-25 00:00:00,6,2458,0,736
203350,112.11,C,V270,PF1-K,Údržba,150,Somet,,2,2000-02-01 00:00:00,2006-10-25 00:00:00,2006-10-25 00:00:00,6,2458,0,736
203357,112.11,D,V270,,,150,Somet,,2,2000-02-01 00:00:00,2006-10-23 00:00:00,2006-10-23 00:00:00,6,2456,0,734
39692,112.11,D,V 29,,,150,Somet,,3,2001-10-19 00:00:00,2008-07-09 00:00:00,,4,2455,2455,99999
203344,112.11,D,V270,,,150,Somet,,2,2000-02-04 00:00:00,2006-10-23 00:00:00,2006-10-23 00:00:00,6,2453,0,734
38468,112.11,D,V 29,,,160,Somet,,4,2001-09-11 00:00:00,2008-05-29 00:00:00,,4,2452,2452,99999
1043272,112.12,D,V 22,PKG,Hutě,150,MITAKO,907,6,2017-12-20 00:00:00,2024-09-05 00:00:00,,1,2451,2451,99999
44970,112.11,D,V 31,PSW-P,Obrábění,150,China,,3,2003-01-23 00:00:00,2009-10-09 00:00:00,,4,2451,2451,99999
3105547,112.12,C,VR/PKD/31,PKD/3,Údržba,150,Mitutoyo,500,5,2018-07-03 00:00:00,2025-03-17 00:00:00,,5,2449,2449,99999
1030014,112.11,C,V160,PFO-P/21,Údržba,160,,,2,2017-09-07 00:00:00,2024-05-21 00:00:00,,6,2448,2448,99999
304940,112.11,C,V180,,,150,Hommel,,3,2004-10-14 00:00:00,2011-06-28 00:00:00,,6,2448,2448,99999
1023647,112.11,C,V160,PFO-P/21,Údržba,160,Somet,,2,2015-10-06 00:00:00,2022-06-15 00:00:00,,6,2444,2444,99999
1016109,112.12,B,M6,PKT/1,TK,150,MITAKO,907,8,2013-08-30 00:00:00,2022-04-06 00:00:00,2020-05-05 00:00:00,4,2440,2013,2416
306869,112.12,D,V 22,,,200,Schut,,4,2006-03-30 00:00:00,2012-11-29 00:00:00,,2,2436,2436,99999
1043601,112.12,C,M6,PKP,Montáž,300,MITAKO,907,4,2018-05-15 00:00:00,2025-01-13 00:00:00,2025-01-13 00:00:00,2,2435,1646,2432
41345,112.11,D,V 10,PSW-F,Obrábění,200,,,4,2000-02-28 00:00:00,2006-10-27 00:00:00,,4,2433,2433,99999
1029697,112.12,C,VR/PKD/31,PKD/3,Údržba,150,Mitutoyo,,5,2017-04-21 00:00:00,2023-12-18 00:00:00,,3,2432,2432,99999
305587,112.12,D,V 29,PSW-V,Obrábění,160,Somet,14016458,3,2005-09-27 00:00:00,2012-05-25 00:00:00,2012-05-25 00:00:00,4,2432,975,2417
1043236,112.12,D,V 22,PKG,Hutě,200,Schut,906,2,2018-01-21 00:00:00,2024-09-17 00:00:00,,1,2431,2431,99999
311070,112.11,C,M6,,,150,Mitutoyo,530,4,2008-05-19 00:00:00,2015-01-14 00:00:00,,2,2431,2431,99999
1023638,112.11,C,V160,,,160,Somet,,2,2015-10-06 00:00:00,2022-05-31 00:00:00,2022-05-31 00:00:00,6,2429,0,2414
38471,112.11,D,V 10,,,250,Somet,,3,2001-01-04 00:00:00,2007-08-28 00:00:00,2007-08-28 00:00:00,4,2427,1140,1931
33475,112.11,D,V 22,,,160,Somet,,5,2000-06-10 00:00:00,2007-01-31 00:00:00,,5,2426,2426,99999
43212,112.11,C,V 10,PSW-F,Montáž,160,Somet,,5,2002-08-09 00:00:00,2009-03-31 00:00:00,,4,2426,2426,99999
1028304,112.12,A,GQG-1,GQG-1,Kvalita,150,Würth,,4,2017-02-15 00:00:00,2023-10-05 00:00:00,,3,2423,2423,99999
1002143,112.11,D,V270,,,160,Somet,,2,2009-07-07 00:00:00,2016-02-22 00:00:00,2016-02-22 00:00:00,6,2421,0,2419
1030019,112.11,C,V160,PFO-P/21,Údržba,160,,,2,2017-09-07 00:00:00,2024-04-23 00:00:00,,6,2420,2420,99999
1012535,112.12,D,V 22,,,300,,1118-300,3,2013-03-11 00:00:00,2019-10-25 00:00:00,2019-10-25 00:00:00,4,2419,695,2417
1028300,112.12,A,GQG-1,GQG-1,Kvalita,150,Würth,,4,2017-02-21 00:00:00,2023-10-05 00:00:00,2023-10-05 00:00:00,2,2417,1550,2425
1016209,112.12,D,VR/PKD/31,PKD/11,Obrábění,200,Mitutoyo,500,3,2013-09-24 00:00:00,2020-05-06 00:00:00,,3,2416,2416,99999
1007049,112.12,D,V 22,,,300,,,3,2011-09-08 00:00:00,2018-04-17 00:00:00,,3,2413,2413,99999
1042823,112.12,D,PSZ/3,,,150,,,3,2018-01-17 00:00:00,2024-08-26 00:00:00,,3,2413,2413,99999
311981,112.12,C,V 10,PSW-F,Montáž,200,,,3,2008-12-04 00:00:00,2015-07-14 00:00:00,2015-07-14 00:00:00,4,2413,922,2406
1007943,112.12,D,V 22,,,150,Somet,907,6,2012-01-06 00:00:00,2018-08-13 00:00:00,,1,2411,2411,99999
301946,112.11,D,V 22,,,160,Somet,,2,2003-02-10 00:00:00,2009-09-14 00:00:00,2009-09-14 00:00:00,4,2408,0,1687
1024695,112.11,C,V 22,PKG,Údržba,160,Somet,11016551,3,2016-02-11 00:00:00,2022-09-13 00:00:00,,4,2406,2406,99999
33990,112.12,C,M6,,,150,Somet,,5,2001-03-23 00:00:00,2007-10-24 00:00:00,2007-10-24 00:00:00,1,2406,2029,2407
1027636,112.11,C,V 22,PKT/2,Údržba,70,Insize,1204-70,2,2016-12-12 00:00:00,2023-07-14 00:00:00,,4,2405,2405,99999
1021963,112.11,C,V160,PFO-P/21,Údržba,160,Somet,,2,2015-04-21 00:00:00,2021-11-18 00:00:00,,6,2403,2403,99999
201038,112.11,C,V160,,,150,Somet,,2,2000-03-15 00:00:00,2006-10-11 00:00:00,,6,2401,2401,99999
33303,112.12,C,M6,,,300,Somet,,4,2001-02-01 00:00:00,2007-08-30 00:00:00,2007-08-30 00:00:00,1,2401,1079,2401
1021776,112.12,B,EM,,,300,Mitutoyo,500,7,2015-04-16 00:00:00,2024-02-05 00:00:00,2021-11-08 00:00:00,2,2398,1687,2404
200571,112.12,C,VA30,,,150,Sylvac,,3,2001-12-14 00:00:00,2008-07-07 00:00:00,,5,2397,2397,99999
310419,112.12,D,V 22,,,150,Somet,907,5,2008-02-01 00:00:00,2015-02-04 00:00:00,2014-08-25 00:00:00,1,2397,1806,2384
1013439,112.12,D,VR/PKD/31,PKD/11,Obrábění,150,Mahr,,6,2013-01-21 00:00:00,2019-08-14 00:00:00,2019-08-14 00:00:00,1,2396,1963,2280
301955,112.11,D,V 22,,,160,Somet,,3,2003-02-10 00:00:00,2009-09-02 00:00:00,,1,2396,2396,99999
1018269,112.12,D,V 22,,,150,,907,5,2014-03-27 00:00:00,2020-10-16 00:00:00,,1,2395,2395,99999
35493,112.12,D,V 22,,,150,Somet,,5,2001-07-18 00:00:00,2008-02-05 00:00:00,2008-02-05 00:00:00,2,2393,1339,2372
1003563,112.11,D,V270,,,160,Somet,,2,2010-04-02 00:00:00,2016-10-18 00:00:00,2016-10-18 00:00:00,6,2391,0,2378
1030017,112.11,C,V160,PFO-P/31,Údržba,160,,,2,2017-09-07 00:00:00,2024-03-25 00:00:00,,6,2391,2391,99999
1008240,112.11,C,V160,,,160,,,2,2012-02-07 00:00:00,2018-08-24 00:00:00,,6,2390,2390,99999
1004603,112.11,D,V270,,,160,Somet,,2,2010-09-06 00:00:00,2017-03-22 00:00:00,2017-03-22 00:00:00,6,2389,0,2386
308792,112.11,D,V270,,,160,Somet,11016511,3,2007-03-07 00:00:00,2013-09-20 00:00:00,2013-09-20 00:00:00,6,2389,163,2369
305500,112.11,D,V 31,PSW-P,Obrábění,160,Somet,,4,2005-09-05 00:00:00,2012-03-19 00:00:00,2012-03-19 00:00:00,4,2387,959,2363
1022917,112.12,D,V 22,,,150,Mahr,16ER,6,2015-08-27 00:00:00,2022-07-28 00:00:00,2022-03-08 00:00:00,1,2385,1756,2377
1030560,112.12,D,V 22,PKG,Hutě,150,MITAKO,907,8,2017-10-31 00:00:00,2024-09-10 00:00:00,2024-05-10 00:00:00,1,2383,1934,2377
1012749,112.12,D,PSZ/3,PSZ/3,Obrábění,300,,,4,2012-10-17 00:00:00,2019-04-23 00:00:00,2019-04-23 00:00:00,3,2379,1288,2222
306812,112.12,D,V 22,,,300,Somet,16030469,4,2006-03-09 00:00:00,2012-09-11 00:00:00,2012-09-11 00:00:00,2,2378,1608,2366
35659,112.11,D,V 22,,,400,Somet,,7,2001-09-03 00:00:00,2008-03-06 00:00:00,2008-03-06 00:00:00,1,2376,1954,2382
1008237,112.11,C,V160,,,160,,,2,2012-02-07 00:00:00,2018-08-09 00:00:00,,6,2375,2375,99999
1013886,112.11,D,PSZ/3,PSZ/3,Obrábění,,Mitutoyo,,3,2013-06-18 00:00:00,2019-12-19 00:00:00,2019-12-19 00:00:00,0,2375,1109,2376
1043356,112.12,D,VR/PKD/31,PKD/11,Obrábění,150,Mahr,,5,2018-03-13 00:00:00,2024-09-10 00:00:00,,1,2373,2373,99999
1008235,112.11,C,V160,,,160,,,2,2012-02-07 00:00:00,2018-08-06 00:00:00,2018-08-06 00:00:00,6,2372,0,2356
1008239,112.11,C,V160,,,160,,,2,2012-02-07 00:00:00,2018-08-06 00:00:00,2018-08-06 00:00:00,6,2372,0,2356
308767,112.11,D,V 22,,,160,Somet,11016651,5,2007-03-15 00:00:00,2013-11-25 00:00:00,2013-09-10 00:00:00,2,2371,1610,2359
1030020,112.11,C,V160,PFO-P/21,Údržba,160,,,2,2017-09-07 00:00:00,2024-03-04 00:00:00,,6,2370,2370,99999
43326,112.11,D,V 22,,,160,Somet,,5,2002-11-15 00:00:00,2009-05-12 00:00:00,,2,2370,2370,99999
309226,112.12,D,V 22,,,150,Mitutoyo,500,5,2007-07-24 00:00:00,2014-01-16 00:00:00,,2,2368,2368,99999
41777,112.12,D,V 10,PSW-F,Obrábění,300,Mitutoyo,,4,2002-09-17 00:00:00,2009-03-12 00:00:00,2009-03-12 00:00:00,4,2368,944,2358
309225,112.12,D,V 22,,,150,Mitutoyo,500,5,2007-07-24 00:00:00,2014-01-15 00:00:00,,2,2367,2367,99999
1029468,112.12,D,V 22,,,200,Schut,906,4,2017-06-08 00:00:00,2023-11-29 00:00:00,,2,2365,2365,99999
1023655,112.11,C,V270,PF1-K,Údržba,160,Somet,,2,2015-10-02 00:00:00,2022-03-21 00:00:00,,6,2362,2362,99999
1012684,112.12,D,PSZ/3,PSZ/3,Obrábění,150,,,3,2013-04-17 00:00:00,2019-10-04 00:00:00,2019-10-04 00:00:00,3,2361,1106,2386
305050,112.12,D,V 22,PKG,Obrábění,160,Somet,,19,2005-08-08 00:00:00,2024-06-21 00:00:00,2012-01-24 00:00:00,1,2360,1913,2335
1023916,112.12,C,V160,PFO-P/21,Údržba,150,,,2,2015-11-12 00:00:00,2022-04-28 00:00:00,,4,2359,2359,99999
1018081,112.11,D,V270,,,160,Somet,,2,2014-02-27 00:00:00,2020-08-10 00:00:00,2020-08-10 00:00:00,6,2356,0,2350
1029310,112.12,D,V 22,PKG,Hutě,150,MITAKO,907,8,2017-05-23 00:00:00,2024-06-06 00:00:00,2023-11-03 00:00:00,1,2355,1932,2339
1043355,112.12,D,VR/PKD/31,PKD/12,Obrábění,150,Mahr,,5,2018-03-13 00:00:00,2024-08-21 00:00:00,,1,2353,2353,99999
1003569,112.11,D,V270,,,160,Somet,,2,2010-04-02 00:00:00,2016-09-09 00:00:00,,6,2352,2352,99999
1030154,112.12,C,V270,PF1-K,Údržba,150,KMITEX,,3,2017-09-12 00:00:00,2024-02-20 00:00:00,,2,2352,2352,99999
309371,112.11,D,V270,,,160,Somet,11016551,2,2007-07-31 00:00:00,2014-01-07 00:00:00,2014-01-07 00:00:00,6,2352,0,2325
310750,112.11,C,V160,,,160,,11016551,2,2008-03-25 00:00:00,2014-09-02 00:00:00,2014-09-02 00:00:00,6,2352,0,2342
1023643,112.11,C,V160,PFO-P/31,Údržba,160,Somet,,2,2015-10-06 00:00:00,2022-03-14 00:00:00,,6,2351,2351,99999
305601,112.11,C,V180,,,160,Somet,11016551,2,2005-09-22 00:00:00,2012-02-28 00:00:00,,6,2350,2350,99999
41411,112.11,D,V 10,PSW-F,Obrábění,200,,,3,2002-02-18 00:00:00,2008-07-25 00:00:00,2008-07-25 00:00:00,4,2349,729,2143
1003865,112.12,C,M6,,,150,,,7,2010-06-03 00:00:00,2016-11-02 00:00:00,,1,2344,2344,99999
1011973,112.11,C,V160,,,160,,,2,2013-01-24 00:00:00,2019-06-26 00:00:00,,6,2344,2344,99999
1021954,112.11,C,V160,PFO-P/21,Údržba,160,Somet,,2,2015-04-21 00:00:00,2021-09-20 00:00:00,,6,2344,2344,99999
202368,112.11,C,V160,,,200,Somet,,2,1999-11-12 00:00:00,2006-04-12 00:00:00,,6,2343,2343,99999
1042811,112.12,D,PSZ/3,,,150,,,3,2018-01-16 00:00:00,2024-06-14 00:00:00,,3,2341,2341,99999
1027077,112.12,C,PSZ/3,PSZ/3,Údržba,150,Mitutoyo,500,3,2016-10-18 00:00:00,2023-03-16 00:00:00,,3,2340,2340,99999
1042810,112.12,C,PSZ/3,PSZ/3,Údržba,150,,,3,2018-01-16 00:00:00,2024-06-13 00:00:00,,3,2340,2340,99999
1030018,112.11,C,V160,PFO-P/21,Údržba,160,,,2,2017-09-07 00:00:00,2024-02-02 00:00:00,,6,2339,2339,99999
1002898,112.12,C,M6,,,150,,,4,2009-11-11 00:00:00,2016-04-06 00:00:00,2016-04-06 00:00:00,1,2338,2226,2322
1027897,112.12,D,V 22,,,150,TESA,00539390,4,2017-01-04 00:00:00,2023-05-31 00:00:00,2023-05-31 00:00:00,2,2338,1562,2330
1030719,112.12,C,M6,,,150,MITAKO,907,4,2017-11-16 00:00:00,2024-04-11 00:00:00,,2,2338,2338,99999
310360,112.12,D,V270,,,150,,14015459,3,2008-02-01 00:00:00,2014-06-27 00:00:00,2014-06-27 00:00:00,4,2338,798,2331
3106225,112.12,D,V 22,,,150,Insize,1108-150,6,2019-01-29 00:00:00,2025-06-23 00:00:00,,1,2337,2337,99999
309460,112.12,C,M6,,,150,,300.0520,7,2007-09-10 00:00:00,2015-11-10 00:00:00,2014-01-29 00:00:00,1,2333,1592,2333
3117031,112.12,A,GQG-3,GQG-3,Kvalita,150,Retech,,3,2018-07-23 00:00:00,2024-12-09 00:00:00,,2,2331,2331,99999
3105736,112.12,C,VK20,,,150,Würth,,2,2018-11-30 00:00:00,2025-04-17 00:00:00,,4,2330,2330,99999
1006521,112.12,D,V 22,PKG,Hutě,150,,906,12,2011-06-03 00:00:00,2024-06-05 00:00:00,2017-10-18 00:00:00,1,2329,1910,2304
1029877,112.12,D,PSZ/3,PSZ/3,Obrábění,150,,,3,2017-08-24 00:00:00,2024-01-09 00:00:00,,3,2329,2329,99999
304985,112.11,C,V160,,,150,Hommel,31007,3,2003-07-16 00:00:00,2009-11-30 00:00:00,,6,2329,2329,99999
307339,112.11,D,V 22,,,160,Somet,,4,2006-06-06 00:00:00,2012-10-16 00:00:00,,2,2324,2324,99999
307834,112.12,C,V 37,,,160,Somet,14016459,4,2006-09-18 00:00:00,2013-01-28 00:00:00,,2,2324,2324,99999
306258,112.11,C,V180,PFO-P/21,Údržba,150,Somet,,2,1999-11-16 00:00:00,2006-03-27 00:00:00,2006-03-27 00:00:00,6,2323,0,112
1002844,112.12,D,V270,,,150,,,3,2009-10-23 00:00:00,2016-03-02 00:00:00,2016-03-02 00:00:00,4,2322,1595,2301
1012214,112.12,C,VR/PKD/31,PKD/3,Údržba,150,FACOM,,4,2013-02-20 00:00:00,2019-07-01 00:00:00,2019-07-01 00:00:00,2,2322,1533,2327
202293,112.11,C,V160,,,150,Somet,,2,1999-12-09 00:00:00,2006-04-18 00:00:00,2006-04-18 00:00:00,6,2322,0,641
1026231,112.12,A,GQD-2,,,300,Mitutoyo,,4,2016-06-27 00:00:00,2022-11-02 00:00:00,,2,2319,2319,99999
1042897,112.12,C,VR/PKD/31,PKD/3,Údržba,150,Mitutoyo,500,5,2017-10-26 00:00:00,2024-03-01 00:00:00,,3,2318,2318,99999
29842,112.12,D,V 22,,,150,Mitutoyo,500,7,2000-07-11 00:00:00,2006-11-15 00:00:00,,1,2318,2318,99999
203165,112.11,D,V270,,,150,Somet,,2,2001-11-26 00:00:00,2008-03-31 00:00:00,2008-03-31 00:00:00,6,2317,0,1271
3106256,112.12,B,EM,,,600,Mitutoyo,500,5,2019-01-25 00:00:00,2025-06-16 00:00:00,2025-05-30 00:00:00,2,2317,1445,2311
1018079,112.11,D,V270,,,160,Somet,,2,2014-02-27 00:00:00,2020-07-01 00:00:00,2020-07-01 00:00:00,6,2316,0,2310
202302,112.11,C,V160,PFO-P/21,Údržba,150,Somet,,2,2002-10-03 00:00:00,2009-02-04 00:00:00,2009-02-04 00:00:00,6,2316,0,1664
1021960,112.11,C,V160,PFO-P/31,Údržba,160,Somet,,2,2015-04-21 00:00:00,2021-08-20 00:00:00,,6,2313,2313,99999
203190,112.11,D,V270,,,160,Somet,,2,2001-04-18 00:00:00,2007-08-17 00:00:00,2007-08-17 00:00:00,6,2312,0,1043
1025672,112.11,D,PSZ/3,PSZ/3,Obrábění,150,,,3,2016-06-14 00:00:00,2022-10-12 00:00:00,,3,2311,2311,99999
1030153,112.12,B,V270,PF2/1,Provozní laboratoř,150,KMITEX,,3,2017-09-12 00:00:00,2024-01-10 00:00:00,,4,2311,2311,99999
307334,112.11,D,V 22,,,160,Somet,,4,2006-06-06 00:00:00,2012-10-03 00:00:00,,2,2311,2311,99999
41375,112.11,C,V 10,PSW-F,Montáž,160,Somet,,3,2000-03-21 00:00:00,2006-07-18 00:00:00,,4,2310,2310,99999
1016411,112.11,D,V 22,,,160,Somet,11016611,4,2013-10-08 00:00:00,2020-07-17 00:00:00,2020-02-03 00:00:00,5,2309,1197,2307
200666,112.12,D,V270,,,150,Mitutoyo,500,5,2004-02-26 00:00:00,2010-06-23 00:00:00,2010-06-23 00:00:00,4,2309,1882,2276
307938,112.11,C,M6,,,160,Somet,11016511,3,2006-09-26 00:00:00,2013-01-18 00:00:00,,4,2306,2306,99999
1006095,112.12,D,V 22,,,150,MITAKO,907,7,2011-05-03 00:00:00,2017-11-13 00:00:00,2017-08-23 00:00:00,1,2304,1822,2298
17948,112.12,C,M6,,,150,Mitutoyo,500,4,2000-12-06 00:00:00,2007-03-29 00:00:00,2007-03-29 00:00:00,,2304,1562,3062
201149,112.11,C,V160,,,150,,,2,2002-10-14 00:00:00,2009-02-03 00:00:00,,6,2304,2304,99999
203355,112.11,D,V270,,,150,Somet,,2,2001-06-20 00:00:00,2007-10-08 00:00:00,,6,2301,2301,99999
200669,112.11,D,V270,,,150,Somet,,2,2003-03-13 00:00:00,2009-06-29 00:00:00,,0,2300,2300,99999
1043244,112.12,D,V 22,PKG,Hutě,150,Schut,906,2,2018-01-22 00:00:00,2024-05-09 00:00:00,,1,2299,2299,99999
1005746,112.12,D,V 22,,,150,,907,5,2011-02-02 00:00:00,2017-05-18 00:00:00,,2,2297,2297,99999
29834,112.12,D,V 22,,,150,Mitutoyo,500,7,2000-07-11 00:00:00,2006-10-25 00:00:00,,1,2297,2297,99999
1029985,112.12,C,V160,,,150,Kinex,,3,2017-09-06 00:00:00,2023-12-20 00:00:00,2023-12-20 00:00:00,4,2296,1857,2288
1016939,112.11,C,V270,PF1-K,Svařovna,160,Somet,,2,2013-11-06 00:00:00,2020-02-18 00:00:00,,6,2295,2295,99999
311373,112.11,D,V 22,,,160,Somet,,4,2008-07-29 00:00:00,2014-11-06 00:00:00,,2,2291,2291,99999
39013,112.11,D,V 22,,,160,Somet,,3,2002-05-29 00:00:00,2008-09-05 00:00:00,,2,2291,2291,99999
1030749,112.12,D,V 10,PSW-F,Obrábění,300,,,5,2017-12-13 00:00:00,2024-05-16 00:00:00,2024-03-21 00:00:00,4,2290,1932,2305
308791,112.11,D,V270,,,160,Somet,11016511,2,2007-03-07 00:00:00,2013-06-13 00:00:00,2013-06-13 00:00:00,6,2290,0,2270
308806,112.11,D,V270,,,160,Somet,11016511,2,2007-03-07 00:00:00,2013-06-13 00:00:00,2013-06-13 00:00:00,6,2290,0,2270
306914,112.12,C,VK20,,,150,Mitutoyo,500,3,2006-03-13 00:00:00,2012-06-18 00:00:00,,4,2289,2289,99999
3105842,112.12,D,V 22,PKG,Hutě,150,Schut,906,5,2018-11-30 00:00:00,2025-03-07 00:00:00,,1,2289,2289,99999
3105849,112.12,D,V 22,,,150,Insize,1112-150,4,2018-11-30 00:00:00,2025-03-07 00:00:00,,1,2289,2289,99999
1008236,112.11,C,V160,,,160,,,2,2012-02-07 00:00:00,2018-05-14 00:00:00,,6,2288,2288,99999
1025304,112.12,D,VR/PKD/31,,,150,Mitutoyo,500,5,2016-05-27 00:00:00,2022-08-31 00:00:00,,3,2287,2287,99999
1004606,112.11,D,V270,,,160,Somet,,2,2010-09-06 00:00:00,2016-12-09 00:00:00,,6,2286,2286,99999
304955,112.11,C,V180,,,160,Somet,,2,2000-11-24 00:00:00,2007-02-26 00:00:00,,6,2285,2285,99999
1027070,112.12,C,PSZ/3,PSZ/3,Údržba,150,Mitutoyo,500,3,2016-10-18 00:00:00,2023-01-18 00:00:00,2023-01-18 00:00:00,3,2283,1178,2267
1011935,112.12,C,PSZ/3,PSZ/3,Údržba,160,HHW,,3,2013-01-03 00:00:00,2019-04-04 00:00:00,,3,2282,2282,99999
1027514,112.12,D,V 22,PKG,Hutě,150,MITAKO,907,4,2016-12-07 00:00:00,2024-01-10 00:00:00,2023-03-08 00:00:00,1,2282,1161,2277
1027896,112.12,C,V 22,PKT/21,Údržba,150,,,5,2017-01-04 00:00:00,2023-04-04 00:00:00,,2,2281,2281,99999
38627,112.11,D,V 29,,,150,China,,4,2000-12-14 00:00:00,2007-03-14 00:00:00,,4,2281,2281,99999
1043322,112.11,C,PSZ/3,PSZ/3,Údržba,150,Kinex,,3,2018-03-29 00:00:00,2024-06-25 00:00:00,,3,2280,2280,99999
308038,112.11,D,V 22,,,160,Somet,11016651,5,2006-10-13 00:00:00,2014-07-11 00:00:00,2013-01-09 00:00:00,4,2280,777,2274
1023909,112.12,C,V160,PFO-P/21,Údržba,150,,,2,2015-11-12 00:00:00,2022-02-07 00:00:00,,4,2279,2279,99999
307511,112.12,D,V 22,,,160,Somet,14016458,7,2006-07-17 00:00:00,2015-04-20 00:00:00,2012-10-12 00:00:00,1,2279,1536,2277
1004594,112.11,D,V270,,,160,Somet,,2,2010-09-06 00:00:00,2016-11-30 00:00:00,,6,2277,2277,99999
1012191,112.12,A,VR/GQH,GQH-2,Kvalita,150,Kinex,,4,2012-11-27 00:00:00,2019-02-21 00:00:00,,2,2277,2277,99999
1016936,112.11,D,V270,,,160,Somet,,2,2013-11-06 00:00:00,2020-01-31 00:00:00,2020-01-31 00:00:00,6,2277,0,2269
1002043,112.12,D,V 22,,,150,Schut,906,8,2009-06-16 00:00:00,2024-06-06 00:00:00,2015-09-09 00:00:00,1,2276,790,2267
30602,112.11,D,V 22,,,160,Somet,,8,2000-08-28 00:00:00,2006-11-20 00:00:00,,1,2275,2275,99999
46002,112.12,B,V 31,PSW-S,Vedení,160,Somet,,4,2003-08-12 00:00:00,2009-11-03 00:00:00,,4,2275,2275,99999
3105461,112.12,D,V 29,PSW-P,Obrábění,150,Filletta,,3,2018-10-24 00:00:00,2025-01-14 00:00:00,,4,2274,2274,99999
33240,112.12,D,V 22,,,300,Somet,,11,2001-01-30 00:00:00,2011-02-04 00:00:00,2007-04-23 00:00:00,1,2274,1913,2274
1001561,112.12,D,V 22,,,300,,907,4,2009-03-20 00:00:00,2015-06-10 00:00:00,2015-06-10 00:00:00,1,2273,1796,2267
1026570,112.12,D,PSZ/3,PSZ/3,Obrábění,150,Mitutoyo,,3,2016-09-15 00:00:00,2022-12-06 00:00:00,,3,2273,2273,99999
203182,112.11,D,V270,,,160,Somet,,2,2001-04-18 00:00:00,2007-07-09 00:00:00,2007-07-09 00:00:00,6,2273,0,1004
203184,112.11,D,V270,,,160,Somet,,2,2001-04-18 00:00:00,2007-07-09 00:00:00,,6,2273,2273,99999
203186,112.11,D,V270,,,160,Somet,,2,2001-04-18 00:00:00,2007-07-09 00:00:00,,6,2273,2273,99999
203194,112.11,D,V270,,,160,Somet,,2,2001-04-18 00:00:00,2007-07-09 00:00:00,,6,2273,2273,99999
310667,112.12,C,M6,,,300,,,5,2008-02-29 00:00:00,2014-05-21 00:00:00,2014-05-21 00:00:00,1,2273,1735,2248
302544,112.11,D,V 22,,,150,Somet,,2,1999-01-25 00:00:00,2005-04-15 00:00:00,,4,2272,2272,99999
3105669,112.12,C,VK20,,,150,Würth,,2,2018-11-19 00:00:00,2025-02-07 00:00:00,,4,2272,2272,99999
3105989,112.12,D,V 22,,,150,Schut,906,3,2018-12-17 00:00:00,2025-03-07 00:00:00,,1,2272,2272,99999
3105995,112.12,D,V 22,PKG,Hutě,150,Schut,906,2,2018-12-17 00:00:00,2025-03-07 00:00:00,,1,2272,2272,99999
1012762,112.12,D,PSZ/3,PSZ/3,Obrábění,300,,,3,2013-06-18 00:00:00,2019-09-06 00:00:00,,3,2271,2271,99999
202325,112.11,C,V160,,,150,Somet,,2,1999-11-08 00:00:00,2006-01-26 00:00:00,,6,2271,2271,99999
203322,112.11,D,V270,,,150,,,2,2000-09-22 00:00:00,2006-12-11 00:00:00,2006-12-11 00:00:00,6,2271,0,783
1012966,112.12,D,PSZ/3,,,150,,,4,2013-04-10 00:00:00,2019-07-01 00:00:00,2019-06-28 00:00:00,3,2270,1127,2272
306423,112.11,D,V270,,,160,Somet,11016551,3,2005-12-07 00:00:00,2012-02-23 00:00:00,2012-02-23 00:00:00,6,2269,2241,2254
1043321,112.11,C,PSZ/3,PSZ/3,Údržba,150,Kinex,,3,2018-03-29 00:00:00,2024-06-13 00:00:00,,3,2268,2268,99999
200523,112.12,C,VA30,PF1-M,Montáž,150,Mitutoyo,,4,2003-02-05 00:00:00,2009-04-22 00:00:00,,5,2268,2268,99999
1011759,112.12,C,M6,,,150,MITAKO,907,6,2012-12-19 00:00:00,2019-03-05 00:00:00,,1,2267,2267,99999
308313,112.12,C,V 22,PKG,Údržba,160,Somet,14016459,8,2007-01-10 00:00:00,2020-07-09 00:00:00,2013-03-26 00:00:00,5,2267,1539,2258
1001703,112.12,C,V 10,PSW-F,Montáž,200,,,3,2009-04-16 00:00:00,2015-06-30 00:00:00,2015-06-30 00:00:00,4,2266,775,2261
200514,112.11,C,V270,PF1-K,Svařovna,150,Somet,,6,2003-04-16 00:00:00,2020-05-05 00:00:00,2009-06-29 00:00:00,6,2266,0,1971
308796,112.11,C,V270,PF1-K,Svařovna,160,Somet,11016511,4,2007-03-07 00:00:00,2023-09-08 00:00:00,2013-05-20 00:00:00,6,2266,0,2246
1023649,112.11,C,V270,PF2-K,Údržba,160,Somet,,2,2015-10-02 00:00:00,2021-12-14 00:00:00,,6,2265,2265,99999
1025544,112.12,C,PSZ/3,PSZ/3,Údržba,300,Mitutoyo,500,4,2016-06-08 00:00:00,2022-10-11 00:00:00,2022-08-19 00:00:00,3,2263,1121,2255
1025581,112.12,C,PSZ/3,PSZ/3,Údržba,150,Mitutoyo,,3,2016-06-08 00:00:00,2022-08-19 00:00:00,,3,2263,2263,99999
203266,112.11,D,V270,,,160,Somet,,2,2004-01-20 00:00:00,2010-03-31 00:00:00,,6,2262,2262,99999
302344,112.12,D,V 22,,,150,Somet,,2,1999-01-05 00:00:00,2005-03-16 00:00:00,,4,2262,2262,99999
33333,112.12,C,M6,,,150,Mitutoyo,500,4,2001-02-05 00:00:00,2007-04-17 00:00:00,,2,2262,2262,99999
1019382,112.12,D,V 22,PKG,Hutě,150,Schut,906,9,2014-07-14 00:00:00,2024-06-05 00:00:00,2020-09-21 00:00:00,1,2261,1529,2251
200858,112.11,D,V270,,,150,Somet,,2,2001-01-25 00:00:00,2007-04-05 00:00:00,2007-04-05 00:00:00,6,2261,0,1099
1021640,112.11,C,V160,PFO-P/31,Údržba,160,Somet,,2,2015-03-12 00:00:00,2021-05-19 00:00:00,,6,2260,2260,99999
29415,112.11,D,V 22,,,250,Somet,,4,2004-10-26 00:00:00,2011-04-27 00:00:00,2011-01-03 00:00:00,3,2260,1141,3848
307897,112.12,D,V 22,,,150,Mitutoyo,500,9,2006-08-29 00:00:00,2015-03-04 00:00:00,2012-11-05 00:00:00,1,2260,1837,2233
37192,112.11,D,V 22,,,160,Somet,,7,2002-01-08 00:00:00,2008-03-17 00:00:00,,2,2260,2260,99999
1012739,112.11,D,PSZ/3,PSZ/3,Obrábění,300,,,3,2013-05-22 00:00:00,2019-07-29 00:00:00,2019-07-29 00:00:00,3,2259,1119,2319
1018077,112.11,C,V270,PF1-K,Údržba,160,Somet,,2,2014-02-27 00:00:00,2020-05-05 00:00:00,,6,2259,2259,99999
3105853,112.12,A,M6,GQH-1,Kvalita,200,Insize,1112-200,3,2018-11-30 00:00:00,2025-02-05 00:00:00,,2,2259,2259,99999
35750,112.11,D,V 22,,,160,Somet,,7,2001-09-05 00:00:00,2007-11-12 00:00:00,,1,2259,2259,99999
35751,112.11,D,V 22,,,160,Somet,,7,2001-09-05 00:00:00,2007-11-12 00:00:00,,1,2259,2259,99999
35752,112.11,D,V 22,,,160,Somet,,7,2001-09-05 00:00:00,2007-11-12 00:00:00,,1,2259,2259,99999
41437,112.11,B,V 31,PSW-S,Vedení,300,VIS,,3,1999-10-15 00:00:00,2005-12-20 00:00:00,,4,2258,2258,99999
1012967,112.12,C,PSZ/3,PSZ/3,Údržba,150,,,5,2013-04-09 00:00:00,2022-08-19 00:00:00,2019-06-14 00:00:00,3,2257,1141,2258
201164,112.11,C,V160,,,150,,,2,2002-12-02 00:00:00,2009-02-04 00:00:00,2009-02-04 00:00:00,6,2256,0,1758
38576,112.12,D,V 10,PSW-F,Obrábění,200,Sylvac,,4,2001-03-01 00:00:00,2007-05-04 00:00:00,,4,2255,2255,99999
1007945,112.12,D,V 22,,,150,MITAKO,907,5,2012-01-06 00:00:00,2018-03-09 00:00:00,,1,2254,2254,99999
1030171,112.12,D,V270,,,150,KMITEX,,2,2017-09-12 00:00:00,2023-11-14 00:00:00,2023-11-14 00:00:00,4,2254,0,2244
1042853,112.12,C,PSZ/3,PSZ/3,Údržba,150,,500,3,2017-11-30 00:00:00,2024-02-01 00:00:00,,3,2254,2254,99999
203307,112.11,D,V270,,,150,China,,2,2002-12-05 00:00:00,2009-02-05 00:00:00,2009-02-05 00:00:00,,2254,0,1571
304930,112.11,C,V180,,,150,Somet,,2,2005-06-28 00:00:00,2011-08-30 00:00:00,,6,2254,2254,99999
46261,112.12,D,V 22,,,160,Somet,,5,2003-09-29 00:00:00,2009-11-30 00:00:00,,1,2254,2254,99999
1021643,112.11,C,V160,PFO-P/31,Údržba,160,Somet,,2,2015-03-12 00:00:00,2021-05-12 00:00:00,,6,2253,2253,99999
202065,112.11,D,V270,,,160,Somet,,2,2001-04-18 00:00:00,2007-06-18 00:00:00,2007-06-18 00:00:00,6,2252,0,1120
203188,112.11,D,V270,,,160,Somet,,2,2001-04-18 00:00:00,2007-06-18 00:00:00,2007-06-18 00:00:00,6,2252,0,983
203205,112.11,D,V270,,,160,Somet,,2,2001-04-18 00:00:00,2007-06-18 00:00:00,,6,2252,2252,99999
203228,112.11,D,V270,,,160,Somet,,2,2001-04-18 00:00:00,2007-06-18 00:00:00,,6,2252,2252,99999
203250,112.11,D,V270,,,160,Somet,,2,2001-04-18 00:00:00,2007-06-18 00:00:00,,6,2252,2252,99999
203297,112.11,D,V270,,,150,Somet,,2,2001-05-09 00:00:00,2007-07-09 00:00:00,2007-07-09 00:00:00,6,2252,0,994
301034,112.12,,VR Výdejna,,,150,Mitutoyo,,2,2003-01-17 00:00:00,2009-03-18 00:00:00,,3,2252,2252,99999
1012748,112.12,C,PSZ/3,PSZ/3,Údržba,300,,,3,2013-05-03 00:00:00,2019-07-02 00:00:00,,3,2251,2251,99999
203164,112.11,D,V270,,,150,Somet,,2,2003-10-06 00:00:00,2009-12-04 00:00:00,,6,2251,2251,99999
42143,112.12,D,V 22,,,160,Somet,,3,2002-09-27 00:00:00,2008-11-25 00:00:00,,4,2251,2251,99999
1012615,112.12,D,VR/PKD/31,PKD/11,Obrábění,150,Mahr,16ER,6,2012-12-11 00:00:00,2019-02-08 00:00:00,,2,2250,2250,99999
1012664,112.11,D,PSZ/3,PSZ/3,Obrábění,160,,,3,2013-02-05 00:00:00,2019-04-04 00:00:00,2019-04-04 00:00:00,3,2249,1108,2203
1012694,112.12,C,PSZ/3,PSZ/3,Údržba,150,,,3,2013-04-17 00:00:00,2019-06-14 00:00:00,2019-06-14 00:00:00,3,2249,1127,2274
43263,112.12,D,V 10,,,150,,,4,2002-09-25 00:00:00,2008-11-20 00:00:00,,4,2248,2248,99999
43267,112.12,B,V 10,PSW-S,Vedení,200,Mitutoyo,,3,2004-10-19 00:00:00,2010-12-15 00:00:00,,4,2248,2248,99999
41473,112.11,C,V 10,PSW-F,Montáž,300,,,4,2000-11-29 00:00:00,2007-01-24 00:00:00,,4,2247,2247,99999
1013200,112.12,C,PSZ/3,PSZ/1,Údržba,150,Mitutoyo,,3,2013-05-10 00:00:00,2019-07-04 00:00:00,2019-07-04 00:00:00,3,2246,1118,2262
30096,112.11,D,V 22,,,200,Somet,,2,2000-07-20 00:00:00,2006-09-13 00:00:00,,1,2246,2246,99999
310279,112.12,C,V180,,,160,Somet,14016459,2,2007-12-20 00:00:00,2014-02-12 00:00:00,2014-02-12 00:00:00,4,2246,0,2210
33805,112.12,A,GQD-1/5,GQD-1,Kvalita,150,Mauser,05.38001,6,2001-03-09 00:00:00,2007-05-03 00:00:00,2007-05-03 00:00:00,2,2246,1532,2246
304964,112.11,C,V180,,,150,Hommel,31007,2,2003-07-16 00:00:00,2009-09-07 00:00:00,,6,2245,2245,99999
34639,112.12,C,M6,,,150,Somet,,4,2001-05-18 00:00:00,2007-07-10 00:00:00,,2,2244,2244,99999
1025106,112.12,C,PSZ/1,,,200,Mahr,,3,2016-04-11 00:00:00,2022-06-02 00:00:00,,3,2243,2243,99999
309372,112.11,D,V270,,,160,Somet,11016551,2,2007-07-31 00:00:00,2013-09-20 00:00:00,2013-09-20 00:00:00,6,2243,0,2216
306357,112.11,D,V270,,,160,Somet,11016551,2,2005-12-07 00:00:00,2012-01-27 00:00:00,,6,2242,2242,99999
42062,112.12,D,V 22,,,200,Mitutoyo,,3,2002-10-09 00:00:00,2008-11-28 00:00:00,,4,2242,2242,99999
1028329,112.12,C,M6,,,150,MITAKO,907,5,2017-02-08 00:00:00,2023-03-30 00:00:00,,1,2241,2241,99999
202312,112.11,D,V270,,,400,Somet,,2,2004-07-19 00:00:00,2010-09-07 00:00:00,,6,2241,2241,99999
202344,112.11,B,V160,PFO-P/3,Vedení,150,Somet,,2,2003-01-14 00:00:00,2009-03-04 00:00:00,2009-03-04 00:00:00,6,2241,0,1688
1024676,112.12,D,M6,PKM,Obrábění,150,MITAKO,907,5,2016-02-17 00:00:00,2024-01-08 00:00:00,2022-04-06 00:00:00,4,2240,1132,2218
202353,112.11,C,V180,,,150,Somet,,2,2003-01-15 00:00:00,2009-03-04 00:00:00,,6,2240,2240,99999
203061,112.11,D,V270,,,200,China,,2,2000-03-22 00:00:00,2006-05-10 00:00:00,,6,2240,2240,99999
307654,112.12,D,V 22,PKG,Hutě,160,Somet,14016479,14,2006-07-28 00:00:00,2023-03-17 00:00:00,2012-09-14 00:00:00,5,2240,1879,2216
41343,112.11,D,V 10,,,200,,,4,2000-12-06 00:00:00,2007-01-24 00:00:00,,4,2240,2240,99999
48228,112.12,D,V 22,,,200,Schut,906,10,2004-10-14 00:00:00,2024-06-06 00:00:00,2010-12-02 00:00:00,3,2240,1132,2220
308278,112.12,D,V 22,,,160,Somet,14016458,3,2007-01-09 00:00:00,2013-02-25 00:00:00,,4,2239,2239,99999
1021641,112.11,C,V160,PFO-P/31,Údržba,160,Somet,,2,2015-03-12 00:00:00,2021-04-27 00:00:00,,6,2238,2238,99999
1021642,112.11,C,V160,PFO-P/41,Lisovna,160,Somet,,2,2015-03-12 00:00:00,2021-04-27 00:00:00,,6,2238,2238,99999
202335,112.11,C,V160,,,150,Somet,,2,1999-11-24 00:00:00,2006-01-09 00:00:00,,6,2238,2238,99999
38687,112.11,D,V 29,,,150,Somet,,4,2000-11-29 00:00:00,2007-01-15 00:00:00,2007-01-15 00:00:00,2,2238,1482,1701
201602,112.11,D,V270,,,150,Somet,,2,2003-02-07 00:00:00,2009-03-24 00:00:00,,6,2237,2237,99999
1025577,112.12,D,PSZ/3,PSZ/3,Obrábění,150,Mitutoyo,,3,2016-06-08 00:00:00,2022-07-22 00:00:00,,3,2235,2235,99999
202304,112.11,B,V160,PFO-P/3,Vedení,150,Somet,,2,2000-02-28 00:00:00,2006-04-12 00:00:00,2006-04-12 00:00:00,6,2235,0,635
203187,112.11,D,V270,,,160,Somet,,2,2001-04-18 00:00:00,2007-06-01 00:00:00,2007-06-01 00:00:00,6,2235,0,966
203192,112.11,D,V270,,,160,Somet,,2,2001-04-18 00:00:00,2007-06-01 00:00:00,2007-06-01 00:00:00,6,2235,0,963
203195,112.11,D,V270,,,160,Somet,,2,2001-04-18 00:00:00,2007-06-01 00:00:00,,6,2235,2235,99999
203199,112.11,D,V270,,,160,Somet,,2,2001-04-18 00:00:00,2007-06-01 00:00:00,2007-06-01 00:00:00,6,2235,0,963
203203,112.11,D,V270,,,160,Somet,,2,2001-04-18 00:00:00,2007-06-01 00:00:00,,6,2235,2235,99999
203209,112.11,D,V270,,,160,Somet,,2,2001-04-18 00:00:00,2007-06-01 00:00:00,2007-06-01 00:00:00,6,2235,0,963
203237,112.11,D,V270,,,160,Somet,,2,2001-04-18 00:00:00,2007-06-01 00:00:00,,6,2235,2235,99999
203240,112.11,D,V270,,,160,Somet,,2,2001-04-18 00:00:00,2007-06-01 00:00:00,2007-06-01 00:00:00,6,2235,0,960
203242,112.11,B,V270,PF1-K,Sklad,160,Somet,,2,2001-04-18 00:00:00,2007-06-01 00:00:00,,6,2235,2235,99999
203260,112.11,D,V270,,,160,Somet,,2,2001-04-18 00:00:00,2007-06-01 00:00:00,,6,2235,2235,99999
1012751,112.12,D,PSZ/3,PSZ/3,Obrábění,300,,,3,2013-04-16 00:00:00,2019-05-29 00:00:00,2019-05-29 00:00:00,3,2234,1128,2258
1023255,112.12,D,V 22,PKG,Hutě,150,Schut,906,10,2015-09-30 00:00:00,2023-11-29 00:00:00,2021-11-11 00:00:00,1,2234,1856,2233
1025578,112.12,D,PSZ/3,PSZ/3,Obrábění,150,Mitutoyo,,3,2016-06-08 00:00:00,2022-07-21 00:00:00,2022-07-21 00:00:00,3,2234,1120,2222
201145,112.11,C,V160,,,150,,,2,2003-02-25 00:00:00,2009-04-08 00:00:00,,6,2234,2234,99999
308800,112.11,D,V270,,,160,Somet,11016511,2,2007-03-07 00:00:00,2013-04-18 00:00:00,2013-04-18 00:00:00,6,2234,0,2214
38649,112.11,D,V 29,,,250,Somet,,3,2000-10-04 00:00:00,2006-11-16 00:00:00,,,2234,2234,99999
1017499,112.12,D,VR/PKD/31,PKD/11,Obrábění,150,Mahr,,5,2013-12-03 00:00:00,2020-01-14 00:00:00,2020-01-14 00:00:00,1,2233,1749,2203
203347,112.11,D,V270,,,150,Somet,,2,2000-02-01 00:00:00,2006-03-14 00:00:00,,6,2233,2233,99999
41280,112.11,C,V 10,PSW-T,Údržba,150,,,3,1999-09-24 00:00:00,2005-11-04 00:00:00,,3,2233,2233,99999
1021962,112.11,C,V160,,,160,Somet,,2,2015-04-21 00:00:00,2021-05-31 00:00:00,,6,2232,2232,99999
1029871,112.12,D,PSZ/3,,,150,,,3,2017-08-24 00:00:00,2023-10-04 00:00:00,,3,2232,2232,99999
38437,112.11,D,V 29,,,160,Somet,,3,2002-04-19 00:00:00,2008-05-29 00:00:00,,4,2232,2232,99999
1012491,112.11,D,V270,,,160,Somet,,2,2013-03-06 00:00:00,2019-04-15 00:00:00,2019-04-15 00:00:00,6,2231,0,2225
1012493,112.11,D,V270,,,160,Somet,,2,2013-03-06 00:00:00,2019-04-15 00:00:00,2019-04-15 00:00:00,6,2231,0,2225
1026582,112.12,D,PSZ/3,PSZ/3,Obrábění,150,Mitutoyo,,3,2016-09-15 00:00:00,2022-10-25 00:00:00,,3,2231,2231,99999
306360,112.11,C,V270,PF2-K,Údržba,160,Somet,11016551,2,2005-12-07 00:00:00,2012-01-16 00:00:00,,6,2231,2231,99999
306371,112.11,D,V270,,,160,Somet,11016551,2,2005-12-07 00:00:00,2012-01-16 00:00:00,2012-01-16 00:00:00,6,2231,0,2222
307567,112.11,C,PSZ/1,PSZ/1,Údržba,150,China,,3,2005-01-06 00:00:00,2011-02-14 00:00:00,,3,2230,2230,99999
1029624,112.12,D,PSZ/3,,,,HHW,,3,2017-07-18 00:00:00,2023-08-25 00:00:00,,3,2229,2229,99999
3105549,112.12,C,VR/PKD/31,PKD/14,Montáž,150,Mitutoyo,500,3,2018-07-03 00:00:00,2024-08-08 00:00:00,,1,2228,2228,99999
1012689,112.12,C,PSZ/3,PSZ/3,Údržba,150,,,3,2013-04-17 00:00:00,2019-05-23 00:00:00,2019-05-23 00:00:00,3,2227,1127,2252
1029625,112.12,B,V 29,PSW-T,Sklad,300,,,3,2017-07-18 00:00:00,2023-08-23 00:00:00,,4,2227,2227,99999
200533,112.12,C,VA30,,,200,,,4,2003-03-18 00:00:00,2009-04-22 00:00:00,,5,2227,2227,99999
200549,112.11,C,VA30,PF1-M,Montáž,150,Somet,,4,2003-03-18 00:00:00,2009-04-22 00:00:00,,5,2227,2227,99999
201746,112.11,C,V260,,,150,Kinex,,2,2002-02-19 00:00:00,2008-03-26 00:00:00,2008-03-26 00:00:00,5,2227,0,2227
41599,112.11,D,V 10,PSW-F,Obrábění,400,,,3,2002-01-28 00:00:00,2008-03-04 00:00:00,2008-03-04 00:00:00,4,2227,745,1993
46256,112.12,D,V 22,,,160,Somet,,7,2003-09-29 00:00:00,2009-11-03 00:00:00,,2,2227,2227,99999
1016940,112.11,D,V270,,,160,Somet,,2,2013-11-06 00:00:00,2019-12-09 00:00:00,2019-12-09 00:00:00,6,2224,0,2216
203354,112.11,D,V270,,,150,Somet,,2,2000-09-22 00:00:00,2006-10-25 00:00:00,2006-10-25 00:00:00,6,2224,0,736
203363,112.11,D,V270,,,150,Somet,,2,1999-10-15 00:00:00,2005-11-15 00:00:00,,6,2223,2223,99999
1008536,112.12,B,VR/PKD/33,PKD/3,TK,150,MITAKO,907,7,2012-03-13 00:00:00,2018-04-13 00:00:00,,1,2222,2222,99999
1020522,112.12,D,V270,,,150,MITAKO,,4,2014-11-14 00:00:00,2020-12-14 00:00:00,2020-12-14 00:00:00,1,2222,2096,2212
3105992,112.12,D,V 22,,,150,Schut,906,4,2018-12-17 00:00:00,2025-07-01 00:00:00,2025-01-15 00:00:00,1,2221,1792,2218
1012763,112.12,C,PSZ/3,PSZ/3,Údržba,300,,,3,2013-04-30 00:00:00,2019-05-29 00:00:00,2019-05-29 00:00:00,3,2220,1100,2258
305592,112.11,C,V180,,,160,Somet,11016551,2,2005-09-22 00:00:00,2011-10-21 00:00:00,,6,2220,2220,99999
1003367,112.11,D,V 22,,,160,Somet,,5,2010-02-16 00:00:00,2016-03-15 00:00:00,,1,2219,2219,99999
1012969,112.12,C,PSZ/3,PSZ/3,Údržba,150,,,3,2013-04-09 00:00:00,2019-05-07 00:00:00,2019-05-07 00:00:00,3,2219,1107,2220
1028093,112.12,D,V 22,,,150,Schut,906,5,2017-01-16 00:00:00,2023-02-13 00:00:00,,1,2219,2219,99999
202328,112.11,C,V160,,,150,Somet,,2,1999-11-08 00:00:00,2005-12-05 00:00:00,2005-12-05 00:00:00,6,2219,0,503
304941,112.11,C,V180,,,150,Hommel,,2,2004-10-14 00:00:00,2010-11-11 00:00:00,2010-11-11 00:00:00,6,2219,0,1900
306363,112.11,D,V270,,,160,Somet,11016551,2,2005-12-07 00:00:00,2012-01-04 00:00:00,,6,2219,2219,99999
1012985,112.11,C,PSZ/3,PSZ/3,Údržba,160,Somet,,3,2013-04-10 00:00:00,2019-05-07 00:00:00,2019-05-07 00:00:00,3,2218,1112,2220
41606,112.11,D,V 10,,,400,,,4,2000-10-13 00:00:00,2006-11-09 00:00:00,,,2218,2218,99999
1042802,112.12,C,PSZ/1,PSZ/1,Údržba,150,TESA,,3,2017-12-14 00:00:00,2024-01-09 00:00:00,,3,2217,2217,99999
1042803,112.12,C,PSZ/1,PSZ/1,Údržba,150,TESA,,3,2017-12-14 00:00:00,2024-01-09 00:00:00,,3,2217,2217,99999
38625,112.11,C,V 10,PSW-T,Údržba,150,Somet,,4,2000-11-10 00:00:00,2006-12-06 00:00:00,,4,2217,2217,99999
48183,112.12,B,V 31,PSW-S,Vedení,160,Somet,14016458,3,2004-10-07 00:00:00,2010-11-02 00:00:00,2010-11-02 00:00:00,4,2217,746,2203
201081,112.11,C,V160,,,150,Somet,,2,1999-09-10 00:00:00,2005-10-04 00:00:00,,6,2216,2216,99999
202254,112.11,D,V270,,,150,Somet,,2,1999-10-22 00:00:00,2005-11-15 00:00:00,,6,2216,2216,99999
202998,112.12,D,V270,,,150,Somet,,2,2000-10-09 00:00:00,2006-11-03 00:00:00,,4,2216,2216,99999
38510,112.12,B,V 29,PSW-S,Vedení,150,Mitutoyo,500,3,2002-04-11 00:00:00,2008-05-05 00:00:00,,,2216,2216,99999
1017967,112.12,D,V270,,,150,MITAKO,,4,2014-02-18 00:00:00,2020-03-13 00:00:00,2020-03-13 00:00:00,1,2215,1417,2209
306230,112.11,C,V180,,,100,,,2,2004-02-16 00:00:00,2010-03-11 00:00:00,,6,2215,2215,99999
1016943,112.11,C,V270,PF1-K,Údržba,160,Somet,,2,2013-11-06 00:00:00,2019-11-29 00:00:00,,6,2214,2214,99999
202295,112.11,C,V160,,,150,Somet,,2,1999-10-18 00:00:00,2005-11-09 00:00:00,2005-11-09 00:00:00,6,2214,0,481
41297,112.11,D,V 10,PSW-F,Obrábění,150,,,3,2002-01-22 00:00:00,2008-02-14 00:00:00,,4,2214,2214,99999
1012376,112.11,C,PSZ/3,PSZ/3,Údržba,160,,,4,2011-11-16 00:00:00,2018-01-18 00:00:00,2017-12-07 00:00:00,3,2213,1098,1738
1012382,112.11,C,PSZ/3,PSZ/3,Údržba,160,,,3,2011-11-16 00:00:00,2017-12-07 00:00:00,,3,2213,2213,99999
1012761,112.12,D,PSZ/3,PSZ/3,Obrábění,300,,,4,2014-01-15 00:00:00,2020-03-05 00:00:00,2020-02-06 00:00:00,3,2213,1113,2511
1012853,112.11,D,PSZ/3,PSZ/3,Obrábění,600,,,3,2011-09-27 00:00:00,2017-10-18 00:00:00,,3,2213,2213,99999
200305,112.11,C,VL10,,,150,Somet,,2,2000-07-26 00:00:00,2006-08-17 00:00:00,2006-08-17 00:00:00,,2213,0,1185
304835,112.11,C,V180,,,300,Somet,,2,2004-03-24 00:00:00,2010-04-15 00:00:00,2010-04-15 00:00:00,6,2213,0,1696
304836,112.11,C,V180,,,300,Somet,,3,2004-03-24 00:00:00,2011-04-05 00:00:00,2010-04-15 00:00:00,6,2213,0,1696
307786,112.11,C,V160,PFO-P/21,Údržba,160,Somet,,2,2012-10-03 00:00:00,2018-10-25 00:00:00,,6,2213,2213,99999
38425,112.11,D,V 29,PSW-V,Obrábění,400,Somet,,4,2001-04-25 00:00:00,2007-05-17 00:00:00,,4,2213,2213,99999
202336,112.11,C,V160,,,150,Somet,,2,1999-11-24 00:00:00,2005-12-14 00:00:00,,6,2212,2212,99999
203281,112.11,D,V270,,,160,Somet,,2,1999-12-14 00:00:00,2006-01-03 00:00:00,2006-01-03 00:00:00,6,2212,0,445
38396,112.11,D,V 29,PSW-V,Obrábění,150,Kinex,,3,2002-09-23 00:00:00,2008-10-13 00:00:00,,4,2212,2212,99999
200360,112.11,C,VL10,,,150,Somet,,2,1999-11-04 00:00:00,2005-11-23 00:00:00,2005-11-23 00:00:00,6,2211,0,917
200451,112.11,C,VL10,,,150,Somet,,2,1999-11-04 00:00:00,2005-11-23 00:00:00,2005-11-23 00:00:00,6,2211,0,876
201084,112.11,C,V160,,,150,Somet,,2,1999-09-21 00:00:00,2005-10-10 00:00:00,,6,2211,2211,99999
41410,112.11,C,V 10,PSW-F,Montáž,200,,,3,2002-01-25 00:00:00,2008-02-14 00:00:00,,4,2211,2211,99999
42188,112.12,B,V 10,PSW-S,Vedení,160,Somet,,3,2004-10-22 00:00:00,2010-11-11 00:00:00,,4,2211,2211,99999
300938,112.11,B,VR Výdejna,EIB,Vývoj,150,Mauser,,3,2002-06-12 00:00:00,2008-06-30 00:00:00,,3,2210,2210,99999
300946,112.11,C,VR Výdejna,PSU,Údržba,150,Somet,,3,2002-06-05 00:00:00,2008-06-23 00:00:00,2008-06-23 00:00:00,3,2210,1107,1736
300988,112.11,,VR Výdejna,,,150,Somet,,3,2002-06-07 00:00:00,2008-06-25 00:00:00,,3,2210,2210,99999
308001,112.12,D,V 22,,,,Mitutoyo,500,3,2006-09-22 00:00:00,2012-10-10 00:00:00,,3,2210,2210,99999
32206,112.11,C,M6,,,160,Somet,,2,2000-11-10 00:00:00,2006-11-29 00:00:00,,1,2210,2210,99999
38511,112.12,D,V 29,,,150,Prvomajská,,4,2001-05-10 00:00:00,2007-05-29 00:00:00,2007-05-29 00:00:00,,2210,1468,1840
1011977,112.11,C,V160,,,160,,,2,2013-01-24 00:00:00,2019-02-11 00:00:00,2019-02-11 00:00:00,6,2209,0,2204
16008,112.11,D,V 22,,,300,UIK,,8,2000-11-16 00:00:00,2019-10-31 00:00:00,2006-12-04 00:00:00,3,2209,1091,2947
309215,112.12,C,M6,,,300,Somet,14030459,7,2007-07-13 00:00:00,2014-12-03 00:00:00,2013-07-30 00:00:00,1,2209,1621,2202
38892,112.11,D,V 29,,,150,Mitutoyo,505,6,2000-11-20 00:00:00,2011-02-07 00:00:00,2006-12-08 00:00:00,4,2209,1463,1659
1023663,112.11,C,V270,PF2-K,Údržba,160,Somet,,2,2015-10-02 00:00:00,2021-10-18 00:00:00,,6,2208,2208,99999
202331,112.11,C,V160,,,150,Somet,,2,1999-11-08 00:00:00,2005-11-24 00:00:00,2005-11-24 00:00:00,6,2208,0,492
3105645,112.12,A,VR/GQH,GQH-2,Kvalita,150,,R135341,3,2018-07-23 00:00:00,2024-08-08 00:00:00,,3,2208,2208,99999
32849,112.12,D,V 22,,,150,Somet,,6,2000-12-01 00:00:00,2006-12-18 00:00:00,,1,2208,2208,99999
38023,112.12,B,PSW-T,PSW-T,TK,150,China,,4,2002-04-19 00:00:00,2008-05-05 00:00:00,,3,2208,2208,99999
1012719,112.11,C,PSZ/3,PSZ/3,Údržba,160,Somet,,3,2013-02-05 00:00:00,2019-02-21 00:00:00,2019-02-21 00:00:00,3,2207,1108,2161
200578,112.11,C,VA30,,,200,,,4,2003-09-15 00:00:00,2009-09-30 00:00:00,,5,2207,2207,99999
201597,112.11,D,V270,,,160,Somet,,2,2001-04-18 00:00:00,2007-05-04 00:00:00,2007-05-04 00:00:00,6,2207,0,1101
202339,112.11,C,V160,PFO-P/31,Údržba,150,Somet,,2,1999-06-06 00:00:00,2005-06-21 00:00:00,,6,2207,2207,99999
203230,112.11,D,V270,,,160,Somet,,2,2001-04-18 00:00:00,2007-05-04 00:00:00,2007-05-04 00:00:00,6,2207,0,932
203234,112.11,D,V270,,,160,Somet,,2,2001-04-18 00:00:00,2007-05-04 00:00:00,,6,2207,2207,99999
307799,112.11,C,V180,,,150,Somet,,2,2005-11-30 00:00:00,2011-12-16 00:00:00,,,2207,2207,99999
1012659,112.11,D,PSZ/3,PSZ/3,Obrábění,160,,,3,2013-02-05 00:00:00,2019-02-20 00:00:00,2019-02-20 00:00:00,3,2206,1108,2160
1012660,112.11,C,PSZ/3,PSZ/3,Údržba,160,,,3,2013-02-05 00:00:00,2019-02-20 00:00:00,2019-02-20 00:00:00,3,2206,1108,2160
1012714,112.12,D,PSZ/3,,,160,,,3,2013-02-05 00:00:00,2019-02-20 00:00:00,,3,2206,2206,99999
202324,112.11,C,V160,,,150,Somet,,2,2004-03-16 00:00:00,2010-03-31 00:00:00,2010-03-31 00:00:00,6,2206,0,2080
202327,112.11,C,V160,,,150,Somet,,2,2000-11-21 00:00:00,2006-12-06 00:00:00,,6,2206,2206,99999
203161,112.11,D,V270,,,150,Somet,,2,2003-05-27 00:00:00,2009-06-10 00:00:00,,6,2206,2206,99999
203189,112.11,D,V270,,,160,Somet,,2,2001-04-18 00:00:00,2007-05-03 00:00:00,2007-05-03 00:00:00,6,2206,0,937
203191,112.11,D,V270,,,160,Somet,,2,2001-04-18 00:00:00,2007-05-03 00:00:00,2007-05-03 00:00:00,6,2206,0,937
203212,112.11,D,V270,,,160,Somet,,2,2001-04-18 00:00:00,2007-05-03 00:00:00,2007-05-03 00:00:00,6,2206,0,934
203220,112.11,D,V270,,,160,Somet,,2,2001-04-18 00:00:00,2007-05-03 00:00:00,2007-05-03 00:00:00,6,2206,0,933
203238,112.11,D,V270,,,160,Somet,,2,2001-04-18 00:00:00,2007-05-03 00:00:00,,6,2206,2206,99999
203243,112.11,D,V270,,,160,Somet,,2,2001-04-18 00:00:00,2007-05-03 00:00:00,,6,2206,2206,99999
203244,112.11,D,V270,,,160,Somet,,2,2001-04-18 00:00:00,2007-05-03 00:00:00,,6,2206,2206,99999
203249,112.11,D,V270,,,160,Somet,,2,2001-04-18 00:00:00,2007-05-03 00:00:00,,6,2206,2206,99999
38644,112.11,D,V 29,,,200,,,4,2000-11-29 00:00:00,2006-12-14 00:00:00,,,2206,2206,99999
1007942,112.12,D,V 22,,,150,Somet,907,6,2012-01-06 00:00:00,2021-11-05 00:00:00,2018-01-19 00:00:00,3,2205,1133,2195
201542,112.11,C,V160,PFO-P/31,Údržba,400,Somet,,2,1998-05-15 00:00:00,2004-05-28 00:00:00,,6,2205,2205,99999
301009,112.11,,VR Výdejna,,,150,,,3,2002-06-13 00:00:00,2008-06-26 00:00:00,,3,2205,2205,99999
38804,112.11,D,V 29,,,250,Somet,,3,2002-04-08 00:00:00,2008-04-21 00:00:00,,4,2205,2205,99999
1012703,112.12,C,PSZ/3,PSZ/3,Údržba,150,,,3,2012-01-06 00:00:00,2018-01-18 00:00:00,,3,2204,2204,99999
1012710,112.12,C,PSZ/3,PSZ/3,Údržba,150,,,3,2012-11-15 00:00:00,2018-11-28 00:00:00,,3,2204,2204,99999
1012711,112.12,C,PSZ/3,PSZ/3,Údržba,150,,,3,2012-11-15 00:00:00,2018-11-28 00:00:00,2018-11-28 00:00:00,3,2204,1104,2076
1014576,112.11,D,V 22,,,160,Somet,11016611,3,2013-06-19 00:00:00,2019-09-17 00:00:00,2019-07-02 00:00:00,4,2204,0,2191
300945,112.11,,VR Výdejna,,,150,Somet,,3,2002-06-13 00:00:00,2008-06-25 00:00:00,2008-06-25 00:00:00,3,2204,1097,1738
312634,112.11,C,V180,,,160,Somet,,2,2009-02-24 00:00:00,2015-03-09 00:00:00,,6,2204,2204,99999
45292,112.11,D,V 29,,,250,,,3,2000-10-26 00:00:00,2006-11-08 00:00:00,,,2204,2204,99999
45426,112.11,B,V 29,PSW-S,Vedení,,,,3,2000-09-12 00:00:00,2006-09-25 00:00:00,,,2204,2204,99999
45431,112.11,B,V 29,PSW-T,Sklad,,,,3,2000-09-12 00:00:00,2006-09-25 00:00:00,,3,2204,2204,99999
1012764,112.12,D,PSZ/3,PSZ/3,Obrábění,300,,,3,2012-11-15 00:00:00,2018-11-27 00:00:00,2018-11-27 00:00:00,3,2203,1104,2075
201059,112.11,C,V160,,,150,Somet,,2,1999-12-03 00:00:00,2005-12-14 00:00:00,,6,2203,2203,99999
202333,112.11,C,V160,,,150,Somet,,2,1999-11-24 00:00:00,2005-12-05 00:00:00,2005-12-05 00:00:00,6,2203,0,503
300978,112.11,,VR Výdejna,,,150,Somet,,3,2002-06-06 00:00:00,2008-06-17 00:00:00,,3,2203,2203,99999
36731,112.12,D,V 22,,,150,Hommel,,3,2001-11-21 00:00:00,2007-12-03 00:00:00,,3,2203,2203,99999
44942,112.11,D,V 29,,,150,Somet,,3,2000-06-29 00:00:00,2006-07-11 00:00:00,,4,2203,2203,99999
41204,112.11,C,V 10,PSW-F,Montáž,150,Kinex,,3,1999-09-06 00:00:00,2005-09-16 00:00:00,,3,2202,2202,99999
203114,112.11,D,V270,,,150,Somet,,2,1999-11-16 00:00:00,2005-11-25 00:00:00,2005-11-25 00:00:00,6,2201,0,416
300903,112.11,,VR Výdejna,,,,Somet,,3,2002-06-21 00:00:00,2008-06-30 00:00:00,2008-06-30 00:00:00,3,2201,1105,1746
300905,112.11,,VR Výdejna,,,,Somet,,3,2002-06-21 00:00:00,2008-06-30 00:00:00,2008-06-30 00:00:00,3,2201,1105,1746
38429,112.11,B,V 29,PSW-S,Vedení,160,Somet,,5,2000-10-13 00:00:00,2009-11-13 00:00:00,2006-10-23 00:00:00,4,2201,1099,1623
38604,112.11,D,V 29,PSW-V,Obrábění,200,,,3,2002-01-14 00:00:00,2008-01-24 00:00:00,,4,2201,2201,99999
41207,112.11,D,V 10,,,150,Kinex,,3,1999-09-27 00:00:00,2005-10-06 00:00:00,,3,2201,2201,99999
15011,112.11,A,GQD-2,GQD,Kvalita,150,,,4,2001-07-09 00:00:00,2007-07-18 00:00:00,2007-07-18 00:00:00,2,2200,1467,3173
41383,112.11,C,V 10,PSW-F,Montáž,160,Somet,,3,2000-03-21 00:00:00,2006-03-30 00:00:00,,3,2200,2200,99999
46270,112.12,D,V 22,,,300,Somet,,4,2003-09-29 00:00:00,2009-10-07 00:00:00,2009-10-07 00:00:00,2,2200,1487,2196
201066,112.11,C,V160,,,150,Somet,,2,1998-05-21 00:00:00,2004-05-28 00:00:00,,6,2199,2199,99999
201533,112.11,C,V160,PFO-P/31,Údržba,250,Somet,,2,1998-05-21 00:00:00,2004-05-28 00:00:00,,6,2199,2199,99999
306355,112.11,D,V270,,,160,Somet,11016551,2,2005-12-07 00:00:00,2011-12-15 00:00:00,,6,2199,2199,99999
3107270,112.11,C,VL20,PFO-B/2,Údržba,150,Kinex,,2,2019-05-22 00:00:00,2025-05-29 00:00:00,,2,2199,2199,99999
311464,112.12,D,V 22,,,150,Shut,906,4,2008-08-25 00:00:00,2014-09-02 00:00:00,2014-09-02 00:00:00,2,2199,1459,2181
1012645,112.11,C,PSZ/3,PSZ/3,Údržba,150,,,3,2012-02-21 00:00:00,2018-02-27 00:00:00,2018-02-27 00:00:00,3,2198,1079,1802
1012651,112.11,D,PSZ/3,,,150,,,3,2012-03-13 00:00:00,2018-03-20 00:00:00,,3,2198,2198,99999
1012697,112.12,C,PSZ/3,PSZ/3,Údržba,150,,,4,2011-03-22 00:00:00,2017-04-20 00:00:00,2017-03-28 00:00:00,3,2198,1078,1466
1012698,112.12,C,PSZ/3,PSZ/3,Údržba,150,,,4,2011-03-22 00:00:00,2017-04-20 00:00:00,2017-03-28 00:00:00,3,2198,1078,1466
1013077,112.12,D,PSZ/3,PSZ/3,Obrábění,150,Mitutoyo,,3,2013-04-16 00:00:00,2019-04-23 00:00:00,,3,2198,2198,99999
1027084,112.12,D,PSZ/3,PSZ/3,Obrábění,150,Mitutoyo,500,3,2016-10-18 00:00:00,2022-10-25 00:00:00,,3,2198,2198,99999
203371,112.11,D,V270,,,150,Somet,,2,2003-04-16 00:00:00,2009-04-22 00:00:00,2009-04-22 00:00:00,6,2198,0,1646
306020,112.11,C,V160,,,150,Somet,,2,2005-11-16 00:00:00,2011-11-23 00:00:00,2011-11-23 00:00:00,6,2198,0,2204
41167,112.12,B,PSW-T,PSW-T,TK,150,Mitutoyo,,4,2002-09-03 00:00:00,2008-09-09 00:00:00,,3,2198,2198,99999
1012854,112.11,D,PSZ/3,PSZ/3,Obrábění,600,,,3,2012-03-15 00:00:00,2018-03-21 00:00:00,2018-03-21 00:00:00,3,2197,1097,1817
1012855,112.11,D,PSZ/3,PSZ/3,Obrábění,630,,,3,2012-03-15 00:00:00,2018-03-21 00:00:00,,3,2197,2197,99999
300914,112.11,B,VR Výdejna,EKV,Vývoj,150,,,3,2002-06-12 00:00:00,2008-06-17 00:00:00,2008-06-17 00:00:00,3,2197,1101,1733
3107252,112.11,C,VL20,PFO-B/2,Údržba,150,Kinex,,2,2019-05-24 00:00:00,2025-05-29 00:00:00,,2,2197,2197,99999
3107260,112.11,C,VL20,PFO-B/2,Údržba,150,Kinex,,2,2019-05-24 00:00:00,2025-05-29 00:00:00,,2,2197,2197,99999
311590,112.12,D,V 22,,,150,Somet,,5,2008-09-25 00:00:00,2015-02-04 00:00:00,2014-10-01 00:00:00,2,2197,1462,2186
1021805,112.11,C,VR/PKD/31,PKD/3,Údržba,,Mitutoyo,,3,2015-04-16 00:00:00,2021-04-20 00:00:00,2021-04-20 00:00:00,3,2196,1107,2199
1025116,112.12,B,PSW-T,PSW-T,TK,150,Filletta,,3,2016-02-10 00:00:00,2022-02-14 00:00:00,,3,2196,2196,99999
202285,112.11,C,V160,,,150,Somet,,2,1999-04-14 00:00:00,2005-04-18 00:00:00,2005-04-18 00:00:00,6,2196,0,276
1012735,112.11,D,PSZ/3,PSZ/3,Obrábění,250,Somet,,5,2012-11-23 00:00:00,2021-12-22 00:00:00,2018-11-27 00:00:00,3,2195,1096,2075
200434,112.11,C,VL10,,,150,Somet,,2,2000-07-26 00:00:00,2006-07-28 00:00:00,2006-07-28 00:00:00,6,2193,0,1144
202227,112.11,D,V270,,,160,Somet,,2,2004-06-14 00:00:00,2010-06-16 00:00:00,,6,2193,2193,99999
41384,112.11,C,V 10,PAP,Montáž,160,Somet,,3,2000-03-21 00:00:00,2006-03-23 00:00:00,,3,2193,2193,99999
41386,112.11,D,V 10,PSW-F,Obrábění,160,Somet,,6,2000-03-21 00:00:00,2014-06-20 00:00:00,2006-03-23 00:00:00,4,2193,1113,1289
41388,112.11,C,V 31,PSW-P,Montáž,160,Somet,,5,2000-03-21 00:00:00,2010-04-23 00:00:00,2006-03-23 00:00:00,4,2193,1123,1289
200477,112.11,C,VL10,,,600,Somet,,2,2002-05-16 00:00:00,2008-05-16 00:00:00,2008-05-16 00:00:00,6,2192,0,1708
201177,112.11,C,V160,,,150,,,2,2003-03-27 00:00:00,2009-03-27 00:00:00,,6,2192,2192,99999
306235,112.11,C,V180,,,150,Somet,,2,1999-12-09 00:00:00,2005-12-09 00:00:00,,6,2192,2192,99999
31048,112.11,D,V 22,,,160,Somet,,4,2000-09-18 00:00:00,2006-09-19 00:00:00,,1,2192,2192,99999
1012866,112.11,C,PSZ/3,PSZ/3,Údržba,1000,,,6,2012-10-17 00:00:00,2025-01-16 00:00:00,2018-10-17 00:00:00,3,2191,1098,2027
1019986,112.12,D,V 22,,,150,Schut,906,10,2014-09-23 00:00:00,2025-07-01 00:00:00,2020-09-22 00:00:00,1,2191,2073,2185
1020039,112.12,C,VAL,VAL,Logistika,200,,,3,2012-01-25 00:00:00,2018-01-24 00:00:00,,3,2191,2191,99999
41074,112.11,D,V 22,,,150,,,7,2002-08-29 00:00:00,2008-08-28 00:00:00,,2,2191,2191,99999
200351,112.11,C,VL10,,,200,Somet,,2,1997-09-25 00:00:00,2003-09-24 00:00:00,,6,2190,2190,99999
41683,112.12,D,V 10,PSW-F,Obrábění,150,Hommel,,3,2002-09-11 00:00:00,2008-09-09 00:00:00,,4,2190,2190,99999
1002101,112.12,D,V 31,PSW-P,Obrábění,150,Somet,,3,2009-07-01 00:00:00,2015-06-29 00:00:00,,4,2189,2189,99999
1002108,112.12,C,V 10,PSW-F,Montáž,150,Somet,,3,2009-07-01 00:00:00,2015-06-29 00:00:00,,4,2189,2189,99999
45276,112.12,D,V 31,PSW-P,Obrábění,200,Somet,,4,2001-09-12 00:00:00,2007-09-10 00:00:00,,4,2189,2189,99999
202341,112.11,C,V160,PFO-P/31,Údržba,150,Somet,,2,1999-04-22 00:00:00,2005-04-18 00:00:00,2005-04-18 00:00:00,6,2188,0,272
202371,112.11,C,V160,,,200,Somet,,2,2000-01-13 00:00:00,2006-01-09 00:00:00,,6,2188,2188,99999
202372,112.11,C,V160,,,200,Somet,,2,2000-01-13 00:00:00,2006-01-09 00:00:00,,6,2188,2188,99999
202376,112.11,C,V160,,,200,Somet,,2,2000-01-13 00:00:00,2006-01-09 00:00:00,,6,2188,2188,99999
202377,112.11,C,V160,,,200,Somet,,2,2000-01-13 00:00:00,2006-01-09 00:00:00,,6,2188,2188,99999
202378,112.11,C,V160,,,200,Somet,,2,2000-01-13 00:00:00,2006-01-09 00:00:00,,6,2188,2188,99999
202380,112.11,C,V160,,,200,Somet,,2,2000-01-13 00:00:00,2006-01-09 00:00:00,,6,2188,2188,99999
200208,112.11,C,VL10,,,160,Somet,,2,2003-03-18 00:00:00,2009-03-13 00:00:00,2009-03-13 00:00:00,6,2187,0,2128
200211,112.11,C,VL10,,,160,Somet,,2,2003-03-18 00:00:00,2009-03-13 00:00:00,2009-03-13 00:00:00,6,2187,0,2128
200228,112.11,C,VL10,,,160,Somet,,2,2003-03-18 00:00:00,2009-03-13 00:00:00,2009-03-13 00:00:00,6,2187,0,2128
200359,112.11,C,VL10,,,150,Somet,,2,1998-01-19 00:00:00,2004-01-15 00:00:00,,6,2187,2187,99999
200419,112.11,C,VL10,,,150,Somet,,2,1998-01-19 00:00:00,2004-01-15 00:00:00,,6,2187,2187,99999
304832,112.11,C,V180,,,300,Somet,,2,2004-04-19 00:00:00,2010-04-15 00:00:00,2010-04-15 00:00:00,6,2187,0,1696
41600,112.11,D,V 10,,,400,,,4,2000-11-13 00:00:00,2006-11-09 00:00:00,,4,2187,2187,99999
1015978,112.12,C,PSZ/3,PSZ/3,Údržba,150,,,3,2013-11-19 00:00:00,2019-11-14 00:00:00,,3,2186,2186,99999
1016732,112.12,D,PSZ/3,,,150,,,3,2013-11-19 00:00:00,2019-11-14 00:00:00,,3,2186,2186,99999
1021750,112.12,B,PSW-T,PSW-T,TK,200,Filletta,,3,2013-03-12 00:00:00,2019-03-07 00:00:00,,3,2186,2186,99999
38533,112.12,D,V 29,,,150,Mitutoyo,500,4,2000-11-08 00:00:00,2006-11-03 00:00:00,,2,2186,2186,99999
1025605,112.12,D,PSW-T,,,150,Filletta,,3,2016-05-23 00:00:00,2022-05-17 00:00:00,,3,2185,2185,99999
200349,112.11,C,VL10,,,150,Somet,,2,1999-09-14 00:00:00,2005-09-07 00:00:00,2005-09-07 00:00:00,6,2185,0,840
202303,112.11,C,V160,,,150,Somet,,2,1999-11-16 00:00:00,2005-11-09 00:00:00,2005-11-09 00:00:00,6,2185,0,481
3107271,112.11,C,VL20,PFO-B/2,Údržba,150,Kinex,,2,2019-05-22 00:00:00,2025-05-15 00:00:00,,2,2185,2185,99999
202298,112.11,C,V160,,,150,Somet,,2,2000-11-22 00:00:00,2006-11-15 00:00:00,2006-11-15 00:00:00,6,2184,0,852
306247,112.11,C,V180,,,150,Somet,,2,1999-12-17 00:00:00,2005-12-09 00:00:00,,6,2184,2184,99999
3107268,112.11,C,VL20,PFO-B/2,Údržba,150,Kinex,,2,2019-05-22 00:00:00,2025-05-14 00:00:00,2025-05-14 00:00:00,2,2184,0,2163
3107269,112.11,C,VL20,PFO-B/2,Údržba,150,Kinex,,2,2019-05-22 00:00:00,2025-05-14 00:00:00,,2,2184,2184,99999
3107272,112.11,C,VL20,,,150,Kinex,,2,2019-05-22 00:00:00,2025-05-14 00:00:00,,2,2184,2184,99999
36392,112.12,B,PSW-T,PSW-T,TK,150,,,4,2001-10-25 00:00:00,2007-10-18 00:00:00,,3,2184,2184,99999
43256,112.11,D,V 10,,,,,,3,2002-09-17 00:00:00,2008-09-09 00:00:00,2008-09-09 00:00:00,,2184,699,2113
202278,112.11,C,V160,,,150,Somet,,2,1999-12-17 00:00:00,2005-12-08 00:00:00,2005-12-08 00:00:00,6,2183,0,510
306259,112.11,C,V180,,,150,Somet,,2,2000-11-22 00:00:00,2006-11-14 00:00:00,,6,2183,2183,99999
306265,112.11,C,V180,,,150,Somet,,2,2000-11-22 00:00:00,2006-11-14 00:00:00,,6,2183,2183,99999
3107207,112.11,C,VL20,,,150,Kinex,,2,2019-05-24 00:00:00,2025-05-15 00:00:00,2025-05-15 00:00:00,2,2183,0,2172
3107247,112.11,C,VL20,PFO-B/2,Údržba,150,Kinex,,2,2019-05-24 00:00:00,2025-05-15 00:00:00,,2,2183,2183,99999
3107250,112.11,C,VL20,PFO-B/2,Údržba,150,Kinex,,2,2019-05-24 00:00:00,2025-05-15 00:00:00,,2,2183,2183,99999
3107254,112.11,C,VL20,PFO-B/2,Údržba,150,Kinex,,2,2019-05-24 00:00:00,2025-05-15 00:00:00,,2,2183,2183,99999
3107255,112.11,C,VL20,PFO-B/2,Údržba,150,Kinex,,2,2019-05-24 00:00:00,2025-05-15 00:00:00,,2,2183,2183,99999
3107257,112.11,C,VL20,PFO-B/2,Údržba,150,Kinex,,2,2019-05-24 00:00:00,2025-05-15 00:00:00,2025-05-15 00:00:00,2,2183,0,2164
311187,112.12,D,V 22,,,150,Somet,907,8,2008-06-17 00:00:00,2015-03-05 00:00:00,2014-06-09 00:00:00,1,2183,1784,2169
45257,112.12,D,V 31,PSW-P,Obrábění,150,HHW,,3,2003-02-04 00:00:00,2009-01-26 00:00:00,,4,2183,2183,99999
3105752,112.11,C,VK20,,,150,Würth,,2,2018-11-30 00:00:00,2024-11-20 00:00:00,,4,2182,2182,99999
3107244,112.11,C,VL20,PFO-B/2,Údržba,150,Kinex,,2,2019-05-24 00:00:00,2025-05-14 00:00:00,2025-05-14 00:00:00,2,2182,0,2163
3107245,112.11,C,VL20,PFO-B/2,Údržba,150,Kinex,,2,2019-05-24 00:00:00,2025-05-14 00:00:00,,2,2182,2182,99999
3107251,112.11,C,VL20,,,150,Kinex,,2,2019-05-24 00:00:00,2025-05-14 00:00:00,,2,2182,2182,99999
3107258,112.11,C,VL20,,,150,Kinex,,2,2019-05-24 00:00:00,2025-05-14 00:00:00,,2,2182,2182,99999
3107261,112.11,C,VL20,PFO-B/2,Údržba,150,Kinex,,2,2019-05-24 00:00:00,2025-05-14 00:00:00,,2,2182,2182,99999
3107262,112.11,C,VL20,,,150,Kinex,,2,2019-05-24 00:00:00,2025-05-14 00:00:00,2025-05-14 00:00:00,2,2182,0,2163
3107263,112.11,C,VL20,,,150,Kinex,,2,2019-05-24 00:00:00,2025-05-14 00:00:00,,2,2182,2182,99999
3107265,112.11,C,VL20,PFO-B/2,Údržba,150,Kinex,,2,2019-05-24 00:00:00,2025-05-14 00:00:00,,2,2182,2182,99999
41751,112.12,D,V 10,PSW-F,Hutě,200,Mitutoyo,,4,2001-06-07 00:00:00,2007-05-29 00:00:00,,4,2182,2182,99999
3106331,112.12,C,V160,PFO-P/31,Údržba,200,,,2,2019-02-07 00:00:00,2025-01-27 00:00:00,,4,2181,2181,99999
3107246,112.11,C,VL20,,,150,Kinex,,2,2019-05-24 00:00:00,2025-05-13 00:00:00,,2,2181,2181,99999
3107249,112.11,C,VL20,,,150,Kinex,,2,2019-05-24 00:00:00,2025-05-13 00:00:00,,2,2181,2181,99999
3107253,112.11,C,VL20,,,150,Kinex,,2,2019-05-24 00:00:00,2025-05-13 00:00:00,,2,2181,2181,99999
3107256,112.11,C,VL20,,,150,Kinex,,2,2019-05-24 00:00:00,2025-05-13 00:00:00,,2,2181,2181,99999
3107264,112.11,C,VL20,,,150,Kinex,,2,2019-05-24 00:00:00,2025-05-13 00:00:00,,2,2181,2181,99999
3107266,112.11,C,VL20,,,150,Kinex,,2,2019-05-24 00:00:00,2025-05-13 00:00:00,,2,2181,2181,99999
3107267,112.11,C,VL20,,,150,Kinex,,2,2019-05-24 00:00:00,2025-05-13 00:00:00,,2,2181,2181,99999
202338,112.11,B,V160,PFO-P/3,Vedení,150,Somet,,2,1999-09-20 00:00:00,2005-09-08 00:00:00,2005-09-08 00:00:00,6,2180,0,415
38546,112.12,D,V 29,,,150,TESA,,4,2000-11-14 00:00:00,2006-11-03 00:00:00,,,2180,2180,99999
45428,112.11,B,V 29,PSW-S,Vedení,,,,3,2000-10-06 00:00:00,2006-09-25 00:00:00,,,2180,2180,99999
1030551,112.11,C,V 22,PKT/4,Údržba,160,Somet,11016651,2,2017-10-31 00:00:00,2023-10-19 00:00:00,,4,2179,2179,99999
200198,112.11,C,VL10,,,150,Somet,,2,2003-03-26 00:00:00,2009-03-13 00:00:00,2009-03-13 00:00:00,6,2179,0,2128
200214,112.11,C,VL10,,,160,Somet,,3,2003-03-26 00:00:00,2009-03-13 00:00:00,2009-03-13 00:00:00,6,2179,0,2128
200310,112.11,C,VL10,PFO-L/52,Údržba,160,Somet,,2,2003-03-26 00:00:00,2009-03-13 00:00:00,,6,2179,2179,99999
306251,112.11,C,V180,,,150,Somet,,2,2000-11-21 00:00:00,2006-11-09 00:00:00,2006-11-09 00:00:00,6,2179,0,339
47624,112.12,D,V 31,PSW-P,Obrábění,160,Somet,,3,2004-04-26 00:00:00,2010-04-14 00:00:00,,4,2179,2179,99999
1022976,112.12,D,PSW-T,,,150,Somet,,3,2015-04-20 00:00:00,2021-04-06 00:00:00,2021-04-06 00:00:00,3,2178,1081,2036
41543,112.12,D,V 10,,,160,Somet,,7,2002-08-08 00:00:00,2008-07-25 00:00:00,,4,2178,2178,99999
203144,112.11,D,V270,,,150,Somet,,2,2003-05-07 00:00:00,2009-04-22 00:00:00,2009-04-22 00:00:00,6,2177,0,1659
203247,112.11,C,V270,PF1-K,Údržba,160,Somet,,2,2001-04-18 00:00:00,2007-04-04 00:00:00,2007-04-04 00:00:00,6,2177,0,902
304545,112.11,B,VR Výdejna,EIB,Vývoj,150,,,3,2005-06-30 00:00:00,2011-06-16 00:00:00,,3,2177,2177,99999
304995,112.11,C,V180,,,150,Hommel,31007,2,2003-07-16 00:00:00,2009-07-01 00:00:00,,6,2177,2177,99999
41234,112.11,D,V 10,PSW-F,Obrábění,150,Mitutoyo,530,3,1999-09-15 00:00:00,2005-08-31 00:00:00,,,2177,2177,99999
1002095,112.12,D,V 29,PSW-V,Obrábění,200,Somet,,3,2009-07-01 00:00:00,2015-06-16 00:00:00,,4,2176,2176,99999
1024138,112.12,D,V 22,,,150,Schut,906,5,2015-12-08 00:00:00,2021-11-22 00:00:00,2021-11-22 00:00:00,1,2176,1784,2170
304953,112.11,C,V180,PFO-P/31,Údržba,160,Somet,,2,2000-11-24 00:00:00,2006-11-09 00:00:00,2006-11-09 00:00:00,6,2176,0,437
37331,112.11,D,V 22,,,150,Somet,,4,2002-01-30 00:00:00,2008-01-14 00:00:00,,2,2175,2175,99999
41776,112.12,D,V 10,PSW-F,Obrábění,300,Mitutoyo,,3,2000-11-09 00:00:00,2006-10-24 00:00:00,,2,2175,2175,99999
1017965,112.12,D,V270,,,150,MITAKO,,3,2014-02-18 00:00:00,2020-01-31 00:00:00,,4,2173,2173,99999
1006118,112.12,D,V 22,,,150,MITAKO,907,6,2011-05-03 00:00:00,2017-04-12 00:00:00,,1,2171,2171,99999
37338,112.11,D,V 22,,,160,Somet,,4,2002-02-05 00:00:00,2008-01-16 00:00:00,,2,2171,2171,99999
41722,112.12,C,V 10,PAP,Montáž,150,Sylvac,,4,2000-11-07 00:00:00,2006-10-18 00:00:00,,2,2171,2171,99999
37339,112.11,D,V 22,,,150,China,,4,2002-02-05 00:00:00,2008-01-15 00:00:00,,2,2170,2170,99999
37368,112.11,D,V 22,,,160,Somet,,4,2002-02-04 00:00:00,2008-01-14 00:00:00,2008-01-14 00:00:00,2,2170,1451,2170
202300,112.11,C,V160,,,150,Somet,,2,2001-03-29 00:00:00,2007-03-06 00:00:00,2007-03-06 00:00:00,6,2168,0,963
1023927,112.12,D,V 22,,,150,Schut,906,6,2015-10-20 00:00:00,2021-09-24 00:00:00,2021-09-24 00:00:00,1,2166,1200,2136
41790,112.12,D,V 10,,,300,,,4,2000-10-20 00:00:00,2006-09-25 00:00:00,,4,2166,2166,99999
42180,112.12,C,V 10,PSW-F,Montáž,160,Somet,,3,2004-10-26 00:00:00,2010-10-01 00:00:00,2010-10-01 00:00:00,4,2166,730,2907
1002313,112.11,D,V 10,PSW-F,Obrábění,160,Somet,,3,2009-08-11 00:00:00,2015-07-16 00:00:00,2015-07-16 00:00:00,4,2165,636,2155
1029972,112.12,C,V160,,,150,Kinex,,2,2017-09-06 00:00:00,2023-08-10 00:00:00,2023-08-10 00:00:00,4,2164,0,2156
200232,112.11,C,VL10,,,160,Somet,,2,1999-02-24 00:00:00,2005-01-26 00:00:00,,6,2163,2163,99999
200233,112.11,C,VL10,,,160,Somet,,2,1999-02-24 00:00:00,2005-01-26 00:00:00,,6,2163,2163,99999
200348,112.11,C,VL10,,,160,Somet,,2,1999-02-24 00:00:00,2005-01-26 00:00:00,2005-01-26 00:00:00,,2163,0,616
200354,112.11,C,VL10,,,160,Somet,,2,1999-02-24 00:00:00,2005-01-26 00:00:00,,6,2163,2163,99999
200358,112.11,C,VL10,,,160,Somet,,2,1999-02-24 00:00:00,2005-01-26 00:00:00,2005-01-26 00:00:00,6,2163,0,616
44862,112.11,,V 31,,,150,Somet,,3,2000-12-06 00:00:00,2006-11-08 00:00:00,,,2163,2163,99999
28116,112.12,D,V 22,,,150,,,3,2000-06-28 00:00:00,2006-05-29 00:00:00,,1,2161,2161,99999
305493,112.11,C,V 10,PSW-F,Montáž,160,Somet,,3,2005-09-05 00:00:00,2011-08-05 00:00:00,,4,2160,2160,99999
45997,112.12,C,V 10,PSW-F,Montáž,160,Somet,,3,2003-08-12 00:00:00,2009-07-09 00:00:00,,4,2158,2158,99999
1030169,112.12,C,V270,PF1-K,Údržba,150,KMITEX,,3,2017-09-12 00:00:00,2023-08-08 00:00:00,,4,2156,2156,99999
3105864,112.12,D,V 22,PKG,Hutě,300,Insize,1112-300,5,2018-11-30 00:00:00,2024-10-25 00:00:00,,1,2156,2156,99999
200242,112.11,C,VL10,,,160,Somet,,2,1999-02-24 00:00:00,2005-01-18 00:00:00,,6,2155,2155,99999
200252,112.11,C,VL10,PFO-L/1,Údržba,160,Somet,,2,1999-02-24 00:00:00,2005-01-18 00:00:00,,6,2155,2155,99999
200262,112.11,C,VL10,,,160,Somet,,2,1999-02-24 00:00:00,2005-01-18 00:00:00,,6,2155,2155,99999
200263,112.11,C,VL10,,,160,Somet,,2,1999-02-24 00:00:00,2005-01-18 00:00:00,,6,2155,2155,99999
41624,112.11,D,V 10,,,600,,,4,2000-12-06 00:00:00,2006-10-30 00:00:00,,4,2154,2154,99999
1022920,112.12,D,V 22,,,150,Mahr,16ER,4,2015-08-27 00:00:00,2021-07-19 00:00:00,2021-07-19 00:00:00,1,2153,1632,2145
1012733,112.11,D,PSZ/3,,,250,,,3,2012-09-25 00:00:00,2018-08-14 00:00:00,2018-08-14 00:00:00,3,2149,1064,1970
200231,112.11,C,VL10,,,160,Somet,,2,1999-02-24 00:00:00,2005-01-12 00:00:00,,6,2149,2149,99999
41730,112.12,D,V 29,,,200,,,4,2000-11-06 00:00:00,2006-09-22 00:00:00,,,2146,2146,99999
3105677,112.12,C,VK20,,,150,Würth,,2,2018-11-19 00:00:00,2024-10-02 00:00:00,,4,2144,2144,99999
27206,112.12,D,V 22,,,300,Mitutoyo,500,4,1999-02-04 00:00:00,2004-12-17 00:00:00,,2,2143,2143,99999
306594,112.12,D,V 22,,,300,Somet,,6,2006-01-30 00:00:00,2011-12-13 00:00:00,,2,2143,2143,99999
1025463,112.12,D,V 22,PKG,Hutě,300,Somet,907,10,2016-05-17 00:00:00,2024-06-06 00:00:00,2022-03-29 00:00:00,1,2142,1715,2127
41497,112.11,C,V 10,PSW-F,Montáž,300,,,3,2002-01-31 00:00:00,2007-12-13 00:00:00,2007-12-13 00:00:00,4,2142,753,1914
311815,112.11,D,V 22,,,160,Somet,,4,2008-10-31 00:00:00,2014-09-08 00:00:00,,4,2138,2138,99999
43235,112.11,D,V 10,PSW-F,Obrábění,400,,,3,2002-09-17 00:00:00,2008-07-25 00:00:00,2008-07-25 00:00:00,4,2138,696,2068
1015490,112.12,D,VR/PKD/31,PKD/11,Obrábění,150,Mahr,16EWR,7,2013-09-03 00:00:00,2019-07-11 00:00:00,2019-07-11 00:00:00,1,2137,1956,2137
1027886,112.12,D,V 22,,,150,,,3,2017-01-04 00:00:00,2022-11-11 00:00:00,,4,2137,2137,99999
1030607,112.12,D,V 22,,,150,MITAKO,907,9,2017-11-08 00:00:00,2025-03-03 00:00:00,2023-09-15 00:00:00,1,2137,1734,2132
309170,112.11,D,PSZ/3,PSZ/3,Obrábění,160,Somet,11016611,4,2007-06-11 00:00:00,2013-06-07 00:00:00,2013-04-16 00:00:00,3,2136,1110,2114
1030609,112.12,D,V 22,PKG,Obrábění,150,MITAKO,907,8,2017-11-08 00:00:00,2025-03-18 00:00:00,2023-09-12 00:00:00,1,2134,1736,2129
1011769,112.12,D,V 22,,,150,MITAKO,907,5,2013-01-09 00:00:00,2018-11-12 00:00:00,,1,2133,2133,99999
1024215,112.12,D,VR/PKD/31,PKD/13,Hutě,,Kinex,,4,2015-11-12 00:00:00,2022-05-20 00:00:00,2021-09-13 00:00:00,1,2132,449,2078
1028456,112.12,D,VR/PKD/31,PKD/12,Obrábění,150,Mahr,,4,2016-03-14 00:00:00,2022-01-14 00:00:00,,1,2132,2132,99999
3105544,112.12,D,VR/PKD/31,,,200,Mitutoyo,500,4,2018-10-26 00:00:00,2024-08-26 00:00:00,,2,2131,2131,99999
1006700,112.12,D,V 22,PKG,Hutě,300,,907,11,2011-06-27 00:00:00,2025-03-03 00:00:00,2017-04-24 00:00:00,1,2128,0,2100
1043320,112.11,B,V 10,PSW-T,Sklad,150,Kinex,,3,2018-03-29 00:00:00,2024-01-24 00:00:00,,4,2127,2127,99999
1014591,112.12,D,V 22,,,150,MITAKO,907,6,2013-06-19 00:00:00,2019-04-12 00:00:00,,1,2123,2123,99999
1043235,112.12,D,V 22,PKG,Hutě,200,Schut,906,3,2018-01-21 00:00:00,2023-11-13 00:00:00,,3,2122,2122,99999
304881,112.11,C,V160,,,600,Somet,,2,2004-03-24 00:00:00,2010-01-14 00:00:00,,6,2122,2122,99999
3106325,112.12,C,V160,PFO-P/21,Údržba,200,,,2,2019-02-07 00:00:00,2024-11-27 00:00:00,,4,2120,2120,99999
202538,112.12,C,V160,,,200,Mitutoyo,500,3,2004-02-16 00:00:00,2009-12-04 00:00:00,,4,2118,2118,99999
41287,112.11,C,V 10,PSW-F,Montáž,150,,,3,2002-09-17 00:00:00,2008-07-04 00:00:00,,4,2117,2117,99999
45277,112.12,,V 31,,,200,Somet,,3,2001-09-12 00:00:00,2007-06-29 00:00:00,,4,2116,2116,99999
1043339,112.11,D,PSZ/3,PSZ/3,Obrábění,150,Kinex,,2,2018-03-29 00:00:00,2024-01-09 00:00:00,,3,2112,2112,99999
310381,112.12,C,M6,,,150,,14015459,13,2008-02-01 00:00:00,2020-07-09 00:00:00,2013-11-13 00:00:00,1,2112,1756,2105
43234,112.11,D,V 10,PSW-F,Obrábění,400,,,3,2002-09-23 00:00:00,2008-07-04 00:00:00,2008-07-04 00:00:00,4,2111,693,2047
1002305,112.11,D,V 10,PSW-F,Obrábění,300,BOS HK,,3,2009-08-17 00:00:00,2015-05-25 00:00:00,2015-05-25 00:00:00,4,2107,637,2103
1002308,112.11,C,V 10,PSW-F,Montáž,300,BOS HK,,3,2009-08-17 00:00:00,2015-05-25 00:00:00,,4,2107,2107,99999
305499,112.11,D,V 10,PSW-F,Obrábění,160,Somet,,3,2005-09-05 00:00:00,2011-06-13 00:00:00,,4,2107,2107,99999
1005980,112.11,D,V 22,PKG,Hutě,160,,11016611,6,2011-04-15 00:00:00,2023-04-11 00:00:00,2017-01-17 00:00:00,5,2104,959,2101
36860,112.11,D,V 22,,,,Mitutoyo,533,3,2001-11-29 00:00:00,2007-08-29 00:00:00,,3,2099,2099,99999
33585,112.11,D,V 22,,,160,Somet,,4,2001-02-01 00:00:00,2006-10-31 00:00:00,,4,2098,2098,99999
1030168,112.12,C,V270,PF2-K,Údržba,150,KMITEX,,2,2017-09-12 00:00:00,2023-06-09 00:00:00,,4,2096,2096,99999
38518,112.12,D,V 10,PSW-F,Obrábění,150,Somet,,4,2001-10-02 00:00:00,2007-06-29 00:00:00,,4,2096,2096,99999
1024684,112.12,D,V 22,,,150,MITAKO,907,3,2016-02-11 00:00:00,2021-11-05 00:00:00,,4,2094,2094,99999
1024692,112.12,C,V 22,PKT/4,Údržba,150,MITAKO,907,2,2016-02-11 00:00:00,2021-11-05 00:00:00,,4,2094,2094,99999
3106624,112.12,C,VR/PKD/31,PKD/3,Údržba,150,Mitutoyo,500,3,2019-02-07 00:00:00,2024-10-31 00:00:00,,3,2093,2093,99999
1029849,112.12,D,V 22,,,300,Mitutoyo,551,4,2017-08-24 00:00:00,2023-10-17 00:00:00,2023-05-17 00:00:00,1,2092,1106,2084
41741,112.12,D,V 10,PSW-F,Obrábění,200,Mitutoyo,,4,2000-11-08 00:00:00,2006-08-01 00:00:00,,4,2092,2092,99999
45805,112.12,D,V 29,,,300,Mitutoyo,550,3,1999-09-03 00:00:00,2005-05-26 00:00:00,,,2092,2092,99999
3110407,112.12,D,VR/PKD/31,PKD/11,Obrábění,150,Mahr,,5,2019-07-12 00:00:00,2025-04-01 00:00:00,,1,2090,2090,99999
47619,112.12,D,V 31,PSW-P,Obrábění,160,Somet,,2,2004-04-26 00:00:00,2010-01-14 00:00:00,,4,2089,2089,99999
1017306,112.12,C,PSZ/3,PSZ/3,Údržba,150,,,3,2013-12-09 00:00:00,2019-08-27 00:00:00,2019-08-27 00:00:00,3,2087,968,2084
301818,112.12,D,V 22,PKG,Obrábění,160,Somet,14016458,13,2004-12-14 00:00:00,2024-03-22 00:00:00,2010-09-01 00:00:00,2,2087,1225,2073
309569,112.12,D,V 22,,,200,Somet,14020459,6,2007-09-04 00:00:00,2014-08-27 00:00:00,2013-05-22 00:00:00,1,2087,1703,2065
1029987,112.12,C,V160,PFO-P/31,Údržba,150,Kinex,,3,2017-09-06 00:00:00,2023-05-24 00:00:00,,4,2086,2086,99999
1029988,112.12,C,V160,PFO-P/31,Údržba,150,Kinex,,3,2017-09-06 00:00:00,2023-05-24 00:00:00,,4,2086,2086,99999
1043357,112.12,D,VR/PKD/31,PKD/11,Obrábění,150,Mahr,,5,2018-03-13 00:00:00,2023-11-28 00:00:00,,1,2086,2086,99999
3107259,112.11,C,VL20,,,150,Kinex,,2,2019-08-30 00:00:00,2025-05-15 00:00:00,,2,2085,2085,99999
3109677,112.11,D,PSZ/3,PSZ/3,Obrábění,300,,,2,2019-11-15 00:00:00,2025-07-31 00:00:00,,3,2085,2085,99999
31030,112.11,D,V 22,,,160,Somet,,5,2000-09-18 00:00:00,2006-05-31 00:00:00,,1,2081,2081,99999
3105646,112.12,A,VR/GQH,GQH-2,Kvalita,150,,R135341,3,2018-11-27 00:00:00,2024-08-08 00:00:00,,3,2081,2081,99999
1017496,112.12,D,VR/PKD/31,PKD/11,Obrábění,150,Mahr,,5,2013-12-03 00:00:00,2019-08-14 00:00:00,2019-08-14 00:00:00,1,2080,1647,2050
1030166,112.12,A,V270,GQF-3,Kvalita,150,KMITEX,,2,2017-09-12 00:00:00,2023-05-24 00:00:00,,4,2080,2080,99999
1030167,112.12,C,V270,PF1-K,Údržba,150,KMITEX,,3,2017-09-12 00:00:00,2023-05-24 00:00:00,,4,2080,2080,99999
1030170,112.12,C,V270,PF1-K,Údržba,150,KMITEX,,3,2017-09-12 00:00:00,2023-05-24 00:00:00,,4,2080,2080,99999
1016709,112.12,D,VR/PKD/31,PKD/11,Obrábění,150,Mahr,,6,2013-10-22 00:00:00,2019-07-01 00:00:00,,1,2078,2078,99999
307732,112.12,D,V 29,PSW-V,Obrábění,200,Mitutoyo,500,3,2006-08-09 00:00:00,2012-04-16 00:00:00,,4,2077,2077,99999
1002847,112.12,D,V270,,,150,,,3,2009-10-23 00:00:00,2015-06-30 00:00:00,2015-06-30 00:00:00,4,2076,593,2055
42182,112.12,B,V 29,PSW-S,Vedení,160,Somet,,4,2002-10-01 00:00:00,2008-05-29 00:00:00,,4,2067,2067,99999
1029817,112.12,D,V 29,PSW-V,Obrábění,150,Filletta,,3,2017-07-31 00:00:00,2023-03-28 00:00:00,2023-03-28 00:00:00,4,2066,1438,2038
1008550,112.11,D,V 22,,,160,Somet,11016551,4,2012-02-03 00:00:00,2020-05-20 00:00:00,2017-09-25 00:00:00,2,2061,0,2020
1030163,112.12,B,V270,PF1/1,Provozní laboratoř,150,KMITEX,,2,2017-09-12 00:00:00,2023-05-05 00:00:00,,4,2061,2061,99999
48255,112.12,D,V 29,,,200,Somet,,2,2004-10-26 00:00:00,2010-06-18 00:00:00,2010-06-18 00:00:00,4,2061,0,2045
3107399,112.12,D,VR/PKD/31,PKD/11,Obrábění,150,Mahr,,5,2019-08-14 00:00:00,2025-04-01 00:00:00,,1,2057,2057,99999
1022346,112.11,D,V 22,,,160,Schut,11016551,6,2015-06-08 00:00:00,2021-01-22 00:00:00,,1,2055,2055,99999
16093,112.11,C,M6,,,150,Somet,,6,2000-05-05 00:00:00,2005-12-19 00:00:00,,2,2054,2054,99999
1029293,112.12,D,V 22,PKG,Hutě,150,MITAKO,907,8,2017-05-23 00:00:00,2025-01-03 00:00:00,2023-01-05 00:00:00,1,2053,1540,2037
1043234,112.12,D,V 22,PKG,Hutě,200,Schut,906,5,2018-01-21 00:00:00,2023-11-29 00:00:00,2023-09-05 00:00:00,1,2053,1384,1993
3108879,112.12,D,V 22,,,300,Mitutoyo,551,4,2019-11-26 00:00:00,2025-07-02 00:00:00,,1,2045,2045,99999
42371,112.11,D,V 10,PSW-F,Obrábění,160,Somet,,3,2002-09-30 00:00:00,2008-05-05 00:00:00,,4,2044,2044,99999
302926,112.11,D,V 22,,,160,Somet,,3,2005-03-31 00:00:00,2010-11-03 00:00:00,,2,2043,2043,99999
3106757,112.12,B,V160,PFO-P/3,Vedení,150,Insize,,2,2019-03-13 00:00:00,2024-10-04 00:00:00,,4,2032,2032,99999
1018075,112.11,C,V270,PF2-K,Údržba,160,Somet,,2,2014-02-27 00:00:00,2019-09-19 00:00:00,,6,2030,2030,99999
1018262,112.12,D,V 22,PKG,Hutě,150,Schut,906,10,2014-03-25 00:00:00,2024-06-05 00:00:00,2019-10-15 00:00:00,1,2030,1667,2024
1012616,112.12,C,VR/PKD/31,PKD/3,Údržba,150,Mahr,,5,2012-12-11 00:00:00,2018-07-02 00:00:00,,2,2029,2029,99999
1030159,112.12,D,V270,,,150,KMITEX,,2,2017-09-12 00:00:00,2023-03-31 00:00:00,2023-03-31 00:00:00,4,2026,0,2016
30347,112.12,C,M6,,,150,,,5,2000-08-15 00:00:00,2006-03-03 00:00:00,2006-03-03 00:00:00,0,2026,1203,2026
311588,112.12,D,V 22,,,150,Somet,907,5,2008-09-25 00:00:00,2014-04-10 00:00:00,2014-04-10 00:00:00,1,2023,1603,2012
307017,112.12,D,V 10,PSW-F,Obrábění,160,Somet,,3,2006-04-07 00:00:00,2011-10-17 00:00:00,,4,2019,2019,99999
3105668,112.12,C,VK20,,,150,Würth,,2,2018-11-19 00:00:00,2024-05-30 00:00:00,,4,2019,2019,99999
301952,112.11,D,V 22,,,160,Somet,,2,2003-02-10 00:00:00,2008-08-20 00:00:00,,1,2018,2018,99999
3109501,112.12,D,PSZ/3,PSZ/3,Obrábění,300,,,2,2019-11-11 00:00:00,2025-05-19 00:00:00,2025-05-19 00:00:00,3,2016,0,1917
3111285,112.12,C,VR/PKD/31,PKD/15,Montáž,150,Mitutoyo,500,3,2019-09-09 00:00:00,2025-03-17 00:00:00,,5,2016,2016,99999
46418,112.12,D,V 29,,,150,TESA,,3,2003-10-21 00:00:00,2009-04-28 00:00:00,,4,2016,2016,99999
25295,112.11,C,M6,,,160,Somet,,4,2001-04-27 00:00:00,2006-11-02 00:00:00,,2,2015,2015,99999
38808,112.12,D,V 29,,,150,,,4,2001-11-21 00:00:00,2007-05-29 00:00:00,,4,2015,2015,99999
27503,112.12,D,V 22,,,300,Mitutoyo,500,6,2001-03-21 00:00:00,2006-09-25 00:00:00,2006-09-25 00:00:00,1,2014,1553,2379
1029975,112.12,C,V160,,,150,Kinex,,2,2017-09-06 00:00:00,2023-03-10 00:00:00,2023-03-10 00:00:00,4,2011,0,2003
1029984,112.12,C,V160,PFO-P/21,Údržba,150,Kinex,,2,2017-09-06 00:00:00,2023-03-10 00:00:00,,4,2011,2011,99999
1030161,112.12,C,V270,PF1-K,Údržba,150,KMITEX,,2,2017-09-12 00:00:00,2023-03-13 00:00:00,,4,2008,2008,99999
304594,112.12,D,V 22,,,160,Somet,,2,2002-12-18 00:00:00,2008-06-16 00:00:00,2008-06-16 00:00:00,4,2007,0,1064
3110408,112.12,D,VR/PKD/31,PKD/12,Obrábění,150,Mahr,,4,2019-07-12 00:00:00,2025-01-08 00:00:00,,1,2007,2007,99999
32227,112.12,D,V 22,,,150,Somet,,4,2000-10-11 00:00:00,2006-04-10 00:00:00,2006-04-10 00:00:00,2,2007,1624,1977
41693,112.12,D,V 10,,,150,Mitutoyo,500,3,1999-09-03 00:00:00,2005-02-28 00:00:00,,2,2005,2005,99999
1020003,112.12,D,V 22,,,150,MITAKO,907,7,2014-09-15 00:00:00,2020-07-09 00:00:00,2020-03-11 00:00:00,1,2004,1641,1989
1008557,112.11,D,V 22,,,160,Somet,11016611,5,2012-02-29 00:00:00,2017-11-13 00:00:00,2017-08-23 00:00:00,2,2002,1055,1987
3108964,112.12,D,V 22,,,150,,573,3,2019-11-28 00:00:00,2025-05-21 00:00:00,,2,2001,2001,99999
1017317,112.12,D,PSZ/3,PSZ/3,Obrábění,150,,,2,2013-12-06 00:00:00,2019-05-29 00:00:00,2019-05-29 00:00:00,3,2000,0,1994
1010721,112.12,C,M6,,,150,MITAKO,907,6,2012-09-13 00:00:00,2018-03-05 00:00:00,2018-03-05 00:00:00,1,1999,1965,1987
41753,112.12,D,V 10,PSW-F,Obrábění,200,Mitutoyo,,4,2000-11-21 00:00:00,2006-05-12 00:00:00,,4,1998,1998,99999
302927,112.11,D,V 22,,,160,Somet,,8,2005-03-31 00:00:00,2014-11-10 00:00:00,2010-09-17 00:00:00,2,1996,1239,1962
48258,112.12,D,V 29,,,200,Somet,,3,2004-10-26 00:00:00,2010-04-14 00:00:00,2010-04-14 00:00:00,4,1996,1322,1980
202997,112.12,D,V270,,,150,Somet,,2,2000-10-09 00:00:00,2006-03-27 00:00:00,2006-03-27 00:00:00,4,1995,0,556
1017311,112.12,C,PSZ/3,PSZ/3,Údržba,150,Insize,,2,2013-12-06 00:00:00,2019-05-23 00:00:00,2019-05-23 00:00:00,3,1994,0,1988
308818,112.12,D,V 22,,,160,Somet,14016459,6,2007-03-22 00:00:00,2012-09-05 00:00:00,,1,1994,1994,99999
1015822,112.11,D,PSZ/3,,,160,,,2,2013-09-09 00:00:00,2019-02-21 00:00:00,2019-02-21 00:00:00,3,1991,0,1989
1016935,112.11,D,V270,,,160,Somet,,3,2013-11-06 00:00:00,2019-04-25 00:00:00,2019-04-10 00:00:00,6,1981,0,1973
34037,112.12,D,V 22,,,150,Somet,,3,2001-03-23 00:00:00,2006-08-25 00:00:00,,4,1981,1981,99999
1030164,112.12,D,V270,,,150,KMITEX,,2,2017-09-12 00:00:00,2023-02-13 00:00:00,2023-02-13 00:00:00,4,1980,0,1970
32837,112.12,D,V 22,,,150,Somet,,6,2000-12-01 00:00:00,2006-05-04 00:00:00,,1,1980,1980,99999
305548,112.12,D,V 22,,,,Mitutoyo,500,6,2005-10-11 00:00:00,2011-03-11 00:00:00,2011-03-11 00:00:00,1,1977,1596,1981
1002165,112.12,D,V 22,,,150,,IS11111,3,2009-07-08 00:00:00,2014-12-05 00:00:00,,3,1976,1976,99999
1011787,112.12,D,V 22,,,150,MITAKO,907,7,2013-01-09 00:00:00,2018-06-07 00:00:00,,1,1975,1975,99999
3106759,112.12,C,V160,PFO-P/31,Údržba,150,Insize,,2,2019-03-13 00:00:00,2024-08-08 00:00:00,,4,1975,1975,99999
1002105,112.12,B,V 31,PSW-S,Vedení,150,Somet,,3,2009-07-01 00:00:00,2014-11-26 00:00:00,,4,1974,1974,99999
32147,112.12,D,V 22,,,150,Somet,,3,2000-11-08 00:00:00,2006-04-05 00:00:00,,3,1974,1974,99999
32225,112.12,C,M6,,,150,Somet,,6,2000-10-11 00:00:00,2006-03-08 00:00:00,,1,1974,1974,99999
35492,112.12,D,V 22,,,150,Somet,,4,2001-07-18 00:00:00,2006-12-11 00:00:00,,4,1972,1972,99999
34529,112.11,C,M6,,,,,,2,2001-04-13 00:00:00,2006-09-05 00:00:00,2006-09-05 00:00:00,,1971,0,1944
45233,112.12,,V 31,,,150,Mitutoyo,500,4,2002-10-24 00:00:00,2008-03-14 00:00:00,,4,1968,1968,99999
1007348,112.12,D,V 22,,,150,,,6,2011-10-13 00:00:00,2017-02-28 00:00:00,,1,1965,1965,99999
1030013,112.11,C,V160,PFO-P/31,Údržba,160,,,2,2017-09-07 00:00:00,2023-01-24 00:00:00,,6,1965,1965,99999
44925,112.11,D,V 31,PSW-P,Obrábění,150,Somet,,3,2003-02-18 00:00:00,2008-07-04 00:00:00,,4,1963,1963,99999
31067,112.11,D,V 22,,,160,Somet,,4,2000-09-18 00:00:00,2006-01-25 00:00:00,,2,1955,1955,99999
41452,112.11,D,V 10,PSW-F,Obrábění,300,China,,3,2001-06-06 00:00:00,2006-10-13 00:00:00,,4,1955,1955,99999
36825,112.11,D,V 22,,,160,Somet,,3,2001-11-23 00:00:00,2007-03-29 00:00:00,2007-03-29 00:00:00,2,1952,543,1952
38350,112.11,D,V 29,,,150,Kinex,,3,2001-03-15 00:00:00,2006-07-18 00:00:00,,,1951,1951,99999
35657,112.12,D,V 22,,,150,Somet,,6,2001-09-07 00:00:00,2007-01-09 00:00:00,,1,1950,1950,99999
1019999,112.11,D,V 22,,,160,Somet,11016611,3,2014-09-15 00:00:00,2020-01-16 00:00:00,,4,1949,1949,99999
1030165,112.12,C,V270,PF1-K,Svařovna,150,KMITEX,,2,2017-09-12 00:00:00,2023-01-13 00:00:00,,4,1949,1949,99999
310288,112.12,C,V180,,,160,Somet,14016459,2,2007-12-20 00:00:00,2013-04-18 00:00:00,2013-04-18 00:00:00,4,1946,0,1907
3107368,112.12,C,V270,PF1-K,Svařovna,150,Insize,,2,2019-06-18 00:00:00,2024-10-15 00:00:00,,4,1946,1946,99999
1020307,112.12,D,V 22,PKG,Hutě,300,,907,9,2014-10-22 00:00:00,2024-08-08 00:00:00,2020-02-17 00:00:00,1,1944,1548,1931
3107369,112.12,C,V270,PF2-K,Svařovna,150,Insize,,2,2019-06-18 00:00:00,2024-10-11 00:00:00,,4,1942,1942,99999
31028,112.11,D,V 22,,,160,Somet,,2,2000-09-18 00:00:00,2006-01-10 00:00:00,,2,1940,1940,99999
1026560,112.12,C,VK20,,,150,Würth,,2,2016-10-03 00:00:00,2022-01-24 00:00:00,,4,1939,1939,99999
41842,112.12,D,V 22,,,200,Somet,,3,2002-09-13 00:00:00,2008-01-04 00:00:00,2008-01-04 00:00:00,2,1939,1428,1921
41575,112.11,D,V 10,,,400,,,4,2000-10-11 00:00:00,2006-01-31 00:00:00,,3,1938,1938,99999
1024657,112.12,D,V 22,,,150,MITAKO,907,8,2016-02-17 00:00:00,2024-10-24 00:00:00,2021-06-04 00:00:00,1,1934,1242,1913
3109970,112.11,D,V 22,PKG,Hutě,160,Somet,11016551,2,2020-03-16 00:00:00,2025-07-02 00:00:00,2025-07-02 00:00:00,5,1934,0,1877
33250,112.12,D,V 22,,,300,Somet,,5,2001-01-30 00:00:00,2006-05-18 00:00:00,,1,1934,1934,99999
3104778,112.12,B,V 10,PSW-T,Sklad,200,Mitutoyo,,3,2018-07-11 00:00:00,2023-10-25 00:00:00,,4,1932,1932,99999
38348,112.11,D,V 29,,,150,Kinex,,3,2000-12-15 00:00:00,2006-03-31 00:00:00,,,1932,1932,99999
41728,112.12,D,V 10,,,200,,,5,2001-01-11 00:00:00,2006-07-18 00:00:00,2006-04-27 00:00:00,,1932,1188,1310
309958,112.12,D,V 22,,,160,Somet,14016459,6,2007-11-20 00:00:00,2013-03-04 00:00:00,,1,1931,1931,99999
3109944,112.12,C,V 22,PKT/4,Údržba,300,Insize,1112-300,2,2020-03-18 00:00:00,2025-06-30 00:00:00,,4,1930,1930,99999
1025458,112.11,C,V 22,PKT/21,Údržba,160,Somet,11016611,2,2016-05-12 00:00:00,2021-08-23 00:00:00,,4,1929,1929,99999
1011775,112.12,D,V 22,,,150,MITAKO,907,12,2013-01-09 00:00:00,2021-06-30 00:00:00,2018-04-20 00:00:00,1,1927,1799,1920
3110404,112.12,D,VR/PKD/31,PKD/11,Obrábění,150,Mitutoyo,500,4,2019-09-02 00:00:00,2024-12-11 00:00:00,,1,1927,1927,99999
44976,112.11,D,V 31,PSW-P,Obrábění,150,,,4,2002-01-07 00:00:00,2007-04-18 00:00:00,,4,1927,1927,99999
1022083,112.12,D,VR/PKD/31,PKD/11,Obrábění,150,Mahr,16EWR,8,2015-03-30 00:00:00,2023-09-18 00:00:00,2020-07-07 00:00:00,1,1926,1564,1877
33587,112.11,D,V 22,,,160,Somet,,3,2001-02-01 00:00:00,2006-05-12 00:00:00,,3,1926,1926,99999
1030155,112.12,B,V270,PFS-K/1,Vedení,150,KMITEX,,3,2017-09-12 00:00:00,2022-12-20 00:00:00,,2,1925,1925,99999
1004833,112.12,D,V270,,,150,,,3,2010-10-14 00:00:00,2016-01-19 00:00:00,,4,1923,1923,99999
3109954,112.12,D,V 22,PKH,Obrábění,150,Insize,1112-150,5,2020-03-18 00:00:00,2025-06-23 00:00:00,,1,1923,1923,99999
309900,112.11,D,V 10,PSW-F,Obrábění,160,Somet,11015611,3,2007-11-08 00:00:00,2013-02-11 00:00:00,2013-02-11 00:00:00,4,1922,445,1903
1019146,112.12,D,V 22,,,150,,907,6,2014-07-01 00:00:00,2020-02-11 00:00:00,2019-10-04 00:00:00,1,1921,1437,1915
201688,112.11,C,V260,,,150,China,,2,2003-11-14 00:00:00,2009-02-16 00:00:00,2009-02-16 00:00:00,5,1921,0,1921
3108880,112.12,D,V 22,PKH,Obrábění,300,Mitutoyo,551,3,2019-11-26 00:00:00,2025-02-28 00:00:00,,1,1921,1921,99999
306376,112.12,D,PSZ/3,PSZ/3,Obrábění,160,Somet,14016458,3,2005-12-05 00:00:00,2011-03-09 00:00:00,,3,1920,1920,99999
3105863,112.12,C,V 22,PKG,Údržba,300,Insize,1112-300,4,2018-11-30 00:00:00,2024-03-01 00:00:00,,4,1918,1918,99999
34408,112.11,D,V 22,,,150,Somet,,4,2001-04-19 00:00:00,2006-07-20 00:00:00,,2,1918,1918,99999
44924,112.11,C,V 31,PSW-P,Montáž,150,Somet,,3,2006-01-05 00:00:00,2011-04-07 00:00:00,,4,1918,1918,99999
3105859,112.12,C,V 22,PKT/4,Údržba,200,Insize,1112-200,2,2018-11-30 00:00:00,2024-02-29 00:00:00,,4,1917,1917,99999
305017,112.12,D,V 22,,,160,Somet,,2,2002-12-18 00:00:00,2008-03-17 00:00:00,,4,1916,1916,99999
39303,112.11,D,V 29,,,150,China,31-1723,3,2001-03-26 00:00:00,2006-06-23 00:00:00,,3,1915,1915,99999
44479,112.11,D,V 10,,,600,Somet,,3,2002-02-18 00:00:00,2007-05-17 00:00:00,,4,1914,1914,99999
1003673,112.12,D,V 10,PSW-F,Obrábění,150,,,3,2010-04-22 00:00:00,2015-07-17 00:00:00,,4,1912,1912,99999
310926,112.12,D,V 22,,,150,Somet,907,3,2008-04-17 00:00:00,2013-07-12 00:00:00,,1,1912,1912,99999
38742,112.11,D,V 29,,,150,,,3,2001-01-04 00:00:00,2006-03-31 00:00:00,,3,1912,1912,99999
1002031,112.12,D,V 22,,,150,Somet,907,9,2009-06-02 00:00:00,2018-10-25 00:00:00,2014-08-26 00:00:00,1,1911,840,1889
1002892,112.12,C,M6,,,150,,,4,2009-11-11 00:00:00,2015-02-04 00:00:00,,1,1911,1911,99999
1043274,112.12,D,V 22,,,150,MITAKO,907,4,2017-12-20 00:00:00,2025-06-23 00:00:00,2023-03-15 00:00:00,1,1911,0,1819
15065,112.12,A,V 22,GQH,Kvalita,150,HHW,,4,2001-09-14 00:00:00,2006-12-08 00:00:00,,2,1911,1911,99999
1030723,112.12,C,M6,PKP,Montáž,150,MITAKO,907,4,2017-11-16 00:00:00,2023-02-08 00:00:00,,3,1910,1910,99999
310929,112.12,D,V 22,,,150,Somet,907,5,2008-04-17 00:00:00,2013-07-09 00:00:00,2013-07-09 00:00:00,1,1909,1512,1894
1002823,112.12,C,V160,,,150,,,2,2009-10-23 00:00:00,2015-01-13 00:00:00,2015-01-13 00:00:00,4,1908,0,1888
1002824,112.12,C,V160,,,150,,,2,2009-10-23 00:00:00,2015-01-13 00:00:00,2015-01-13 00:00:00,4,1908,0,1888
38903,112.11,D,V 29,,,150,,,3,2000-12-14 00:00:00,2006-03-06 00:00:00,,,1908,1908,99999
41444,112.11,D,V 10,PSW-F,Obrábění,300,VIS,,3,2002-01-28 00:00:00,2007-04-18 00:00:00,,4,1906,1906,99999
1030023,112.12,C,V160,PFO-P/31,Údržba,150,,,2,2017-09-07 00:00:00,2022-11-25 00:00:00,,4,1905,1905,99999
1030160,112.12,C,V270,PF1-K,Svařovna,150,KMITEX,,2,2017-09-12 00:00:00,2022-11-28 00:00:00,,4,1903,1903,99999
26530,112.12,D,V 22,,,150,HHW,,4,2000-01-06 00:00:00,2005-03-23 00:00:00,2005-03-23 00:00:00,2,1903,1537,1903
38678,112.11,D,V 29,,,150,,,3,2000-12-15 00:00:00,2006-03-02 00:00:00,,4,1903,1903,99999
1043276,112.12,C,V 22,PKT/4,Údržba,150,MITAKO,907,2,2017-12-20 00:00:00,2023-03-06 00:00:00,,4,1902,1902,99999
1023698,112.12,C,V270,PF1-K,Svařovna,150,Insize,,2,2015-10-02 00:00:00,2020-12-14 00:00:00,,4,1900,1900,99999
45240,112.12,D,V 31,PSW-P,Obrábění,150,Mitutoyo,500,4,2002-02-04 00:00:00,2007-04-18 00:00:00,,4,1899,1899,99999
309567,112.12,D,V 22,,,160,Somet,14016459,14,2007-09-04 00:00:00,2020-09-07 00:00:00,2012-11-14 00:00:00,1,1898,1760,1876
31446,112.11,D,V 22,,,250,Somet,,2,1999-03-24 00:00:00,2004-06-03 00:00:00,,4,1898,1898,99999
31449,112.11,D,V 22,,,250,Somet,,2,1999-03-24 00:00:00,2004-06-03 00:00:00,,4,1898,1898,99999
1030024,112.12,C,V160,PFO-P/21,Údržba,150,,,2,2017-09-26 00:00:00,2022-12-05 00:00:00,,4,1896,1896,99999
1030025,112.12,C,V160,PFO-P/12,Lisovna,150,,,2,2017-09-26 00:00:00,2022-12-05 00:00:00,,4,1896,1896,99999
45211,112.12,,V 31,,,150,Mitutoyo,,4,2002-01-18 00:00:00,2007-03-29 00:00:00,,,1896,1896,99999
44836,112.11,D,V 31,PSW-P,Obrábění,120,,,4,2002-01-04 00:00:00,2007-03-14 00:00:00,,4,1895,1895,99999
45237,112.12,B,V 31,PSW-S,Vedení,150,Mitutoyo,500,4,2002-01-18 00:00:00,2007-03-28 00:00:00,,4,1895,1895,99999
1003676,112.12,C,V 10,PSW-F,Montáž,150,,,3,2010-04-22 00:00:00,2015-06-29 00:00:00,,4,1894,1894,99999
38355,112.11,D,V 29,,,150,Kinex,,3,2000-12-15 00:00:00,2006-02-21 00:00:00,,,1894,1894,99999
1029896,112.12,B,V 29,PSW-T,Sklad,150,Filletta,,2,2017-08-21 00:00:00,2022-10-27 00:00:00,,4,1893,1893,99999
203320,112.11,D,V270,,,150,China,,2,2000-09-22 00:00:00,2005-11-28 00:00:00,2005-11-28 00:00:00,6,1893,0,405
3109973,112.11,D,V 22,,,160,Somet,11016611,3,2020-03-16 00:00:00,2025-05-21 00:00:00,,1,1892,1892,99999
34600,112.12,D,V 22,,,200,Somet,,6,2001-05-16 00:00:00,2006-07-21 00:00:00,,1,1892,1892,99999
38656,112.11,D,V 29,,,400,Somet,,3,2002-01-07 00:00:00,2007-03-14 00:00:00,,4,1892,1892,99999
1012708,112.12,C,PSZ/3,PSZ/3,Údržba,150,,,3,2012-11-15 00:00:00,2018-01-18 00:00:00,,3,1890,1890,99999
3107533,112.12,D,VR/PKD/31,PKD/11,Obrábění,150,Mitutoyo,500,5,2019-07-09 00:00:00,2024-09-10 00:00:00,,1,1890,1890,99999
36730,112.12,D,V 22,,,150,Hommel,,3,2001-11-21 00:00:00,2007-01-24 00:00:00,,2,1890,1890,99999
41364,112.11,C,V 10,PSW-F,Montáž,160,Somet,,3,2002-02-18 00:00:00,2007-04-18 00:00:00,,4,1885,1885,99999
1004827,112.12,D,V270,,,150,,,2,2010-10-14 00:00:00,2015-12-11 00:00:00,,4,1884,1884,99999
38663,112.11,D,V 29,,,1000,Somet,,4,2002-03-08 00:00:00,2007-05-04 00:00:00,,4,1883,1883,99999
41370,112.11,D,V 10,PSW-F,Obrábění,160,Somet,,3,2002-02-07 00:00:00,2007-04-05 00:00:00,,,1883,1883,99999
1019381,112.12,D,V 22,,,150,Schut,906,6,2014-07-14 00:00:00,2019-09-05 00:00:00,2019-09-05 00:00:00,1,1879,1424,1869
311189,112.12,D,V 22,,,200,Somet,907,4,2008-06-17 00:00:00,2013-08-07 00:00:00,2013-08-07 00:00:00,1,1877,1385,1863
306432,112.12,B,PSW-T,PSW-T,TK,150,Sylvac,,3,2006-01-05 00:00:00,2011-02-23 00:00:00,,3,1875,1875,99999
3104912,112.11,C,V160,PFO-P/31,Údržba,160,Kinex,,2,2018-07-04 00:00:00,2023-08-22 00:00:00,,6,1875,1875,99999
38354,112.11,D,V 29,,,150,Kinex,,3,2001-05-10 00:00:00,2006-06-27 00:00:00,,,1874,1874,99999
39570,112.11,D,V 29,PSW-V,Obrábění,250,Somet,,5,2001-05-10 00:00:00,2010-06-28 00:00:00,2006-06-27 00:00:00,4,1874,770,1471
41265,112.11,C,V 10,PSW-F,Montáž,150,,,4,2002-01-24 00:00:00,2007-03-13 00:00:00,,4,1874,1874,99999
3107366,112.12,C,V270,PF1-K,Údržba,150,Insize,,2,2019-06-18 00:00:00,2024-08-02 00:00:00,,4,1872,1872,99999
41419,112.11,D,V 10,,,250,Somet,,4,2000-11-28 00:00:00,2006-01-13 00:00:00,,3,1872,1872,99999
306373,112.11,D,V270,,,160,Somet,11016551,2,2005-12-07 00:00:00,2011-01-21 00:00:00,,6,1871,1871,99999
1002577,112.11,D,V 22,,,160,Somet,,4,2009-09-22 00:00:00,2020-05-21 00:00:00,2014-11-05 00:00:00,5,1870,0,1863
3107532,112.12,D,VR/PKD/31,PKD/12,Obrábění,150,Mitutoyo,500,5,2019-07-09 00:00:00,2024-08-21 00:00:00,,1,1870,1870,99999
43271,112.12,D,V 10,,,200,Mitutoyo,,4,2002-10-14 00:00:00,2007-11-27 00:00:00,2007-11-27 00:00:00,4,1870,1068,1825
203042,112.11,D,V270,,,150,Somet,,2,2001-09-21 00:00:00,2006-11-03 00:00:00,2006-11-03 00:00:00,4,1869,0,771
38690,112.11,D,V 29,,,150,Somet,,3,2001-03-14 00:00:00,2006-04-26 00:00:00,,4,1869,1869,99999
1021031,112.11,B,V 10,PSW-T,Sklad,600,,,3,2015-01-21 00:00:00,2020-03-03 00:00:00,2020-03-03 00:00:00,4,1868,384,1854
1023919,112.12,B,V 22,PKT/1,TK,200,Schut,906,9,2015-10-22 00:00:00,2025-01-20 00:00:00,2020-12-02 00:00:00,1,1868,1478,1840
1026562,112.12,C,VK20,,,150,Würth,,2,2016-10-03 00:00:00,2021-11-12 00:00:00,,4,1866,1866,99999
38677,112.11,D,V 29,,,150,Somet,,3,2001-05-18 00:00:00,2006-06-27 00:00:00,,,1866,1866,99999
45989,112.12,D,V 10,,,160,Somet,,7,2003-08-12 00:00:00,2008-09-19 00:00:00,,4,1865,1865,99999
1027902,112.12,D,V 22,,,150,,,2,2017-01-04 00:00:00,2022-02-10 00:00:00,,4,1863,1863,99999
309706,112.12,D,V 22,,,200,Somet,907,8,2007-10-08 00:00:00,2024-08-05 00:00:00,2012-11-12 00:00:00,1,1862,368,1853
38904,112.11,D,V 29,,,150,,,3,2001-01-25 00:00:00,2006-02-28 00:00:00,,4,1860,1860,99999
1002380,112.12,D,V 22,,,150,,,6,2009-08-24 00:00:00,2014-09-26 00:00:00,,1,1859,1859,99999
304502,112.11,D,V 22,,,250,Somet,,3,2004-02-19 00:00:00,2009-03-23 00:00:00,,4,1859,1859,99999
3105685,112.12,C,VK30,,,150,Würth,,2,2018-11-19 00:00:00,2023-12-21 00:00:00,,4,1858,1858,99999
1003732,112.12,D,V 29,PSW-V,Obrábění,200,Somet,,3,2010-05-03 00:00:00,2015-06-03 00:00:00,,4,1857,1857,99999
1003734,112.12,D,V 10,PSW-F,Obrábění,200,Somet,,3,2010-05-03 00:00:00,2015-06-03 00:00:00,,4,1857,1857,99999
38897,112.11,D,V 29,,,150,China,,3,2001-05-16 00:00:00,2006-06-16 00:00:00,,3,1857,1857,99999
41726,112.12,D,V 10,PSW-F,Obrábění,200,,,4,2001-05-30 00:00:00,2006-06-30 00:00:00,,4,1857,1857,99999
1027517,112.12,D,V 22,,,150,MITAKO,907,9,2016-12-07 00:00:00,2025-05-07 00:00:00,2022-01-06 00:00:00,1,1856,1454,1851
1003727,112.12,B,V 10,PSW-T,Sklad,300,Somet,,3,2010-05-03 00:00:00,2015-06-01 00:00:00,,4,1855,1855,99999
3106131,112.12,C,VA30,PF1-M,Údržba,150,FACOM,,2,2019-01-16 00:00:00,2024-02-14 00:00:00,,5,1855,1855,99999
3106134,112.12,B,VA30,PF1/1,Provozní laboratoř,150,FACOM,,2,2019-01-16 00:00:00,2024-02-14 00:00:00,,5,1855,1855,99999
38805,112.11,D,V 29,,,400,,,3,2001-01-04 00:00:00,2006-02-02 00:00:00,,,1855,1855,99999
1005263,112.12,C,V 37,,,150,Mitutoyo,,3,2010-12-23 00:00:00,2016-01-20 00:00:00,2016-01-20 00:00:00,3,1854,767,1839
45285,112.11,D,V 29,,,250,,,3,2002-02-01 00:00:00,2007-03-01 00:00:00,,,1854,1854,99999
1027656,112.11,C,V 22,PKG,Údržba,160,Somet,11016611,3,2016-12-14 00:00:00,2022-03-07 00:00:00,2022-01-10 00:00:00,4,1853,0,1852
306672,112.12,D,V 22,,,160,Somet,14016458,3,2006-02-10 00:00:00,2011-03-09 00:00:00,,4,1853,1853,99999
309158,112.11,C,V 22,PKT/21,Údržba,160,Somet,11016551,6,2007-06-20 00:00:00,2025-03-20 00:00:00,2012-07-16 00:00:00,4,1853,0,1841
310358,112.12,D,V270,,,150,,14015459,5,2008-02-01 00:00:00,2020-12-14 00:00:00,2013-02-27 00:00:00,4,1853,0,1846
39036,112.11,D,V 29,,,150,Somet,,3,2001-05-16 00:00:00,2006-06-12 00:00:00,,,1853,1853,99999
201806,112.11,C,V260,,,300,KS TOOLS,,2,2003-11-14 00:00:00,2008-12-08 00:00:00,2008-12-08 00:00:00,5,1851,0,1851
310738,112.12,C,V160,,,150,,14015459,3,2008-03-25 00:00:00,2013-04-18 00:00:00,2013-04-18 00:00:00,4,1850,1483,1840
1023941,112.12,D,V 22,,,150,Schut,906,8,2015-10-22 00:00:00,2025-06-03 00:00:00,2020-11-13 00:00:00,1,1849,970,1821
1043240,112.12,D,V 22,,,150,Schut,906,4,2018-01-22 00:00:00,2025-05-12 00:00:00,2023-02-14 00:00:00,1,1849,0,1790
1043242,112.12,D,V 22,PKG,Hutě,150,Schut,906,3,2018-01-22 00:00:00,2023-11-29 00:00:00,2023-02-14 00:00:00,1,1849,0,1790
306490,112.12,D,V 22,,,150,Mitutoyo,500,4,2006-01-10 00:00:00,2011-02-02 00:00:00,,1,1849,1849,99999
1003729,112.12,D,V 10,PSW-F,Obrábění,300,Somet,,3,2010-05-03 00:00:00,2015-05-25 00:00:00,2015-05-25 00:00:00,4,1848,374,1838
1023943,112.12,D,V 22,,,150,Schut,906,8,2015-10-22 00:00:00,2025-01-13 00:00:00,2020-11-12 00:00:00,1,1848,854,1820
3106532,112.12,A,VR/GQH,GQH-2,Kvalita,150,Mitutoyo,,3,2019-02-07 00:00:00,2024-02-29 00:00:00,,3,1848,1848,99999
38684,112.11,D,V 29,,,150,Somet,,3,2000-10-19 00:00:00,2005-11-10 00:00:00,,,1848,1848,99999
40365,112.11,B,V 29,PSW-V,"Technologie, konstrukce",150,,,3,2001-06-05 00:00:00,2006-06-27 00:00:00,,0,1848,1848,99999
1030157,112.12,C,V270,PF2-K,Údržba,150,KMITEX,,2,2017-09-12 00:00:00,2022-10-03 00:00:00,,4,1847,1847,99999
201682,112.11,C,V260,,,150,Somet,,2,2003-11-14 00:00:00,2008-12-03 00:00:00,2008-12-03 00:00:00,5,1846,0,1846
201715,112.11,C,V260,,,150,Somet,,2,2003-11-14 00:00:00,2008-12-03 00:00:00,2008-12-03 00:00:00,5,1846,0,1846
201738,112.11,C,V260,,,150,Somet,,2,2003-11-14 00:00:00,2008-12-03 00:00:00,2008-12-03 00:00:00,5,1846,0,1846
3105994,112.12,D,V 22,PKG,Hutě,150,Schut,906,3,2018-12-17 00:00:00,2024-06-05 00:00:00,2024-01-05 00:00:00,1,1845,0,1842
3109645,112.12,D,V 22,,,150,Insize,1112-150,5,2020-02-17 00:00:00,2025-03-07 00:00:00,,1,1845,1845,99999
201680,112.11,C,V260,,,150,Würth,,2,2000-02-29 00:00:00,2005-03-18 00:00:00,2005-03-18 00:00:00,,1844,0,319
201702,112.11,C,V260,,,150,Würth,,2,2000-02-29 00:00:00,2005-03-18 00:00:00,2005-03-18 00:00:00,,1844,0,319
201712,112.11,C,V260,,,150,Würth,,2,2000-02-29 00:00:00,2005-03-18 00:00:00,2005-03-18 00:00:00,,1844,0,319
201732,112.11,C,V260,PAP,Montáž,150,Würth,,2,2003-11-14 00:00:00,2008-12-01 00:00:00,,5,1844,1844,99999
39037,112.11,B,V 29,PSW-V,"Technologie, konstrukce",150,China,,3,2001-05-30 00:00:00,2006-06-16 00:00:00,,,1843,1843,99999
201740,112.11,C,V260,,,150,Somet,,2,2004-03-16 00:00:00,2009-04-01 00:00:00,2009-04-01 00:00:00,5,1842,0,1842
1024040,112.12,D,V 22,,,750,Mitutoyo,551,6,2015-11-25 00:00:00,2025-01-16 00:00:00,2020-12-09 00:00:00,1,1841,1468,1835
1027422,112.12,C,V 37,,,150,,,2,2016-11-22 00:00:00,2021-12-07 00:00:00,,4,1841,1841,99999
1028468,112.12,B,V260,PFS-K/4,Sklad,150,FACOM,MPS150,2,2017-02-21 00:00:00,2022-03-08 00:00:00,,5,1841,1841,99999
1028469,112.12,B,V260,PFS-K/4,Sklad,150,FACOM,MPS150,2,2017-02-21 00:00:00,2022-03-08 00:00:00,,5,1841,1841,99999
3106126,112.12,B,VA30,PFS-K/4,Sklad,150,FACOM,,2,2019-01-16 00:00:00,2024-01-31 00:00:00,,5,1841,1841,99999
3106130,112.12,C,VA30,PF1-M,Údržba,150,FACOM,,2,2019-01-16 00:00:00,2024-01-31 00:00:00,,5,1841,1841,99999
3106135,112.12,C,VA30,PF1-M,Údržba,150,FACOM,,2,2019-01-16 00:00:00,2024-01-31 00:00:00,,5,1841,1841,99999
1043268,112.12,D,V 22,,,150,MITAKO,907,6,2017-12-20 00:00:00,2023-04-06 00:00:00,2023-01-03 00:00:00,1,1840,1426,1748
201808,112.12,C,V260,,,150,Mitutoyo,,2,2000-01-21 00:00:00,2005-02-03 00:00:00,2005-02-03 00:00:00,,1840,0,0
201811,112.12,C,V260,,,150,Mitutoyo,,2,2000-01-21 00:00:00,2005-02-03 00:00:00,2005-02-03 00:00:00,,1840,0,274
201828,112.12,C,V260,,,150,Mitutoyo,,2,2000-01-21 00:00:00,2005-02-03 00:00:00,2005-02-03 00:00:00,,1840,0,273
201832,112.12,C,V260,,,150,Mitutoyo,,2,2000-01-21 00:00:00,2005-02-03 00:00:00,2005-02-03 00:00:00,,1840,0,273
3106127,112.12,C,VA30,PF1-M,Údržba,150,FACOM,,2,2019-01-17 00:00:00,2024-01-31 00:00:00,,5,1840,1840,99999
3106129,112.12,C,VA30,PF1-M,Montáž,150,FACOM,,2,2019-01-17 00:00:00,2024-01-31 00:00:00,,5,1840,1840,99999
3106136,112.12,C,VA30,PF1-M,Údržba,150,FACOM,,2,2019-01-17 00:00:00,2024-01-31 00:00:00,,5,1840,1840,99999
3106140,112.12,C,VA30,PF1-M,Údržba,150,FACOM,,2,2019-01-17 00:00:00,2024-01-31 00:00:00,,5,1840,1840,99999
3106142,112.12,B,VA30,PF1-M,Vedení,150,FACOM,,2,2019-01-17 00:00:00,2024-01-31 00:00:00,,5,1840,1840,99999
3106144,112.12,C,VA30,PF1-M,Údržba,150,FACOM,,2,2019-01-17 00:00:00,2024-01-31 00:00:00,,5,1840,1840,99999
1012095,112.12,B,VR/PKD/33,PKD/3,TK,300,Mitutoyo,500,5,2013-02-07 00:00:00,2018-02-20 00:00:00,,2,1839,1839,99999
1012096,112.12,B,VR/PKD/33,PKD/3,TK,200,Mitutoyo,500,5,2013-02-07 00:00:00,2018-02-20 00:00:00,,2,1839,1839,99999
1042903,112.12,C,VR/PKD/31,PKD/3,Údržba,150,Mitutoyo,500,5,2017-10-26 00:00:00,2022-11-08 00:00:00,,3,1839,1839,99999
38397,112.11,D,V 29,,,150,Kinex,957,4,2001-01-04 00:00:00,2006-02-02 00:00:00,2006-01-17 00:00:00,,1839,750,1344
24833,112.12,D,V 22,,,150,,,4,2000-11-27 00:00:00,2005-12-08 00:00:00,2005-12-08 00:00:00,2,1837,1081,2264
1028303,112.12,C,V260,PF2-M,Montáž,150,FACOM,MPS150,2,2017-01-23 00:00:00,2022-02-02 00:00:00,,5,1836,1836,99999
1028306,112.12,B,V260,PFS-K/4,Sklad,150,FACOM,MPS150,2,2017-01-23 00:00:00,2022-02-02 00:00:00,,5,1836,1836,99999
1028310,112.12,B,V260,PFS-K/4,Sklad,150,FACOM,MPS150,2,2017-01-23 00:00:00,2022-02-02 00:00:00,2022-02-02 00:00:00,5,1836,0,1815
1028312,112.12,C,V260,PF2-M,Údržba,150,FACOM,MPS150,2,2017-01-23 00:00:00,2022-02-02 00:00:00,,5,1836,1836,99999
1028314,112.12,C,V260,PFS-M,Údržba,150,FACOM,MPS150,2,2017-01-23 00:00:00,2022-02-02 00:00:00,,5,1836,1836,99999
1028317,112.12,B,V260,PFS-K/4,Sklad,150,FACOM,MPS150,2,2017-01-23 00:00:00,2022-02-02 00:00:00,,5,1836,1836,99999
201729,112.11,C,V260,,,150,Somet,,2,2003-11-24 00:00:00,2008-12-03 00:00:00,2008-12-03 00:00:00,5,1836,0,1836
3106758,112.12,C,V160,PFO-P/31,Údržba,150,Insize,,2,2019-03-13 00:00:00,2024-03-22 00:00:00,,4,1836,1836,99999
1011187,112.12,D,VR/PKD/31,PKD/12,Obrábění,300,Mahr,,6,2012-10-31 00:00:00,2017-11-09 00:00:00,,1,1835,1835,99999
201674,112.11,C,V260,,,150,Würth,,2,2005-03-07 00:00:00,2010-03-16 00:00:00,2010-03-16 00:00:00,5,1835,0,1835
312115,112.11,C,V260,,,150,KS TOOLS,,2,2009-02-16 00:00:00,2014-02-25 00:00:00,2014-02-25 00:00:00,5,1835,0,1852
312118,112.11,C,V260,,,150,,,2,2009-02-16 00:00:00,2014-02-25 00:00:00,2014-02-25 00:00:00,5,1835,0,1852
1029719,112.11,B,VA30,PFS-K/4,Sklad,150,BOS HK,,2,2017-09-12 00:00:00,2022-09-20 00:00:00,,5,1834,1834,99999
1029727,112.11,B,VA30,PFS-K/4,Sklad,150,BOS HK,,2,2017-09-12 00:00:00,2022-09-20 00:00:00,,5,1834,1834,99999
1029728,112.11,B,VA30,PFS-K/4,Sklad,150,BOS HK,,2,2017-09-12 00:00:00,2022-09-20 00:00:00,2022-09-20 00:00:00,5,1834,0,1854
3107364,112.12,B,V270,PF2/1,Provozní laboratoř,150,Insize,,2,2019-06-18 00:00:00,2024-06-25 00:00:00,,4,1834,1834,99999
1029721,112.11,B,VA30,PFS-K/4,Sklad,150,BOS HK,,2,2017-09-13 00:00:00,2022-09-20 00:00:00,,5,1833,1833,99999
1029722,112.11,C,VA30,PFS-M,Údržba,150,BOS HK,,2,2017-09-13 00:00:00,2022-09-20 00:00:00,,5,1833,1833,99999
1029723,112.11,B,VA30,PFS-K/4,Sklad,150,BOS HK,,2,2017-09-13 00:00:00,2022-09-20 00:00:00,,5,1833,1833,99999
1029724,112.11,B,VA30,PFS-K/4,Sklad,150,BOS HK,,2,2017-09-13 00:00:00,2022-09-20 00:00:00,,5,1833,1833,99999
1029725,112.11,B,VA30,PFS-K/4,Sklad,150,BOS HK,,2,2017-09-13 00:00:00,2022-09-20 00:00:00,,5,1833,1833,99999
1029726,112.11,B,VA30,PFS-K/4,Sklad,150,BOS HK,,2,2017-09-13 00:00:00,2022-09-20 00:00:00,,5,1833,1833,99999
1030158,112.12,B,V270,PFS-K/1,Vedení,150,KMITEX,,2,2017-09-12 00:00:00,2022-09-19 00:00:00,,4,1833,1833,99999
38901,112.11,D,V 29,,,150,,,3,2001-06-05 00:00:00,2006-06-12 00:00:00,,,1833,1833,99999
3106125,112.12,B,VA30,PFS-K/4,Sklad,150,FACOM,,2,2019-01-17 00:00:00,2024-01-23 00:00:00,,5,1832,1832,99999
3106128,112.12,B,VA30,PFS-K/4,Sklad,150,FACOM,,2,2019-01-17 00:00:00,2024-01-23 00:00:00,,5,1832,1832,99999
3106137,112.12,B,VA30,PFS-K/4,Sklad,150,FACOM,,2,2019-01-16 00:00:00,2024-01-22 00:00:00,,5,1832,1832,99999
3106141,112.12,B,VA30,PFS-K/4,Sklad,150,FACOM,,2,2019-01-17 00:00:00,2024-01-23 00:00:00,,5,1832,1832,99999
44834,112.11,D,V 29,,,120,,,3,2002-02-14 00:00:00,2007-02-20 00:00:00,,4,1832,1832,99999
1003674,112.12,D,V 29,PSW-V,Obrábění,150,,,3,2010-04-22 00:00:00,2015-04-27 00:00:00,,4,1831,1831,99999
3106138,112.12,B,VA30,PFS-K/4,Sklad,150,FACOM,,2,2019-01-17 00:00:00,2024-01-22 00:00:00,,5,1831,1831,99999
3106139,112.12,B,VA30,PFS-K/4,Sklad,150,FACOM,,2,2019-01-17 00:00:00,2024-01-22 00:00:00,,5,1831,1831,99999
3106143,112.12,B,VA30,PFS-K/4,Sklad,150,FACOM,,2,2019-01-17 00:00:00,2024-01-22 00:00:00,,5,1831,1831,99999
1020020,112.12,D,V 22,,,150,MITAKO,907,5,2014-09-15 00:00:00,2019-09-19 00:00:00,2019-09-19 00:00:00,1,1830,1543,1815
1018055,112.12,C,M6,,,150,MITAKO,907,4,2014-02-24 00:00:00,2019-02-27 00:00:00,,1,1829,1829,99999
1029981,112.12,C,V160,,,150,Kinex,,2,2017-09-06 00:00:00,2022-09-09 00:00:00,2022-09-09 00:00:00,4,1829,0,1821
200141,112.12,A,GQF,GQF,Kvalita,150,Somet,,6,2001-08-14 00:00:00,2006-08-17 00:00:00,,1,1829,1829,99999
201812,112.12,C,V260,,,150,Kinex,,2,1999-10-18 00:00:00,2004-10-19 00:00:00,2004-10-19 00:00:00,,1828,0,0
201813,112.12,C,V260,,,150,Kinex,,2,1999-10-18 00:00:00,2004-10-19 00:00:00,,5,1828,1828,99999
3109949,112.12,C,V 22,PKT/4,Údržba,200,Insize,1112-200,2,2020-03-18 00:00:00,2025-03-20 00:00:00,,4,1828,1828,99999
41595,112.11,D,V 10,PSW-F,Obrábění,400,,,7,2001-01-11 00:00:00,2022-03-17 00:00:00,2006-01-13 00:00:00,4,1828,743,1213
1017500,112.12,D,VR/PKD/31,PKD/11,Obrábění,150,Mahr,,6,2013-12-03 00:00:00,2018-12-04 00:00:00,,1,1827,1827,99999
1023682,112.12,D,V270,,,150,Insize,,2,2015-10-02 00:00:00,2020-10-02 00:00:00,,4,1827,1827,99999
3105925,112.12,A,GQG-2/2,GQG-2,Kvalita,150,Mahr,16EWRi,5,2018-11-26 00:00:00,2023-11-27 00:00:00,,2,1827,1827,99999
3105926,112.12,A,GQG-2/2,GQG-2,Kvalita,150,Mahr,16EWRi,5,2018-11-26 00:00:00,2023-11-27 00:00:00,,2,1827,1827,99999
1004623,112.12,D,V 29,PSW-V,Obrábění,200,Somet,,3,2010-08-31 00:00:00,2015-08-31 00:00:00,,4,1826,1826,99999
1023841,112.12,D,V 22,,,150,MITAKO,907,6,2015-10-09 00:00:00,2020-10-08 00:00:00,,1,1826,1826,99999
38899,112.11,D,V 29,,,150,Somet,,3,2001-06-12 00:00:00,2006-06-12 00:00:00,,,1826,1826,99999
1017089,112.12,B,VA30,PFS-K/4,Sklad,150,Mahr,,2,2013-12-09 00:00:00,2018-12-07 00:00:00,,5,1824,1824,99999
35656,112.11,D,V 22,,,160,Somet,,6,2001-08-30 00:00:00,2006-08-28 00:00:00,,1,1824,1824,99999
1028299,112.12,B,V260,PFS-K/4,Sklad,150,FACOM,MPS150,2,2017-01-23 00:00:00,2022-01-19 00:00:00,,5,1822,1822,99999
1028302,112.12,B,V260,PFS-K/4,Sklad,150,FACOM,MPS150,2,2017-01-23 00:00:00,2022-01-19 00:00:00,,5,1822,1822,99999
1028305,112.12,B,V260,PFS-K/4,Sklad,150,FACOM,MPS150,2,2017-01-23 00:00:00,2022-01-19 00:00:00,,5,1822,1822,99999
1028307,112.12,B,V260,PFS-K/4,Sklad,150,FACOM,MPS150,2,2017-01-23 00:00:00,2022-01-19 00:00:00,,5,1822,1822,99999
1028308,112.12,B,V260,PFS-K/4,Sklad,150,FACOM,MPS150,2,2017-01-23 00:00:00,2022-01-19 00:00:00,,5,1822,1822,99999
1028309,112.12,B,V260,PFS-K/4,Sklad,150,FACOM,MPS150,2,2017-01-23 00:00:00,2022-01-19 00:00:00,,5,1822,1822,99999
1028313,112.12,B,V260,PFS-K/4,Sklad,150,FACOM,MPS150,2,2017-01-23 00:00:00,2022-01-19 00:00:00,,5,1822,1822,99999
1028315,112.12,B,V260,PFS-K/4,Sklad,150,FACOM,MPS150,2,2017-01-23 00:00:00,2022-01-19 00:00:00,,5,1822,1822,99999
1028316,112.12,B,V260,PFS-K/4,Sklad,150,FACOM,MPS150,2,2017-01-23 00:00:00,2022-01-19 00:00:00,,5,1822,1822,99999
1028318,112.12,B,V260,PFS-K/4,Sklad,150,FACOM,MPS150,2,2017-01-23 00:00:00,2022-01-19 00:00:00,,5,1822,1822,99999
308288,112.12,C,M6,,,160,Somet,14016458,3,2007-01-09 00:00:00,2012-01-05 00:00:00,,2,1822,1822,99999
1020594,112.12,B,VA30,PFS-K/4,Sklad,150,FACOM,,2,2014-12-15 00:00:00,2019-12-10 00:00:00,2019-12-10 00:00:00,5,1821,0,1834
1020599,112.12,B,VA30,PFS-K/4,Sklad,150,FACOM,,2,2014-12-15 00:00:00,2019-12-10 00:00:00,,5,1821,1821,99999
1020011,112.12,D,V 22,PKG,Hutě,150,MITAKO,907,8,2014-09-15 00:00:00,2024-06-06 00:00:00,2019-09-09 00:00:00,1,1820,1302,1805
3110604,112.12,D,VR/PKD/31,PKD/12,Obrábění,300,ATORN,,4,2020-04-07 00:00:00,2025-03-31 00:00:00,,1,1819,1819,99999
201730,112.11,C,V260,,,150,Somet,,2,2003-12-12 00:00:00,2008-12-02 00:00:00,,5,1817,1817,99999
44473,112.11,D,V 29,,,300,,,3,2002-05-27 00:00:00,2007-05-18 00:00:00,,,1817,1817,99999
1028301,112.12,C,V260,PF2-M,Údržba,150,FACOM,MPS150,2,2017-02-13 00:00:00,2022-02-02 00:00:00,,5,1815,1815,99999
1029980,112.12,C,V160,PFO-P/31,Údržba,150,Kinex,,2,2017-09-06 00:00:00,2022-08-26 00:00:00,,4,1815,1815,99999
3110402,112.12,D,VR/PKD/31,PKD/11,Obrábění,150,Mitutoyo,500,4,2019-09-02 00:00:00,2024-08-21 00:00:00,,1,1815,1815,99999
1003926,112.12,D,V 22,,,150,,907,7,2010-06-07 00:00:00,2016-05-02 00:00:00,2015-05-26 00:00:00,1,1814,1388,1806
302495,112.11,B,V260,PFS-K/4,Sklad,150,Kinex,,2,2005-03-29 00:00:00,2010-03-16 00:00:00,,5,1813,1813,99999
302486,112.11,C,V260,,,150,Kinex,,2,2005-03-29 00:00:00,2010-03-15 00:00:00,,5,1812,1812,99999
302490,112.11,C,V260,,,150,Kinex,,2,2005-03-29 00:00:00,2010-03-15 00:00:00,2010-03-15 00:00:00,5,1812,0,1812
302497,112.11,C,V260,,,150,Kinex,,2,2005-03-29 00:00:00,2010-03-15 00:00:00,2010-03-15 00:00:00,5,1812,0,1812
3104909,112.11,C,V160,PFO-P/31,Údržba,160,Kinex,,2,2018-07-04 00:00:00,2023-06-20 00:00:00,,6,1812,1812,99999
38566,112.12,D,V 29,,,150,Mitutoyo,500,3,2000-11-20 00:00:00,2005-11-04 00:00:00,,,1810,1810,99999
1021183,112.12,C,M6,,,150,MITAKO,907,5,2015-02-10 00:00:00,2020-01-24 00:00:00,2020-01-24 00:00:00,2,1809,1667,1800
1028328,112.12,C,M6,,,150,MITAKO,907,8,2017-02-08 00:00:00,2025-01-13 00:00:00,2022-01-20 00:00:00,1,1807,1412,1801
29534,112.12,B,PSW-T,PSW-T,TK,600,Mitutoyo,,3,2001-10-25 00:00:00,2006-10-06 00:00:00,,3,1807,1807,99999
1012213,112.12,D,VR/PKD/31,,,150,FACOM,,2,2013-02-20 00:00:00,2018-01-31 00:00:00,2018-01-31 00:00:00,1,1806,0,1811
1012223,112.12,D,VR/PKD/31,,,150,FACOM,,2,2013-02-20 00:00:00,2018-01-31 00:00:00,2018-01-31 00:00:00,1,1806,0,1811
1012224,112.12,D,VR/PKD/31,,,150,FACOM,,2,2013-02-20 00:00:00,2018-01-31 00:00:00,2018-01-31 00:00:00,1,1806,0,1811
1002141,112.11,D,V270,,,160,Somet,,2,2009-07-07 00:00:00,2014-06-16 00:00:00,,6,1805,1805,99999
1012212,112.12,D,VR/PKD/31,,,150,FACOM,,2,2013-02-20 00:00:00,2018-01-30 00:00:00,2018-01-30 00:00:00,1,1805,0,1810
3105861,112.12,C,M6,PKP,Montáž,300,Insize,1112-300,3,2018-11-30 00:00:00,2023-11-09 00:00:00,,2,1805,1805,99999
3109950,112.12,D,V 22,PKG,Obrábění,150,Insize,1112-150,3,2020-03-18 00:00:00,2025-02-24 00:00:00,,2,1804,1804,99999
38895,112.11,D,V 29,,,150,Somet,,3,1999-12-15 00:00:00,2004-11-22 00:00:00,,,1804,1804,99999
3107363,112.12,B,V270,PFS-K/1,Vedení,150,Insize,,2,2019-06-18 00:00:00,2024-05-21 00:00:00,,4,1799,1799,99999
311261,112.12,C,V160,,,150,,,2,2008-07-10 00:00:00,2013-06-12 00:00:00,2013-06-12 00:00:00,4,1798,0,1790
41427,112.11,D,V 10,PSW-F,Obrábění,250,,,3,2001-09-20 00:00:00,2006-08-22 00:00:00,,3,1797,1797,99999
1014374,112.12,D,V270,,,150,,,3,2013-06-18 00:00:00,2018-05-18 00:00:00,2018-05-18 00:00:00,4,1795,316,1787
3108491,112.12,D,PSZ/3,,,150,,,3,2019-07-17 00:00:00,2024-06-14 00:00:00,,3,1794,1794,99999
42380,112.11,D,V 31,PSW-P,Obrábění,160,Somet,,3,2002-09-30 00:00:00,2007-08-28 00:00:00,,4,1793,1793,99999
1029695,112.12,D,VR/PKD/31,PKD/11,Obrábění,150,Mitutoyo,500,6,2017-04-21 00:00:00,2025-02-05 00:00:00,2022-03-18 00:00:00,1,1792,901,1675
28405,112.12,C,M6,,,150,Somet,,4,2000-04-27 00:00:00,2005-03-24 00:00:00,,1,1792,1792,99999
306352,112.11,D,V270,,,160,Somet,11016551,3,2005-12-07 00:00:00,2010-11-02 00:00:00,,6,1791,1791,99999
304863,112.12,D,V 22,,,150,Somet,,2,2001-03-02 00:00:00,2006-01-25 00:00:00,,4,1790,1790,99999
3111041,112.12,D,V270,,,150,Insize,,2,2020-08-26 00:00:00,2025-07-21 00:00:00,,4,1790,1790,99999
3107359,112.12,B,V270,PFS-K/1,Vedení,150,Insize,,2,2019-06-18 00:00:00,2024-05-09 00:00:00,,4,1787,1787,99999
15016,112.12,C,M6,,,150,Mitutoyo,500,3,2001-09-06 00:00:00,2006-07-28 00:00:00,2006-07-28 00:00:00,,1786,756,2818
3105684,112.12,C,VK30,,,150,Würth,,2,2018-11-19 00:00:00,2023-10-10 00:00:00,,4,1786,1786,99999
304971,112.11,D,V 22,,,160,Somet,,7,2005-01-14 00:00:00,2017-01-11 00:00:00,2009-12-04 00:00:00,5,1785,1482,1557
305254,112.12,D,V 22,,,150,Somet,,2,2001-03-02 00:00:00,2006-01-19 00:00:00,,4,1784,1784,99999
308042,112.12,D,V 22,,,300,Somet,14030459,7,2006-10-13 00:00:00,2014-06-12 00:00:00,2011-09-01 00:00:00,1,1784,899,1778
3107536,112.12,D,VR/PKD/31,PKD/11,Obrábění,150,Mitutoyo,500,5,2019-07-09 00:00:00,2024-05-27 00:00:00,,1,1784,1784,99999
43706,112.11,C,V 10,PSW-F,Montáž,200,,,3,2002-12-13 00:00:00,2007-10-31 00:00:00,2007-10-31 00:00:00,3,1783,728,1755
44935,112.11,D,V 31,PSW-P,Obrábění,150,Somet,,3,2002-09-06 00:00:00,2007-07-24 00:00:00,,4,1782,1782,99999
310414,112.12,D,V 22,,,150,Somet,907,5,2008-02-01 00:00:00,2012-12-17 00:00:00,2012-12-17 00:00:00,1,1781,1181,1768
3105991,112.12,D,V 22,PKG,Hutě,150,Schut,906,3,2018-12-17 00:00:00,2024-06-05 00:00:00,2023-11-02 00:00:00,1,1781,0,1778
1020276,112.12,B,EM,,,200,Mitutoyo,500,7,2015-01-15 00:00:00,2025-04-24 00:00:00,2019-11-29 00:00:00,2,1779,895,1863
1042999,112.12,C,M6,,,150,MITAKO,907,8,2018-02-09 00:00:00,2025-03-07 00:00:00,2022-12-23 00:00:00,1,1778,1379,1771
1042817,112.11,D,V 22,,,160,Somet,11016611,2,2018-01-12 00:00:00,2022-11-23 00:00:00,,4,1776,1776,99999
43822,112.12,D,V 22,,,300,Somet,,5,2002-03-07 00:00:00,2007-01-16 00:00:00,2007-01-16 00:00:00,1,1776,1415,1462
1004808,112.11,C,V 10,PSW-F,Montáž,160,,,3,2010-09-24 00:00:00,2015-08-04 00:00:00,,4,1775,1775,99999
1030569,112.12,D,V 22,,,150,MITAKO,907,7,2017-10-31 00:00:00,2023-02-03 00:00:00,2022-09-09 00:00:00,1,1774,1357,1768
1028105,112.12,D,V 22,,,150,Schut,906,5,2017-01-16 00:00:00,2022-03-04 00:00:00,2021-11-22 00:00:00,1,1771,1017,1761
1007359,112.12,D,V 22,,,150,,907,11,2011-10-13 00:00:00,2022-07-28 00:00:00,2016-08-17 00:00:00,1,1770,1359,1762
3105731,112.12,C,VK30,,,150,Würth,,2,2018-11-30 00:00:00,2023-10-05 00:00:00,,4,1770,1770,99999
310931,112.12,D,V 22,,,200,Somet,907,4,2008-04-17 00:00:00,2013-02-20 00:00:00,,2,1770,1770,99999
202326,112.11,C,V160,PSZ/1,Údržba,150,Somet,,2,1999-11-17 00:00:00,2004-09-20 00:00:00,2004-09-20 00:00:00,6,1769,0,62
28562,112.12,D,V 22,,,150,Somet,,6,2000-05-15 00:00:00,2005-03-17 00:00:00,,2,1767,1767,99999
3104908,112.11,C,V160,PFO-P/21,Údržba,160,Kinex,,2,2018-07-04 00:00:00,2023-05-05 00:00:00,,6,1766,1766,99999
3109952,112.12,B,V 22,PKT/1,TK,150,Insize,1112-150,4,2020-03-18 00:00:00,2025-01-16 00:00:00,,1,1765,1765,99999
3109967,112.12,C,M6,,,150,Insize,1112-150,2,2020-03-16 00:00:00,2025-01-13 00:00:00,,4,1764,1764,99999
202817,112.11,D,V270,,,150,Somet,,4,2004-09-01 00:00:00,2013-03-04 00:00:00,2009-06-30 00:00:00,6,1763,0,1763
1028117,112.12,C,V 22,PKT/21,Údržba,300,TESA,539393,4,2017-01-16 00:00:00,2025-07-02 00:00:00,2021-11-10 00:00:00,3,1759,0,1749
1009805,112.12,D,V 22,,,150,Mitutoyo,500,4,2012-06-26 00:00:00,2017-04-19 00:00:00,2017-04-19 00:00:00,2,1758,799,1750
3111067,112.12,D,V 10,PSW-F,Obrábění,300,Somet,,2,2020-10-13 00:00:00,2025-08-06 00:00:00,2025-08-06 00:00:00,4,1758,0,1784
202756,112.11,D,V270,,,200,Sylvac,,3,2004-08-18 00:00:00,2009-06-10 00:00:00,,4,1757,1757,99999
306370,112.11,C,V270,PF2-K,Údržba,160,Somet,11016551,2,2005-12-07 00:00:00,2010-09-29 00:00:00,,6,1757,1757,99999
3107362,112.12,A,V270,GQF-3,Kvalita,150,Insize,,2,2019-06-18 00:00:00,2024-04-08 00:00:00,,4,1756,1756,99999
41218,112.11,D,V 10,PSW-F,Obrábění,150,Kinex,,3,2002-10-03 00:00:00,2007-07-24 00:00:00,,4,1755,1755,99999
1015826,112.11,D,PSZ/3,,,160,,,3,2013-09-09 00:00:00,2018-08-13 00:00:00,2018-06-27 00:00:00,3,1752,0,1750
1028098,112.12,D,V 22,,,150,Schut,906,8,2017-01-16 00:00:00,2023-12-11 00:00:00,2021-11-02 00:00:00,1,1751,1347,1741
203038,112.12,D,V270,,,150,Somet,,2,2001-07-24 00:00:00,2006-05-10 00:00:00,2006-05-10 00:00:00,4,1751,0,594
15046,112.12,D,V 22,,,150,HHW,,4,2000-07-21 00:00:00,2005-05-06 00:00:00,,2,1750,1750,99999
3105131,112.11,D,V 29,PSW-V,Obrábění,160,Somet,,2,2018-08-27 00:00:00,2023-06-12 00:00:00,2023-06-12 00:00:00,4,1750,0,1735
1043264,112.12,C,V 22,PKG,Údržba,150,MITAKO,907,2,2017-12-20 00:00:00,2022-10-03 00:00:00,,4,1748,1748,99999
1023648,112.11,C,V160,PFO-P/31,Údržba,160,Somet,,2,2015-10-06 00:00:00,2020-07-17 00:00:00,,6,1746,1746,99999
1002048,112.12,D,V 22,,,150,Schut,906,5,2009-06-16 00:00:00,2014-03-27 00:00:00,2014-03-27 00:00:00,1,1745,1345,1736
42356,112.11,C,V 10,PSW-F,Montáž,160,Somet,,3,2002-09-30 00:00:00,2007-07-11 00:00:00,,4,1745,1745,99999
1002451,112.12,D,V 22,,,150,Schut,906,3,2009-09-03 00:00:00,2014-06-13 00:00:00,2014-06-13 00:00:00,1,1744,827,1732
28379,112.12,C,M6,,,150,Somet,,5,2000-04-27 00:00:00,2005-02-04 00:00:00,,1,1744,1744,99999
28391,112.12,C,M6,,,150,Somet,,6,2000-04-27 00:00:00,2005-11-03 00:00:00,2005-02-04 00:00:00,1,1744,1384,1744
3111032,112.12,C,V270,PF2-K,Údržba,150,Insize,,2,2020-08-26 00:00:00,2025-06-05 00:00:00,,4,1744,1744,99999
200868,112.11,D,V270,,,150,Somet,,2,2003-04-16 00:00:00,2008-01-23 00:00:00,2008-01-23 00:00:00,6,1743,0,1392
3106762,112.12,C,V160,PLO,Logistika,150,Insize,,2,2019-03-13 00:00:00,2023-12-20 00:00:00,,4,1743,1743,99999
1043262,112.12,C,V 22,PKT/4,Údržba,150,MITAKO,907,3,2017-12-20 00:00:00,2023-02-03 00:00:00,2022-09-27 00:00:00,4,1742,0,1650
1014678,112.12,C,VR/PKD/31,PKD/3,Údržba,150,Mitutoyo,,8,2012-12-14 00:00:00,2024-03-01 00:00:00,2017-09-20 00:00:00,3,1741,1271,1533
3110558,112.12,C,PSZ/3,PSZ/3,Údržba,150,,,2,2020-06-26 00:00:00,2025-04-01 00:00:00,,3,1740,1740,99999
3107352,112.12,C,V270,PF2-K,Svařovna,150,Insize,,3,2019-06-18 00:00:00,2024-03-22 00:00:00,,4,1739,1739,99999
36746,112.11,D,V 22,,,150,Somet,,3,2001-11-21 00:00:00,2006-08-25 00:00:00,2006-08-25 00:00:00,3,1738,1070,1739
43220,112.11,D,V 29,,,400,Somet,,3,2002-10-07 00:00:00,2007-07-11 00:00:00,,,1738,1738,99999
48153,112.12,D,V 22,,,300,Somet,,4,2004-10-12 00:00:00,2009-07-16 00:00:00,,2,1738,1738,99999
1025780,112.12,D,V 22,,,200,MITAKO,907,2,2016-06-20 00:00:00,2021-03-23 00:00:00,2021-03-23 00:00:00,4,1737,0,1702
309304,112.12,D,V 22,,,300,Somet,14030459,4,2007-07-19 00:00:00,2012-04-20 00:00:00,2012-04-20 00:00:00,1,1737,1331,1704
3107360,112.12,B,V270,PF2/1,Provozní laboratoř,150,Insize,,2,2019-06-18 00:00:00,2024-03-20 00:00:00,,4,1737,1737,99999
3108197,112.12,C,V 10,PSW-F,Montáž,150,Filletta,,2,2019-08-28 00:00:00,2024-05-30 00:00:00,,4,1737,1737,99999
45197,112.12,D,V 31,PSW-P,Obrábění,150,Somet,,4,2002-12-09 00:00:00,2007-09-10 00:00:00,,4,1736,1736,99999
1022154,112.12,D,V 22,,,200,MITAKO,907,5,2015-05-26 00:00:00,2023-07-11 00:00:00,2020-02-24 00:00:00,1,1735,590,1734
45081,112.11,D,V 31,PSW-P,Obrábění,160,Somet,,3,2001-09-11 00:00:00,2006-06-12 00:00:00,,4,1735,1735,99999
1023653,112.11,C,V270,PF1-K,Svařovna,160,Somet,,2,2015-10-02 00:00:00,2020-07-01 00:00:00,,6,1734,1734,99999
42359,112.11,D,V 31,PSW-P,Obrábění,160,Somet,,3,2002-09-30 00:00:00,2007-06-29 00:00:00,,4,1733,1733,99999
45101,112.11,,V 31,,,160,Somet,,3,2000-10-13 00:00:00,2005-07-11 00:00:00,,,1732,1732,99999
41541,112.12,C,V 10,PSW-F,Montáž,160,Somet,,4,2002-08-08 00:00:00,2007-05-04 00:00:00,,,1730,1730,99999
3105993,112.12,D,V 22,PKG,Hutě,150,Schut,906,3,2018-12-17 00:00:00,2023-11-29 00:00:00,2023-09-11 00:00:00,1,1729,0,1726
1021204,112.12,D,V 22,,,150,MITAKO,907,10,2015-02-16 00:00:00,2024-11-20 00:00:00,2019-11-08 00:00:00,1,1726,1366,1723
1027909,112.12,D,V 22,PKG,Hutě,150,,,7,2017-01-04 00:00:00,2024-10-23 00:00:00,2021-09-24 00:00:00,1,1724,1223,1716
42132,112.12,D,V 29,,,150,Somet,,2,2000-11-20 00:00:00,2005-08-10 00:00:00,2005-08-10 00:00:00,,1724,0,1033
41710,112.12,B,V 10,PSW-F,Vedení,150,,,3,2001-03-21 00:00:00,2005-12-08 00:00:00,,3,1723,1723,99999
304834,112.11,C,V180,,,300,Somet,,2,2004-03-24 00:00:00,2008-12-10 00:00:00,2008-12-10 00:00:00,6,1722,0,1205
1012194,112.12,D,VR/PKD/31,PKD/12,Obrábění,150,Kinex,,5,2012-11-27 00:00:00,2017-08-14 00:00:00,,1,1721,1721,99999
311681,112.12,C,V160,,,150,,,2,2008-10-09 00:00:00,2013-06-24 00:00:00,,4,1719,1719,99999
312617,112.12,D,V 22,,,200,,907,10,2009-02-20 00:00:00,2018-05-31 00:00:00,2013-11-05 00:00:00,1,1719,1315,1707
3111638,112.12,C,PSZ/3,PSZ/3,Údržba,150,Mitutoyo,,2,2020-10-01 00:00:00,2025-06-13 00:00:00,,3,1716,1716,99999
45980,112.12,D,V 22,,,160,Somet,,6,2003-08-12 00:00:00,2008-04-23 00:00:00,2008-04-23 00:00:00,1,1716,1319,1706
308775,112.12,D,PSZ/3,,,160,Somet,14016459,5,2007-03-15 00:00:00,2020-03-13 00:00:00,2011-11-24 00:00:00,3,1715,0,1703
308777,112.12,C,PSZ/3,PSZ/1,Údržba,160,Somet,14016459,6,2007-03-15 00:00:00,2023-05-19 00:00:00,2011-11-24 00:00:00,3,1715,0,1703
3106329,112.12,C,V160,,,200,,,2,2019-02-07 00:00:00,2023-10-19 00:00:00,2023-10-19 00:00:00,4,1715,0,1707
3106327,112.12,C,V160,,,200,,,2,2019-02-07 00:00:00,2023-10-18 00:00:00,,4,1714,1714,99999
1027660,112.11,C,V 22,PKT/4,Údržba,160,Somet,11016551,2,2016-12-14 00:00:00,2021-08-23 00:00:00,,4,1713,1713,99999
3108487,112.12,C,PSZ/3,PSZ/1,Údržba,150,,,2,2019-10-07 00:00:00,2024-06-14 00:00:00,,3,1712,1712,99999
33292,112.12,D,V 22,,,300,Somet,,2,2001-02-01 00:00:00,2005-10-10 00:00:00,2005-10-10 00:00:00,3,1712,0,1712
1027911,112.12,A,V 22,GQH-1,Kvalita,150,,00539390,4,2017-01-04 00:00:00,2025-06-24 00:00:00,2021-09-10 00:00:00,3,1710,0,1702
3111634,112.12,D,PSZ/3,PSZ/3,Obrábění,150,,,2,2020-10-07 00:00:00,2025-06-13 00:00:00,,3,1710,1710,99999
3106763,112.12,C,V160,PLO,Logistika,150,Insize,,2,2019-03-13 00:00:00,2023-11-15 00:00:00,,4,1708,1708,99999
1002551,112.12,D,V 29,,,150,,,5,2009-09-22 00:00:00,2014-05-26 00:00:00,,4,1707,1707,99999
1043255,112.12,D,V 22,,,150,MITAKO,907,4,2017-12-20 00:00:00,2023-02-03 00:00:00,2022-08-23 00:00:00,2,1707,938,1615
307730,112.12,B,V 29,PSW-T,TK,200,Mitutoyo,500,2,2006-08-09 00:00:00,2011-04-12 00:00:00,,4,1707,1707,99999
3109968,112.12,D,V 22,PKH,Obrábění,150,Insize,1112-150,5,2020-05-16 00:00:00,2025-01-17 00:00:00,,1,1707,1707,99999
3111557,112.12,C,V160,PFO-P/31,Údržba,150,Insize,,2,2020-11-19 00:00:00,2025-07-21 00:00:00,,4,1705,1705,99999
1005977,112.11,D,V 22,,,160,,11016611,3,2011-04-15 00:00:00,2016-02-09 00:00:00,2015-12-14 00:00:00,4,1704,0,1701
3107355,112.12,C,V270,PF1-K,Údržba,150,Insize,,2,2019-06-18 00:00:00,2024-02-16 00:00:00,,4,1704,1704,99999
3107358,112.12,C,V270,PF1-K,Údržba,150,Insize,,2,2019-06-18 00:00:00,2024-02-16 00:00:00,,4,1704,1704,99999
1029983,112.12,C,V160,PLO,Logistika,150,Kinex,,2,2017-09-06 00:00:00,2022-05-06 00:00:00,,4,1703,1703,99999
3111036,112.12,A,V270,GQF-3,Kvalita,150,Insize,,2,2020-08-26 00:00:00,2025-04-25 00:00:00,,4,1703,1703,99999
3111037,112.12,C,V270,PF1-K,Údržba,150,Insize,,2,2020-08-26 00:00:00,2025-04-25 00:00:00,,4,1703,1703,99999
3111038,112.12,A,V270,GQF-3,Kvalita,150,Insize,,2,2020-08-26 00:00:00,2025-04-25 00:00:00,,4,1703,1703,99999
3111039,112.12,D,V270,,,150,Insize,,2,2020-08-26 00:00:00,2025-04-25 00:00:00,,4,1703,1703,99999
305035,112.11,C,V180,,,160,Somet,,2,2005-04-01 00:00:00,2009-11-27 00:00:00,,6,1701,1701,99999
44566,112.12,D,V 22,,,160,Somet,,3,2003-03-05 00:00:00,2007-10-31 00:00:00,,2,1701,1701,99999
1002024,112.12,C,V 22,PKG,Údržba,300,Somet,907,8,2009-06-19 00:00:00,2022-03-09 00:00:00,2014-02-13 00:00:00,5,1700,0,1695
1026770,112.12,D,V 22,PKH,Obrábění,300,Mitutoyo,551,3,2016-10-11 00:00:00,2021-06-07 00:00:00,,1,1700,1700,99999
310754,112.11,C,V160,,,160,,11016551,2,2008-03-25 00:00:00,2012-11-19 00:00:00,,6,1700,1700,99999
39700,112.11,D,V 29,,,150,China,,2,2000-12-15 00:00:00,2005-08-10 00:00:00,2005-08-10 00:00:00,,1699,0,1149
3107534,112.12,D,VR/PKD/31,PKD/11,Obrábění,150,Mitutoyo,500,4,2019-07-09 00:00:00,2024-03-01 00:00:00,,1,1697,1697,99999
3107356,112.12,A,V270,GQF-2,Kvalita,150,Insize,,2,2019-06-18 00:00:00,2024-02-08 00:00:00,,4,1696,1696,99999
3107357,112.12,C,V270,PF1-K,Svařovna,150,Insize,,2,2019-06-18 00:00:00,2024-02-08 00:00:00,,4,1696,1696,99999
1043252,112.12,C,V 22,PKT/4,Údržba,150,MITAKO,907,2,2017-12-20 00:00:00,2022-08-11 00:00:00,,4,1695,1695,99999
38505,112.12,D,V 29,,,150,Mitutoyo,500,2,2000-12-19 00:00:00,2005-08-10 00:00:00,2005-08-10 00:00:00,,1695,0,1183
3111034,112.12,C,V270,PF1-K,Údržba,150,Insize,,2,2020-08-26 00:00:00,2025-04-16 00:00:00,,4,1694,1694,99999
3111040,112.12,C,V270,PF1-K,Údržba,150,Insize,,2,2020-08-26 00:00:00,2025-04-16 00:00:00,,4,1694,1694,99999
38504,112.12,D,V 10,PSW-F,Obrábění,150,Mitutoyo,500,4,2002-02-19 00:00:00,2006-10-10 00:00:00,,,1694,1694,99999
48229,112.12,D,V 22,,,200,Schut,906,3,2004-10-14 00:00:00,2009-06-04 00:00:00,2009-06-04 00:00:00,2,1694,938,1674
1027903,112.12,D,V 22,,,150,,,4,2017-01-04 00:00:00,2021-08-24 00:00:00,,1,1693,1693,99999
1026557,112.12,C,VK20,,,150,Würth,,2,2016-10-03 00:00:00,2021-05-21 00:00:00,,4,1691,1691,99999
47090,112.12,D,V 22,,,160,Somet,,3,2004-02-25 00:00:00,2008-10-10 00:00:00,2008-10-10 00:00:00,1,1689,847,1696
1015824,112.11,D,PSZ/3,,,160,,,2,2013-09-09 00:00:00,2018-04-24 00:00:00,2018-04-24 00:00:00,3,1688,0,1686
1021777,112.12,B,EM,,,200,Mitutoyo,500,7,2015-04-16 00:00:00,2023-11-08 00:00:00,2019-11-29 00:00:00,2,1688,804,1694
3108846,112.11,D,PSZ/3,PSZ/3,Obrábění,300,,,2,2019-11-11 00:00:00,2024-06-25 00:00:00,,3,1688,1688,99999
3108847,112.11,D,PSZ/3,PSZ/3,Obrábění,300,,,2,2019-11-11 00:00:00,2024-06-25 00:00:00,,3,1688,1688,99999
309890,112.12,D,V 22,,,200,Somet,14020459,2,2007-11-12 00:00:00,2012-06-25 00:00:00,,4,1687,1687,99999
310376,112.12,C,M6,,,150,,14015459,7,2008-02-01 00:00:00,2014-09-10 00:00:00,2012-09-12 00:00:00,1,1685,1244,1678
3106623,112.12,D,VR/PKD/31,PKD/11,Obrábění,150,Mitutoyo,500,5,2019-02-07 00:00:00,2023-09-19 00:00:00,,1,1685,1685,99999
3106324,112.12,B,V160,PFO-P/3,Vedení,200,,,2,2019-02-07 00:00:00,2023-09-18 00:00:00,,4,1684,1684,99999
3105866,112.12,B,V 22,PKT/1,TK,300,Insize,1112-300,3,2018-11-30 00:00:00,2023-07-10 00:00:00,,2,1683,1683,99999
3107497,112.12,B,V 29,PSW-T,Sklad,200,Filletta,,3,2019-06-21 00:00:00,2024-01-29 00:00:00,,4,1683,1683,99999
1015821,112.11,D,PSZ/3,,,160,,,2,2013-09-09 00:00:00,2018-04-18 00:00:00,2018-04-18 00:00:00,3,1682,0,1680
1015823,112.11,D,PSZ/3,PSZ/3,Obrábění,160,,,3,2013-09-09 00:00:00,2018-06-13 00:00:00,2018-04-18 00:00:00,3,1682,0,1680
3109943,112.12,D,V 22,PKH,Obrábění,300,Insize,1112-300,4,2020-03-18 00:00:00,2024-10-25 00:00:00,,1,1682,1682,99999
1043489,112.12,C,V 22,PKT/4,Údržba,150,Insize,1108-150,2,2018-04-26 00:00:00,2022-12-01 00:00:00,,4,1680,1680,99999
3106756,112.12,C,V160,PFO-P/31,Údržba,150,Insize,,2,2019-03-13 00:00:00,2023-10-18 00:00:00,,4,1680,1680,99999
3106760,112.12,C,V160,PFO-P/31,Údržba,150,Insize,,2,2019-03-13 00:00:00,2023-10-18 00:00:00,,4,1680,1680,99999
3106761,112.12,C,V160,PFO-P/31,Údržba,150,Insize,,2,2019-03-13 00:00:00,2023-10-18 00:00:00,,4,1680,1680,99999
3109502,112.12,D,PSZ/3,PSZ/3,Obrábění,300,,,3,2019-11-11 00:00:00,2024-10-21 00:00:00,2024-06-17 00:00:00,3,1680,0,1581
3111029,112.12,A,V270,GQF-3,Kvalita,150,Insize,,2,2020-08-19 00:00:00,2025-03-25 00:00:00,,4,1679,1679,99999
301744,112.12,D,V 22,,,160,Somet,14016458,3,2004-11-26 00:00:00,2009-07-01 00:00:00,,2,1678,1678,99999
1023688,112.12,D,V270,,,150,Somet,,2,2015-10-02 00:00:00,2020-05-05 00:00:00,,4,1677,1677,99999
1042816,112.11,C,V 22,PKP,Montáž,160,Somet,11016611,3,2018-01-12 00:00:00,2023-02-21 00:00:00,2022-08-15 00:00:00,4,1676,0,1671
16103,112.11,D,V 22,,,150,,,3,2001-06-19 00:00:00,2006-01-18 00:00:00,2006-01-18 00:00:00,2,1674,905,2627
1023938,112.12,D,V 22,,,150,Schut,906,7,2015-10-22 00:00:00,2022-02-21 00:00:00,2020-05-21 00:00:00,1,1673,1240,1645
303311,112.11,D,V 22,,,160,Somet,,2,2005-05-23 00:00:00,2009-12-21 00:00:00,,,1673,1673,99999
1012226,112.12,C,VR/PKD/31,PKD/3,Údržba,150,FACOM,,3,2013-02-21 00:00:00,2017-09-20 00:00:00,2017-09-20 00:00:00,1,1672,1110,1678
3111030,112.12,C,V270,PF1-K,Svařovna,150,Insize,,2,2020-08-26 00:00:00,2025-03-25 00:00:00,,4,1672,1672,99999
1002100,112.12,D,V 29,PSW-V,Obrábění,150,Somet,,3,2009-07-01 00:00:00,2014-01-27 00:00:00,,4,1671,1671,99999
1019163,112.11,D,PSZ/3,,,300,,,2,2014-07-02 00:00:00,2019-01-28 00:00:00,,3,1671,1671,99999
306811,112.12,D,V 22,,,200,Mitutoyo,500,3,2006-03-10 00:00:00,2010-10-04 00:00:00,,2,1669,1669,99999
3108649,112.11,D,PSZ/3,PSZ/3,Obrábění,150,Kinex,,2,2019-10-18 00:00:00,2024-05-13 00:00:00,,3,1669,1669,99999
47617,112.12,C,V 10,PSW-F,Montáž,160,Somet,,3,2004-04-26 00:00:00,2008-11-20 00:00:00,,4,1669,1669,99999
310422,112.12,D,V 22,,,150,Somet,14015459,5,2008-02-01 00:00:00,2012-08-24 00:00:00,,1,1666,1666,99999
1008079,112.12,D,V270,,,150,,,2,2012-01-27 00:00:00,2016-08-15 00:00:00,,4,1662,1662,99999
41247,112.11,C,V 10,PSW-F,Montáž,150,Somet,,7,2001-02-27 00:00:00,2015-08-10 00:00:00,2005-09-16 00:00:00,4,1662,1085,1107
307888,112.11,D,V 22,,,160,Somet,,4,2006-09-12 00:00:00,2011-03-30 00:00:00,2011-03-30 00:00:00,2,1660,918,1650
3108085,112.12,D,PSZ/3,PSZ/3,Obrábění,300,,,2,2019-07-17 00:00:00,2024-02-01 00:00:00,,3,1660,1660,99999
43451,112.12,D,V 10,PSW-F,Obrábění,200,Somet,,4,2001-09-12 00:00:00,2006-03-30 00:00:00,,4,1660,1660,99999
310365,112.12,D,V270,,,150,,14015459,3,2008-02-04 00:00:00,2012-08-20 00:00:00,,4,1659,1659,99999
200874,112.11,D,V270,,,150,Somet,,2,2003-10-31 00:00:00,2008-05-15 00:00:00,,6,1658,1658,99999
1029976,112.12,C,V160,PFO-P/31,Údržba,150,Kinex,,2,2017-09-06 00:00:00,2022-03-21 00:00:00,,4,1657,1657,99999
1008074,112.12,D,V270,,,150,,,2,2012-01-27 00:00:00,2016-08-09 00:00:00,2016-08-09 00:00:00,4,1656,0,1651
1008076,112.12,D,V270,,,150,,,2,2012-01-27 00:00:00,2016-08-09 00:00:00,2016-08-09 00:00:00,4,1656,0,1651
1020518,112.12,D,V270,,,150,MITAKO,,2,2014-11-14 00:00:00,2019-05-28 00:00:00,2019-05-28 00:00:00,4,1656,0,1646
41549,112.11,C,V 10,PSW-F,Montáž,160,Somet,,3,2002-08-09 00:00:00,2007-02-20 00:00:00,,4,1656,1656,99999
3105670,112.12,C,VK20,,,150,Würth,,2,2018-11-19 00:00:00,2023-05-31 00:00:00,,4,1654,1654,99999
3105675,112.12,C,VK20,,,150,Würth,,2,2018-11-19 00:00:00,2023-05-31 00:00:00,,4,1654,1654,99999
1015817,112.11,D,PSZ/3,PSZ/3,Obrábění,160,,,2,2013-09-09 00:00:00,2018-03-20 00:00:00,2018-03-20 00:00:00,3,1653,0,1651
1028972,112.12,D,V 22,,,300,Mitutoyo,500,3,2017-04-12 00:00:00,2021-10-21 00:00:00,2021-10-21 00:00:00,2,1653,812,1633
3105657,112.11,C,VK20,,,150,Würth,,2,2018-11-19 00:00:00,2023-05-30 00:00:00,,4,1653,1653,99999
310741,112.12,C,V160,,,150,,14015459,2,2008-03-25 00:00:00,2012-10-03 00:00:00,,4,1653,1653,99999
3111025,112.12,C,V270,PF1-K,Svařovna,150,Insize,,2,2020-08-19 00:00:00,2025-02-27 00:00:00,,4,1653,1653,99999
310935,112.12,D,V 22,,,150,Somet,907,5,2008-04-08 00:00:00,2012-10-16 00:00:00,2012-10-16 00:00:00,1,1652,1114,1625
1026569,112.12,D,PSZ/3,PSZ/3,Obrábění,300,Mitutoyo,,2,2016-09-15 00:00:00,2021-03-23 00:00:00,2021-03-23 00:00:00,3,1650,0,1625
1028111,112.12,D,V 22,,,200,,,2,2017-01-16 00:00:00,2021-07-21 00:00:00,,1,1647,1647,99999
1009729,112.12,D,V 22,,,150,MITAKO,907,6,2012-06-13 00:00:00,2017-02-15 00:00:00,2016-12-15 00:00:00,1,1646,1184,1639
3111026,112.12,C,V270,PF2-K,Svařovna,150,Insize,,2,2020-08-19 00:00:00,2025-02-20 00:00:00,,4,1646,1646,99999
1020923,112.12,B,V 22,PKT/1,TK,150,Mitutoyo,573,6,2014-12-08 00:00:00,2024-02-01 00:00:00,2019-06-10 00:00:00,2,1645,893,1609
3105860,112.12,C,M6,,,300,Insize,1112-300,2,2018-11-30 00:00:00,2023-06-01 00:00:00,,3,1644,1644,99999
3109948,112.12,B,V 22,PKT/1,TK,200,Insize,1112-200,3,2020-03-18 00:00:00,2024-09-17 00:00:00,,2,1644,1644,99999
1016702,112.12,D,PSZ/3,,,300,,,2,2010-03-12 00:00:00,2014-09-09 00:00:00,,3,1642,1642,99999
3105755,112.11,C,VK20,,,150,Würth,,2,2018-11-30 00:00:00,2023-05-30 00:00:00,,4,1642,1642,99999
1001560,112.12,D,V 22,,,300,,907,15,2009-03-20 00:00:00,2023-09-05 00:00:00,2013-09-16 00:00:00,1,1641,1085,1635
3106765,112.12,C,V160,PFO-P/31,Údržba,150,Insize,,2,2019-03-13 00:00:00,2023-09-08 00:00:00,,4,1640,1640,99999
309150,112.12,C,M6,,,160,Somet,14016459,3,2007-06-20 00:00:00,2011-12-15 00:00:00,,1,1639,1639,99999
3109965,112.12,D,V 22,PKH,Obrábění,150,Insize,1112-150,4,2020-03-18 00:00:00,2024-09-12 00:00:00,,1,1639,1639,99999
1002761,112.12,D,V 22,,,150,Somet,907,6,2009-10-23 00:00:00,2017-02-15 00:00:00,2014-04-18 00:00:00,1,1638,0,1621
41292,112.11,C,V 10,PSW-T,Údržba,150,,,3,2001-01-11 00:00:00,2005-07-07 00:00:00,,3,1638,1638,99999
1043487,112.12,C,V 22,PKT/4,Údržba,150,Insize,1108-150,2,2018-04-26 00:00:00,2022-10-18 00:00:00,,4,1636,1636,99999
3111287,112.12,D,VR/PKD/31,,,150,Mitutoyo,500,3,2019-09-09 00:00:00,2024-03-01 00:00:00,,2,1635,1635,99999
3111288,112.12,C,VR/PKD/31,PKD/3,Údržba,150,Mitutoyo,500,2,2019-09-09 00:00:00,2024-03-01 00:00:00,,3,1635,1635,99999
1002850,112.12,D,V270,,,150,,,2,2009-10-23 00:00:00,2014-04-14 00:00:00,,4,1634,1634,99999
1020787,112.12,D,V 22,,,200,Mahr,16EWV,3,2014-09-16 00:00:00,2019-03-08 00:00:00,,2,1634,1634,99999
309560,112.12,C,M6,,,160,Somet,14016459,4,2007-09-10 00:00:00,2012-03-01 00:00:00,2012-03-01 00:00:00,2,1634,792,1620
41718,112.12,C,V 10,PAP,Montáž,150,Somet,,4,2001-10-02 00:00:00,2006-03-23 00:00:00,,2,1633,1633,99999
48058,112.12,A,GQG-3,GQG-3,Kvalita,150,,,2,2018-07-23 00:00:00,2023-01-06 00:00:00,,3,1628,1628,99999
1009066,112.12,D,V 22,,,150,MITAKO,907,4,2012-04-25 00:00:00,2016-10-07 00:00:00,,4,1626,1626,99999
3107185,112.12,C,M6,,,150,MITAKO,907,4,2019-05-29 00:00:00,2023-11-09 00:00:00,,1,1625,1625,99999
1025119,112.12,D,V 29,PSW-P,Obrábění,150,Filletta,,2,2016-04-14 00:00:00,2020-09-24 00:00:00,,4,1624,1624,99999
306746,112.12,D,V 10,,,300,Somet,14030459,3,2006-03-06 00:00:00,2010-08-16 00:00:00,2010-08-16 00:00:00,4,1624,851,1621
310742,112.12,B,V160,PFO-P/3,Vedení,150,,14015459,2,2008-03-25 00:00:00,2012-09-04 00:00:00,2012-09-04 00:00:00,4,1624,0,1614
203115,112.11,D,V270,,,150,Somet,,2,2003-10-16 00:00:00,2008-03-26 00:00:00,2008-03-26 00:00:00,6,1623,0,1268
3106764,112.12,C,V160,PLO,Logistika,150,Insize,,2,2019-03-13 00:00:00,2023-08-22 00:00:00,,4,1623,1623,99999
28394,112.12,D,V 22,,,150,Somet,,4,2000-04-27 00:00:00,2004-10-05 00:00:00,,2,1622,1622,99999
1023700,112.12,D,V270,,,150,Insize,,2,2015-10-02 00:00:00,2020-03-10 00:00:00,,4,1621,1621,99999
46264,112.12,D,V 22,,,160,Somet,,3,2003-09-29 00:00:00,2008-03-07 00:00:00,,2,1621,1621,99999
42460,112.11,D,V 29,,,250,Somet,,3,2002-10-21 00:00:00,2007-03-29 00:00:00,2007-03-29 00:00:00,,1620,1172,1617
1024148,112.12,D,V 22,,,150,Schut,906,7,2015-12-08 00:00:00,2022-07-28 00:00:00,2020-05-14 00:00:00,1,1619,1197,1613
1009851,112.12,D,VR/PKD/31,PKD/11,Obrábění,150,,,4,2011-12-13 00:00:00,2016-05-18 00:00:00,,1,1618,1618,99999
1024145,112.12,D,V 22,,,150,Schut,906,8,2015-12-08 00:00:00,2024-06-06 00:00:00,2020-05-12 00:00:00,1,1617,1039,1611
1028118,112.12,D,V 22,,,300,TESA,,3,2017-01-16 00:00:00,2021-06-21 00:00:00,,1,1617,1617,99999
3111556,112.12,C,V160,PFO-P/31,Údržba,150,Insize,,2,2020-11-19 00:00:00,2025-04-24 00:00:00,,4,1617,1617,99999
32222,112.12,C,M6,,,150,Somet,,5,2000-10-11 00:00:00,2005-03-16 00:00:00,,1,1617,1617,99999
1042819,112.11,C,V 22,PKT/4,Údržba,160,Somet,11016611,3,2018-01-12 00:00:00,2022-08-30 00:00:00,2022-06-15 00:00:00,4,1615,0,1610
3108199,112.12,D,V 10,PSW-F,Obrábění,150,Filletta,,3,2019-08-28 00:00:00,2024-01-29 00:00:00,,4,1615,1615,99999
3111023,112.12,C,V270,PF1-K,Svařovna,150,Insize,,2,2020-08-19 00:00:00,2025-01-20 00:00:00,,4,1615,1615,99999
3111024,112.12,C,V270,PF2-K,Svařovna,150,Insize,,2,2020-08-19 00:00:00,2025-01-20 00:00:00,,4,1615,1615,99999
1020526,112.12,D,V270,,,150,MITAKO,,2,2014-11-14 00:00:00,2019-04-15 00:00:00,2019-04-15 00:00:00,4,1613,0,1603
3108544,112.11,C,M6,,,150,Kinex,6000,4,2019-08-06 00:00:00,2024-01-05 00:00:00,,2,1613,1613,99999
1002893,112.12,C,M6,,,150,,,4,2009-11-11 00:00:00,2014-04-10 00:00:00,,2,1611,1611,99999
3111293,112.12,D,VR/PKD/31,PKD/12,Obrábění,150,Mitutoyo,500,4,2020-09-30 00:00:00,2025-02-26 00:00:00,,1,1610,1610,99999
308275,112.11,D,V 22,,,160,Somet,11016651,4,2006-10-13 00:00:00,2011-03-10 00:00:00,2011-03-10 00:00:00,1,1609,1207,1514
311589,112.12,D,V 22,,,150,Somet,,2,2008-09-25 00:00:00,2013-02-20 00:00:00,,4,1609,1609,99999
33853,112.11,D,V 22,,,400,Somet,,3,2001-02-15 00:00:00,2005-07-11 00:00:00,,1,1607,1607,99999
303397,112.11,D,V 29,PSW-V,Obrábění,160,BOS HK,,2,2005-05-24 00:00:00,2009-10-16 00:00:00,,4,1606,1606,99999
3108658,112.11,D,PSZ/3,PSZ/3,Obrábění,150,Kinex,,2,2019-10-18 00:00:00,2024-03-11 00:00:00,,3,1606,1606,99999
3105499,112.12,B,V 29,PSW-P,"Technologie, konstrukce",150,Filletta,,2,2018-10-24 00:00:00,2023-03-17 00:00:00,,4,1605,1605,99999
31568,112.12,D,V 22,,,150,Somet,,5,2000-10-11 00:00:00,2005-03-03 00:00:00,,2,1604,1604,99999
3109955,112.12,C,V 22,PKT/4,Údržba,150,Insize,1112-150,2,2020-03-18 00:00:00,2024-08-07 00:00:00,,4,1603,1603,99999
3109941,112.12,D,V 22,PKG,Hutě,300,Insize,1112-300,4,2020-03-18 00:00:00,2024-08-06 00:00:00,,1,1602,1602,99999
3111552,112.12,C,V160,PFO-P/31,Údržba,150,Insize,,2,2020-11-19 00:00:00,2025-04-09 00:00:00,,4,1602,1602,99999
1011778,112.12,D,V 22,,,150,MITAKO,907,8,2013-01-09 00:00:00,2018-10-25 00:00:00,2017-05-29 00:00:00,1,1601,1191,1594
1023231,112.12,D,V 22,,,150,MITAKO,907,6,2015-09-23 00:00:00,2020-02-10 00:00:00,,1,1601,1601,99999
1023237,112.12,D,V 22,,,150,MITAKO,907,6,2015-09-23 00:00:00,2020-07-24 00:00:00,2020-02-10 00:00:00,4,1601,988,1593
1043488,112.12,C,V 22,PKP,Montáž,150,Insize,1108-150,2,2018-04-26 00:00:00,2022-09-12 00:00:00,,4,1600,1600,99999
303365,112.12,D,V270,,,150,Somet,,2,2005-05-23 00:00:00,2009-10-09 00:00:00,2009-10-09 00:00:00,,1600,0,1600
3111033,112.12,C,V270,PF1-K,Svařovna,150,Insize,,2,2020-08-26 00:00:00,2025-01-10 00:00:00,,4,1598,1598,99999
1002802,112.12,D,V 29,PSW-V,Obrábění,200,Somet,,3,2009-11-05 00:00:00,2014-03-21 00:00:00,,4,1597,1597,99999
1018851,112.12,C,VK20,,,150,Würth,,2,2014-05-26 00:00:00,2018-10-09 00:00:00,2018-10-09 00:00:00,4,1597,0,1593
1030853,112.11,B,V 10,PSW-T,Sklad,150,Somet,,2,2017-11-22 00:00:00,2022-04-07 00:00:00,,4,1597,1597,99999
3109960,112.12,D,V 22,PKG,Hutě,150,Insize,1112-150,4,2020-03-18 00:00:00,2024-07-31 00:00:00,,1,1596,1596,99999
3112329,112.12,D,VR/PKD/31,PKD/13,Hutě,150,Mahr,16EWRi,4,2021-02-26 00:00:00,2025-07-11 00:00:00,,1,1596,1596,99999
1022915,112.12,D,V 22,,,150,Mahr,16ER,7,2015-08-27 00:00:00,2025-02-28 00:00:00,2020-01-08 00:00:00,1,1595,1142,1587
3112856,112.12,C,V 22,PKT/4,Údržba,150,Insize,1112-150,2,2021-03-16 00:00:00,2025-07-28 00:00:00,,4,1595,1595,99999
1042814,112.11,C,V 22,PKT/4,Údržba,160,Somet,11016611,2,2018-01-12 00:00:00,2022-05-25 00:00:00,,4,1594,1594,99999
1015825,112.11,D,PSZ/3,,,160,,,2,2013-09-09 00:00:00,2018-01-18 00:00:00,2018-01-18 00:00:00,3,1592,0,1590
1029978,112.12,C,V160,,,150,Kinex,,2,2017-09-06 00:00:00,2022-01-14 00:00:00,2022-01-14 00:00:00,4,1591,0,1583
310296,112.11,C,V180,,,160,Somet,11016611,2,2007-12-19 00:00:00,2012-04-27 00:00:00,,6,1591,1591,99999
1026584,112.12,D,PSZ/3,PSZ/3,Obrábění,300,Mitutoyo,,4,2016-09-15 00:00:00,2024-03-11 00:00:00,2021-01-22 00:00:00,3,1590,0,1565
3110403,112.12,C,VR/PKD/31,PKD/3,Údržba,150,Mitutoyo,500,4,2019-09-02 00:00:00,2024-01-09 00:00:00,,3,1590,1590,99999
38489,112.12,C,M6,,,,,,3,2002-04-29 00:00:00,2006-09-05 00:00:00,2006-09-05 00:00:00,,1590,848,1574
46536,112.11,D,V 22,,,160,Somet,,4,2003-11-10 00:00:00,2008-03-18 00:00:00,,1,1590,1590,99999
1023939,112.12,D,V 22,,,150,Schut,906,5,2015-10-22 00:00:00,2020-07-16 00:00:00,2020-02-27 00:00:00,1,1589,1099,1561
35664,112.11,D,V 22,,,150,Somet,,5,2001-09-04 00:00:00,2006-01-09 00:00:00,,1,1588,1588,99999
1002843,112.12,D,V270,,,150,,,2,2009-10-23 00:00:00,2014-02-25 00:00:00,2014-02-25 00:00:00,4,1586,0,1565
1002845,112.12,D,V270,,,150,,,2,2009-10-23 00:00:00,2014-02-25 00:00:00,2014-02-25 00:00:00,4,1586,0,1565
3109433,112.12,B,V 29,PSW-T,Sklad,150,Filletta,,2,2020-01-27 00:00:00,2024-05-31 00:00:00,,4,1586,1586,99999
3111548,112.12,C,V160,PFO-P/31,Údržba,150,Insize,,2,2020-11-19 00:00:00,2025-03-24 00:00:00,,4,1586,1586,99999
3111553,112.12,C,V160,PFO-P/31,Údržba,150,Insize,,2,2020-11-19 00:00:00,2025-03-24 00:00:00,,4,1586,1586,99999
34641,112.12,C,M6,,,150,Somet,,3,2001-05-18 00:00:00,2005-09-20 00:00:00,,2,1586,1586,99999
1006229,112.12,D,V 22,,,200,,907,4,2011-05-24 00:00:00,2015-09-25 00:00:00,2015-09-25 00:00:00,1,1585,1205,1578
1001726,112.12,D,V270,,,150,,,3,2009-04-14 00:00:00,2014-03-24 00:00:00,2013-08-15 00:00:00,4,1584,0,1575
308516,112.11,B,VK20,PFK/1,Sklad,150,,,2,2007-02-27 00:00:00,2011-06-30 00:00:00,,4,1584,1584,99999
1012228,112.12,D,VR/PKD/31,,,150,FACOM,,3,2013-02-21 00:00:00,2017-06-21 00:00:00,,2,1581,1581,99999
311742,112.12,D,V 22,,,,Mitutoyo,551,10,2008-10-14 00:00:00,2018-08-31 00:00:00,2013-02-11 00:00:00,2,1581,1091,1554
1043485,112.12,D,V 22,,,150,Insize,1108-150,5,2018-04-26 00:00:00,2024-06-18 00:00:00,2022-08-22 00:00:00,1,1579,922,1572
14865,112.11,D,V 22,,,250,Somet,,2,2000-10-06 00:00:00,2005-02-01 00:00:00,2005-02-01 00:00:00,4,1579,0,2276
203328,112.12,D,V270,,,150,Mitutoyo,500,2,2001-06-11 00:00:00,2005-10-07 00:00:00,2005-10-07 00:00:00,4,1579,0,353
310364,112.12,C,V180,,,150,,,2,2008-02-04 00:00:00,2012-06-01 00:00:00,2012-06-01 00:00:00,4,1579,0,1025
1002166,112.12,D,V 22,,,150,,IS11111,2,2009-07-08 00:00:00,2013-11-01 00:00:00,,4,1577,1577,99999
29487,112.12,B,PSW-T,PSW-T,TK,150,Somet,,4,2002-01-08 00:00:00,2006-05-04 00:00:00,,2,1577,1577,99999
3105672,112.12,C,VK20,,,150,Würth,,2,2018-11-19 00:00:00,2023-03-15 00:00:00,,4,1577,1577,99999
3105673,112.12,C,VK20,,,150,Würth,,2,2018-11-19 00:00:00,2023-03-15 00:00:00,,4,1577,1577,99999
37193,112.11,B,PSW-T,PSW-T,TK,150,Škoda Auto,,4,2002-01-08 00:00:00,2006-05-04 00:00:00,,2,1577,1577,99999
29491,112.12,B,PSW-T,PSW-T,TK,200,Mitutoyo,,4,2002-01-09 00:00:00,2006-05-04 00:00:00,,2,1576,1576,99999
29495,112.12,B,PSW-T,PSW-T,TK,150,Mitutoyo,,4,2002-01-09 00:00:00,2006-05-04 00:00:00,,2,1576,1576,99999
1001727,112.12,D,V270,,,150,,,2,2009-04-14 00:00:00,2013-08-06 00:00:00,2013-08-06 00:00:00,4,1575,0,1566
1014592,112.12,D,V 22,,,150,MITAKO,907,7,2013-06-19 00:00:00,2019-05-24 00:00:00,2017-10-11 00:00:00,1,1575,1064,1562
1019985,112.12,D,V 22,,,150,Schut,906,5,2014-09-23 00:00:00,2019-06-07 00:00:00,2019-01-15 00:00:00,1,1575,878,1569
3110428,112.12,A,V 22,GQH-3,Kvalita,150,,2154N,3,2020-06-30 00:00:00,2024-10-22 00:00:00,,2,1575,1575,99999
1029549,112.12,B,V 29,PSW-T,Sklad,150,Filletta,,2,2017-06-15 00:00:00,2021-10-06 00:00:00,,4,1574,1574,99999
304944,112.11,C,V180,PFO-P/11,Lisovna,150,Hommel,,2,2004-11-04 00:00:00,2009-02-24 00:00:00,2009-02-24 00:00:00,6,1573,0,1275
35665,112.12,D,V 22,,,150,Somet,,5,2001-09-04 00:00:00,2005-12-23 00:00:00,,1,1571,1571,99999
24818,112.12,C,M6,,,150,Samson,,2,2000-03-28 00:00:00,2004-07-15 00:00:00,,,1570,1570,99999
41094,112.12,D,V 29,,,150,Mitutoyo,500,5,2002-06-05 00:00:00,2006-09-22 00:00:00,2006-09-22 00:00:00,2,1570,1399,1485
1002764,112.12,D,V 22,,,150,,,3,2009-10-22 00:00:00,2014-06-06 00:00:00,2014-02-06 00:00:00,1,1568,0,1550
1003160,112.11,C,V 10,PSW-F,Montáž,160,Somet,,2,2010-01-12 00:00:00,2014-04-29 00:00:00,,4,1568,1568,99999
1013181,112.12,B,V260,PFS-K/4,Sklad,150,MITAKO,907,7,2013-04-16 00:00:00,2017-08-01 00:00:00,,5,1568,1568,99999
1026772,112.12,D,V 22,,,300,Mitutoyo,551,4,2016-10-12 00:00:00,2021-01-27 00:00:00,,1,1568,1568,99999
30279,112.12,D,V 22,,,300,Somet,,3,2000-08-03 00:00:00,2004-11-18 00:00:00,2004-11-18 00:00:00,2,1568,799,1568
3111020,112.12,C,V270,PF1-K,Údržba,150,Insize,,2,2020-08-19 00:00:00,2024-12-04 00:00:00,,4,1568,1568,99999
33288,112.12,D,V 22,,,300,Somet,,3,2001-02-01 00:00:00,2005-05-19 00:00:00,,2,1568,1568,99999
1012221,112.12,D,VR/PKD/31,,,150,FACOM,,3,2013-02-21 00:00:00,2017-06-07 00:00:00,,2,1567,1567,99999
1023226,112.12,D,V 22,,,150,Schut,906,8,2015-09-30 00:00:00,2021-11-05 00:00:00,2020-01-14 00:00:00,1,1567,1206,1566
1043214,112.11,D,V 10,PSW-F,Obrábění,300,Somet,,2,2018-02-28 00:00:00,2022-06-14 00:00:00,,4,1567,1567,99999
3108650,112.11,C,PSZ/3,PSZ/3,Údržba,150,Kinex,,2,2019-10-18 00:00:00,2024-02-01 00:00:00,,3,1567,1567,99999
3108653,112.11,D,PSZ/3,PSZ/3,Obrábění,150,Kinex,,2,2019-10-18 00:00:00,2024-02-01 00:00:00,2024-02-01 00:00:00,3,1567,0,1549
3108657,112.11,D,PSZ/3,PSZ/3,Obrábění,150,Kinex,,2,2019-10-18 00:00:00,2024-02-01 00:00:00,,3,1567,1567,99999
1043342,112.11,D,PSZ/3,PSZ/3,Obrábění,150,Kinex,,2,2018-03-29 00:00:00,2022-07-12 00:00:00,,3,1566,1566,99999
3105158,112.12,C,V 10,PSW-F,Montáž,150,Filletta,,2,2018-09-06 00:00:00,2022-12-20 00:00:00,,4,1566,1566,99999
3111309,112.12,D,V 29,PSW-P,Obrábění,150,Filletta,,2,2020-10-05 00:00:00,2025-01-15 00:00:00,,4,1563,1563,99999
45014,112.11,,V 31,,,150,Somet,,3,2001-04-30 00:00:00,2005-08-10 00:00:00,,,1563,1563,99999
1013298,112.12,D,V 22,,,200,Schut,906,5,2013-04-30 00:00:00,2019-11-11 00:00:00,2017-08-09 00:00:00,2,1562,770,1560
1030732,112.11,D,V 22,,,160,Somet,11016651,2,2017-11-22 00:00:00,2022-03-03 00:00:00,,4,1562,1562,99999
309867,112.12,B,V 10,PSW-S,Vedení,160,Somet,14016459,3,2007-10-30 00:00:00,2012-02-08 00:00:00,,4,1562,1562,99999
38896,112.11,D,V 29,,,150,China,,3,2001-04-30 00:00:00,2005-08-09 00:00:00,2005-08-09 00:00:00,,1562,784,1173
1001721,112.12,D,V270,,,150,,,4,2009-04-14 00:00:00,2013-07-23 00:00:00,,4,1561,1561,99999
307337,112.11,D,V 22,,,160,Somet,,3,2006-06-06 00:00:00,2010-09-14 00:00:00,2010-09-14 00:00:00,2,1561,805,1540
3111021,112.12,C,V270,PF2-K,Údržba,150,Insize,,2,2020-08-19 00:00:00,2024-11-27 00:00:00,,4,1561,1561,99999
3113618,112.12,D,VR/PKD/31,PKD/11,Obrábění,150,Mahr,,3,2020-09-30 00:00:00,2025-01-08 00:00:00,,1,1561,1561,99999
38353,112.11,D,V 31,PSW-P,Obrábění,150,Kinex,,6,2001-01-26 00:00:00,2011-04-27 00:00:00,2005-05-06 00:00:00,4,1561,858,1089
3111878,112.12,C,V 22,PKT/4,Údržba,150,Insize,1112-150,2,2020-12-10 00:00:00,2025-03-19 00:00:00,,4,1560,1560,99999
3112858,112.12,D,V 22,,,150,Insize,1112-150,2,2021-03-16 00:00:00,2025-06-23 00:00:00,,4,1560,1560,99999
1003248,112.12,C,VK20,,,150,Vigor,V1713,2,2010-02-12 00:00:00,2014-05-21 00:00:00,2014-05-21 00:00:00,4,1559,0,1560
30054,112.11,D,V 22,PKG,Hutě,300,Shan,,11,2006-07-28 00:00:00,2024-09-19 00:00:00,2010-11-03 00:00:00,1,1559,794,3758
38552,112.12,D,V 29,,,150,Somet,,4,2000-12-22 00:00:00,2005-03-30 00:00:00,,,1559,1559,99999
201011,112.12,D,V270,,,160,Somet,,2,2004-04-06 00:00:00,2008-07-11 00:00:00,2008-07-11 00:00:00,4,1557,0,1557
201014,112.12,D,V270,,,160,Somet,,2,2004-04-06 00:00:00,2008-07-11 00:00:00,2008-07-11 00:00:00,4,1557,0,1557
311820,112.12,D,V 22,,,150,,907,7,2008-10-31 00:00:00,2025-03-07 00:00:00,2013-02-04 00:00:00,4,1557,0,1539
1009064,112.12,D,V 22,,,150,Somet,907,11,2012-04-25 00:00:00,2025-03-17 00:00:00,2016-07-29 00:00:00,1,1556,800,1541
1043291,112.12,C,VK30,,,150,Würth,,2,2018-03-26 00:00:00,2022-06-29 00:00:00,,4,1556,1556,99999
38514,112.12,D,V 29,,,150,Somet,,3,2001-10-02 00:00:00,2006-01-05 00:00:00,,,1556,1556,99999
3109962,112.12,D,V 22,PKH,Obrábění,150,Insize,1112-150,4,2020-03-18 00:00:00,2024-06-20 00:00:00,,1,1555,1555,99999
3108881,112.12,C,V 22,PKT/21,Údržba,150,Mitutoyo,500,2,2019-11-26 00:00:00,2024-02-27 00:00:00,,4,1554,1554,99999
1014575,112.11,C,V 22,PKG,Údržba,160,Somet,11016611,5,2013-06-19 00:00:00,2022-10-06 00:00:00,2017-09-19 00:00:00,3,1553,0,1540
1014577,112.11,D,V 22,,,160,Somet,11016611,2,2013-06-19 00:00:00,2017-09-19 00:00:00,,3,1553,1553,99999
1024674,112.12,B,M6,PKT,Vedení,150,MITAKO,907,7,2016-02-17 00:00:00,2024-04-11 00:00:00,2020-05-19 00:00:00,2,1553,1093,1531
1043260,112.12,D,V 22,,,150,MITAKO,907,5,2017-12-20 00:00:00,2022-03-22 00:00:00,,1,1553,1553,99999
3105302,112.12,D,V 10,PSW-F,Obrábění,200,Insize,,2,2018-09-19 00:00:00,2022-12-20 00:00:00,,4,1553,1553,99999
3107287,112.12,C,VL20,PFO-B/2,Údržba,150,Kinex,,2,2019-05-22 00:00:00,2023-08-22 00:00:00,,4,1553,1553,99999
3109951,112.12,D,V 22,PKG,Hutě,150,Insize,1112-150,4,2020-03-18 00:00:00,2024-06-18 00:00:00,,1,1553,1553,99999
3111022,112.12,B,V270,PFS-K,Provozní laboratoř,150,Insize,,2,2020-08-19 00:00:00,2024-11-19 00:00:00,,4,1553,1553,99999
3105148,112.12,C,V 10,PSW-F,Montáž,300,Filletta,,2,2018-09-20 00:00:00,2022-12-20 00:00:00,,4,1552,1552,99999
309783,112.12,D,V 22,,,160,Somet,14016459,11,2007-10-26 00:00:00,2016-08-26 00:00:00,2012-01-24 00:00:00,1,1551,1167,1545
44462,112.11,D,V 31,PSW-P,Obrábění,150,Somet,,3,2003-01-17 00:00:00,2007-04-17 00:00:00,,4,1551,1551,99999
304827,112.11,A,GQG-2/2,GQG-2,Kvalita,150,MEBA,,3,2005-08-23 00:00:00,2009-11-20 00:00:00,,2,1550,1550,99999
41735,112.12,D,V 10,PSW-F,Obrábění,200,Mitutoyo,,4,2000-11-28 00:00:00,2005-02-25 00:00:00,,2,1550,1550,99999
38528,112.12,D,V 29,,,150,Mitutoyo,500,3,2000-11-22 00:00:00,2005-02-16 00:00:00,,,1547,1547,99999
1012192,112.12,A,VR/GQH,GQH-2,Kvalita,150,Kinex,,3,2012-11-27 00:00:00,2017-02-20 00:00:00,2017-02-20 00:00:00,2,1546,805,1468
17114,112.11,C,M6,,,160,Somet,,3,2001-02-16 00:00:00,2005-05-12 00:00:00,,,1546,1546,99999
41580,112.11,D,V 29,,,,,,3,2000-12-14 00:00:00,2005-03-08 00:00:00,,4,1545,1545,99999
41765,112.12,C,V 10,PSW-F,Montáž,200,,,7,2002-09-13 00:00:00,2007-10-31 00:00:00,2006-12-06 00:00:00,4,1545,1083,1532
3106337,112.12,C,V 29,PSW-P,Montáž,150,Filletta,,2,2019-02-01 00:00:00,2023-04-25 00:00:00,,4,1544,1544,99999
308315,112.12,D,V 22,,,160,Somet,14016459,11,2007-01-10 00:00:00,2017-07-14 00:00:00,2011-04-01 00:00:00,1,1542,818,1533
38487,112.12,C,M6,,,150,Somet,,2,2002-04-29 00:00:00,2006-07-19 00:00:00,,,1542,1542,99999
1011988,112.12,D,V270,,,150,,,2,2013-01-23 00:00:00,2017-04-12 00:00:00,,4,1540,1540,99999
1011990,112.12,D,V270,,,150,,,2,2013-01-23 00:00:00,2017-04-12 00:00:00,,4,1540,1540,99999
200551,112.11,C,VA30,,,150,Somet,,3,2003-01-22 00:00:00,2007-04-11 00:00:00,,2,1540,1540,99999
3107353,112.12,C,V270,PF2-K,Svařovna,150,Insize,,2,2019-06-18 00:00:00,2023-09-05 00:00:00,,4,1540,1540,99999
3108488,112.12,D,PSZ/3,PSZ/3,Obrábění,150,,,2,2019-07-17 00:00:00,2023-10-04 00:00:00,,3,1540,1540,99999
1001558,112.12,D,V 22,,,150,,907,8,2009-03-20 00:00:00,2018-06-07 00:00:00,2013-06-06 00:00:00,2,1539,774,1533
1005709,112.12,C,V 10,PSW-F,Montáž,150,,,3,2011-02-11 00:00:00,2015-04-30 00:00:00,2015-04-30 00:00:00,4,1539,40,1526
1005710,112.12,B,V 29,PSW-T,Sklad,150,,,3,2011-02-11 00:00:00,2015-04-30 00:00:00,,4,1539,1539,99999
1005720,112.11,C,V 31,PSW-P,Montáž,160,Somet,,3,2011-02-11 00:00:00,2015-04-30 00:00:00,,4,1539,1539,99999
1008233,112.11,C,V160,,,160,,,2,2012-02-07 00:00:00,2016-04-25 00:00:00,2016-04-25 00:00:00,6,1539,0,1523
202381,112.11,C,V160,,,250,Somet,,2,2004-05-26 00:00:00,2008-08-12 00:00:00,,6,1539,1539,99999
3107294,112.12,C,VL20,PFO-B/2,Údržba,150,Kinex,,2,2019-05-22 00:00:00,2023-08-08 00:00:00,,4,1539,1539,99999
3106342,112.12,D,V 29,PSW-P,Obrábění,150,Filletta,,3,2019-02-01 00:00:00,2023-04-27 00:00:00,2023-04-18 00:00:00,4,1537,0,1519
1005750,112.12,D,V 22,,,150,,907,12,2011-01-31 00:00:00,2025-06-24 00:00:00,2015-04-16 00:00:00,1,1536,1408,1511
310418,112.12,D,V 22,,,150,Somet,907,2,2008-02-01 00:00:00,2012-04-16 00:00:00,2012-04-16 00:00:00,4,1536,0,1523
38351,112.11,D,V 29,,,150,Kinex,,3,2001-01-08 00:00:00,2005-03-24 00:00:00,,,1536,1536,99999
1022980,112.12,C,V 29,PSW-V,Montáž,200,Somet,,2,2015-07-15 00:00:00,2019-09-27 00:00:00,,4,1535,1535,99999
304947,112.11,D,V 22,,,300,Somet,,2,2002-02-05 00:00:00,2006-04-20 00:00:00,,4,1535,1535,99999
45244,112.12,,V 31,,,150,HHW,,3,2003-02-03 00:00:00,2007-04-18 00:00:00,,4,1535,1535,99999
1011960,112.11,C,VK20,,,150,KS TOOLS,,2,2013-01-28 00:00:00,2017-04-11 00:00:00,,4,1534,1534,99999
1022156,112.11,D,V 22,,,160,Somet,11016611,2,2015-05-26 00:00:00,2019-08-07 00:00:00,,4,1534,1534,99999
44867,112.11,D,V 31,PSW-P,Obrábění,150,Somet,,3,2003-02-03 00:00:00,2007-04-17 00:00:00,,4,1534,1534,99999
45272,112.12,D,V 31,PSW-P,Obrábění,150,Mitutoyo,,3,2003-02-04 00:00:00,2007-04-18 00:00:00,,4,1534,1534,99999
1004294,112.12,C,V 10,PSW-F,Montáž,200,Mitutoyo,500,2,2010-06-24 00:00:00,2014-09-04 00:00:00,,4,1533,1533,99999
1006346,112.12,D,V 22,,,150,Mitutoyo,500,3,2011-06-14 00:00:00,2015-08-25 00:00:00,,2,1533,1533,99999
1030016,112.11,C,V160,PFO-P/31,Údržba,160,,,2,2017-09-07 00:00:00,2021-11-18 00:00:00,,6,1533,1533,99999
308816,112.12,D,V 22,,,160,Somet,14016459,5,2007-03-22 00:00:00,2011-06-02 00:00:00,,1,1533,1533,99999
308856,112.12,D,V270,,,150,Mahr,4102403,2,2007-03-27 00:00:00,2011-06-07 00:00:00,,4,1533,1533,99999
3108267,112.11,C,M6,,,160,,11016551,4,2019-07-26 00:00:00,2023-10-06 00:00:00,,2,1533,1533,99999
3107498,112.12,D,V 10,PSW-F,Obrábění,200,Filletta,,2,2019-06-21 00:00:00,2023-08-31 00:00:00,,4,1532,1532,99999
3112737,112.12,D,V 29,PSW-P,Obrábění,150,Filletta,,2,2021-04-06 00:00:00,2025-06-16 00:00:00,,4,1532,1532,99999
25305,112.12,D,V 22,,,150,Samson,,4,2000-09-01 00:00:00,2004-11-10 00:00:00,,2,1531,1531,99999
43321,112.11,D,V 22,,,160,Somet,,3,2002-11-15 00:00:00,2007-01-24 00:00:00,,5,1531,1531,99999
1020525,112.12,D,V270,,,150,MITAKO,,2,2014-11-14 00:00:00,2019-01-22 00:00:00,2019-01-22 00:00:00,4,1530,0,1520
200557,112.11,C,VA30,PF1-K,Svařovna,150,Somet,,3,2003-10-06 00:00:00,2007-12-14 00:00:00,,2,1530,1530,99999
3108515,112.11,D,V 29,PSW-V,Obrábění,160,Somet,,2,2019-09-26 00:00:00,2023-12-04 00:00:00,,4,1530,1530,99999
1023639,112.11,C,V160,PFO-P/21,Údržba,160,Somet,,2,2015-10-06 00:00:00,2019-12-13 00:00:00,,6,1529,1529,99999
1029306,112.12,D,V 22,,,150,MITAKO,907,6,2017-05-23 00:00:00,2021-07-30 00:00:00,2021-07-30 00:00:00,1,1529,1395,1513
302237,112.11,C,M6,,,160,Somet,,3,2005-03-08 00:00:00,2009-05-14 00:00:00,,2,1528,1528,99999
3111303,112.12,D,V 10,PSW-F,Obrábění,150,Filletta,,2,2020-10-05 00:00:00,2024-12-11 00:00:00,,4,1528,1528,99999
1005663,112.12,C,VK20,,,150,BAHCO,,2,2011-02-21 00:00:00,2015-04-28 00:00:00,,4,1527,1527,99999
1022227,112.12,A,VR/GQH,,,150,Mitutoyo,500,3,2015-06-03 00:00:00,2019-08-08 00:00:00,2019-08-08 00:00:00,3,1527,1126,1528
3111313,112.12,B,V 10,PSW-T,Sklad,200,Filletta,,3,2020-10-05 00:00:00,2025-02-20 00:00:00,2024-12-10 00:00:00,4,1527,0,1512
1028110,112.12,D,V 22,PKG,Hutě,150,Schut,906,9,2017-01-16 00:00:00,2024-11-19 00:00:00,2021-03-22 00:00:00,1,1526,1143,1516
3105730,112.12,C,VK20,,,150,Würth,,2,2018-11-30 00:00:00,2023-02-03 00:00:00,,4,1526,1526,99999
1023911,112.12,C,V180,,,150,,,2,2015-11-12 00:00:00,2020-01-15 00:00:00,2020-01-15 00:00:00,4,1525,0,1518
3108239,112.11,D,V 10,,,300,Somet,,2,2019-09-05 00:00:00,2023-11-08 00:00:00,,4,1525,1525,99999
3108240,112.11,C,V 10,PSW-F,Montáž,300,Somet,,2,2019-09-05 00:00:00,2023-11-08 00:00:00,,4,1525,1525,99999
43192,112.11,C,V 10,PAP,Montáž,150,Somet,,3,2002-10-03 00:00:00,2006-12-06 00:00:00,,4,1525,1525,99999
14954,112.11,D,V 22,,,120,UIK,,3,2003-12-11 00:00:00,2008-02-12 00:00:00,2008-02-12 00:00:00,2,1524,769,3382
311426,112.12,B,V 29,PSW-T,Sklad,300,Vogel,,7,2008-08-20 00:00:00,2025-02-14 00:00:00,2012-10-22 00:00:00,4,1524,0,1510
48039,112.12,D,V 22,,,160,Somet,,3,2004-09-03 00:00:00,2008-11-05 00:00:00,2008-11-05 00:00:00,2,1524,769,1510
1001728,112.12,D,V270,,,150,,,2,2009-04-14 00:00:00,2013-06-13 00:00:00,2013-06-13 00:00:00,4,1521,0,1512
308310,112.12,D,V 22,,,160,Somet,14016459,2,2007-01-10 00:00:00,2011-03-10 00:00:00,2011-03-10 00:00:00,4,1520,0,1511
3105671,112.12,C,VK20,,,150,Würth,,2,2018-11-19 00:00:00,2023-01-17 00:00:00,,4,1520,1520,99999
3105676,112.12,C,VK20,,,150,Würth,,2,2018-11-19 00:00:00,2023-01-17 00:00:00,,4,1520,1520,99999
3105678,112.12,C,VK20,,,150,Würth,,2,2018-11-19 00:00:00,2023-01-17 00:00:00,,4,1520,1520,99999
305241,112.11,D,V 22,,,130,Mitutoyo,505,2,2002-09-27 00:00:00,2006-11-24 00:00:00,,4,1519,1519,99999
3111181,112.11,D,V 10,PSW-F,Obrábění,,,,4,2020-10-14 00:00:00,2025-04-02 00:00:00,2024-12-11 00:00:00,4,1519,0,1526
1017962,112.12,D,V270,,,150,MITAKO,,2,2014-02-18 00:00:00,2018-04-16 00:00:00,2018-04-16 00:00:00,4,1518,0,1512
202241,112.12,D,V270,,,150,Somet,,2,2001-07-24 00:00:00,2005-09-19 00:00:00,,4,1518,1518,99999
3105481,112.12,C,V 10,PSW-F,Montáž,150,Filletta,,2,2018-10-24 00:00:00,2022-12-20 00:00:00,,4,1518,1518,99999
3109852,112.11,D,PSZ/3,,,,KMITEX,,2,2020-04-28 00:00:00,2024-06-24 00:00:00,,3,1518,1518,99999
1001922,112.12,D,V 22,,,150,,907,2,2009-05-13 00:00:00,2013-07-08 00:00:00,,4,1517,1517,99999
1011362,112.12,D,V 31,PSW-P,Obrábění,150,Mitutoyo,,2,2012-12-05 00:00:00,2017-01-30 00:00:00,,4,1517,1517,99999
38814,112.12,D,V 29,,,,Mitutoyo,550,2,2000-10-20 00:00:00,2004-12-15 00:00:00,,,1517,1517,99999
44832,112.11,D,V 29,,,120,,,3,2003-01-17 00:00:00,2007-03-14 00:00:00,,4,1517,1517,99999
1005719,112.11,C,V 10,PSW-F,Montáž,160,Somet,,3,2011-02-11 00:00:00,2015-04-07 00:00:00,,4,1516,1516,99999
1005725,112.11,C,V 10,PSW-F,Montáž,160,Somet,,3,2011-02-11 00:00:00,2015-04-07 00:00:00,,4,1516,1516,99999
3107927,112.11,C,M6,,,160,Somet,11016551,4,2019-08-12 00:00:00,2023-10-06 00:00:00,,2,1516,1516,99999
3109432,112.12,B,V 29,PSW-T,Sklad,150,Filletta,,2,2020-01-27 00:00:00,2024-03-21 00:00:00,,4,1515,1515,99999
3112488,112.12,B,EM,,,200,Mahr,,3,2021-03-01 00:00:00,2025-04-24 00:00:00,,2,1515,1515,99999
1006090,112.12,D,V 22,,,150,MITAKO,907,4,2011-05-03 00:00:00,2015-06-25 00:00:00,2015-06-25 00:00:00,1,1514,834,1508
1011284,112.12,C,V 31,PSW-P,Montáž,150,Somet,,2,2012-07-09 00:00:00,2016-08-31 00:00:00,,4,1514,1514,99999
38507,112.12,D,V 29,,,150,Mitutoyo,500,3,2000-12-05 00:00:00,2005-01-27 00:00:00,,2,1514,1514,99999
1004834,112.12,D,V270,,,150,,,2,2010-10-14 00:00:00,2014-12-05 00:00:00,,4,1513,1513,99999
1011286,112.12,C,V 29,PSW-T,Údržba,150,Somet,,2,2012-07-10 00:00:00,2016-08-31 00:00:00,,4,1513,1513,99999
1011287,112.12,D,V 31,PSW-P,Obrábění,150,Somet,,2,2012-07-10 00:00:00,2016-08-31 00:00:00,,4,1513,1513,99999
1024142,112.12,D,V 22,,,150,Schut,906,7,2015-12-08 00:00:00,2025-07-02 00:00:00,2020-01-29 00:00:00,1,1513,618,1507
3107354,112.12,C,V270,PF1-K,Údržba,150,Insize,,2,2019-06-18 00:00:00,2023-08-09 00:00:00,,4,1513,1513,99999
1024928,112.12,D,V 10,PSW-F,Obrábění,300,,,2,2016-03-09 00:00:00,2020-04-29 00:00:00,2020-04-29 00:00:00,4,1512,0,1484
303411,112.12,D,V 31,PSW-P,Obrábění,160,BOS HK,,2,2005-05-24 00:00:00,2009-07-14 00:00:00,2009-07-14 00:00:00,4,1512,0,1512
306922,112.12,C,VK20,,,150,Mitutoyo,,2,2006-04-04 00:00:00,2010-05-25 00:00:00,,4,1512,1512,99999
3105680,112.12,C,VK20,PFK-K,Svařovna,150,Würth,,2,2018-11-19 00:00:00,2023-01-09 00:00:00,,4,1512,1512,99999
3107350,112.12,B,V270,PFS-K/1,Vedení,150,Insize,,2,2019-06-18 00:00:00,2023-08-08 00:00:00,,4,1512,1512,99999
3107351,112.12,D,V270,,,150,Insize,,2,2019-06-18 00:00:00,2023-08-08 00:00:00,2023-08-08 00:00:00,4,1512,0,1510
3108475,112.12,D,V 10,PSW-F,Obrábění,200,Mitutoyo,,2,2019-10-02 00:00:00,2023-11-22 00:00:00,,4,1512,1512,99999
3112863,112.12,D,V 22,,,150,Insize,1112-150,4,2021-03-16 00:00:00,2025-05-06 00:00:00,,1,1512,1512,99999
46010,112.12,D,V 10,PSW-F,Obrábění,200,Somet,,2,2003-08-12 00:00:00,2007-10-02 00:00:00,,4,1512,1512,99999
1020527,112.12,D,V270,,,150,MITAKO,,2,2014-11-14 00:00:00,2019-01-03 00:00:00,2019-01-03 00:00:00,4,1511,0,1501
14890,112.11,D,V 22,,,150,,,2,2002-07-25 00:00:00,2006-09-13 00:00:00,2006-09-13 00:00:00,4,1511,0,2865
17329,112.11,D,V 22,,,150,Somet,,2,2002-07-25 00:00:00,2006-09-13 00:00:00,2006-09-13 00:00:00,4,1511,0,2865
3105453,112.12,B,PF1/1,PF1/1,Provozní laboratoř,150,Insize,,2,2018-06-22 00:00:00,2022-08-11 00:00:00,,4,1511,1511,99999
3105454,112.12,A,PF1/1,,,150,Insize,,2,2018-06-22 00:00:00,2022-08-11 00:00:00,,4,1511,1511,99999
3105455,112.12,A,PF1/1,,,150,Insize,,2,2018-06-22 00:00:00,2022-08-11 00:00:00,,4,1511,1511,99999
3105456,112.12,A,PF1/1,,,150,Insize,,2,2018-06-22 00:00:00,2022-08-11 00:00:00,2022-08-11 00:00:00,4,1511,0,1372
3105457,112.12,A,PF1/1,,,150,Insize,,2,2018-06-22 00:00:00,2022-08-11 00:00:00,2022-08-11 00:00:00,4,1511,0,1372
38570,112.12,D,V 29,,,150,Mitutoyo,,3,2001-04-06 00:00:00,2005-05-26 00:00:00,,,1511,1511,99999
44865,112.11,,V 31,,,150,Somet,,3,2003-02-26 00:00:00,2007-04-17 00:00:00,,,1511,1511,99999
1008374,112.11,B,V 29,PSW-T,Sklad,160,,,2,2012-02-16 00:00:00,2016-04-05 00:00:00,,4,1510,1510,99999
1010396,112.11,C,V 31,PSW-P,Montáž,160,Filletta,,2,2012-07-13 00:00:00,2016-08-31 00:00:00,,4,1510,1510,99999
308772,112.12,D,V 22,,,160,Somet,14016459,3,2007-03-15 00:00:00,2011-05-03 00:00:00,,2,1510,1510,99999
1017371,112.12,C,V180,,,150,,,2,2013-12-06 00:00:00,2018-01-23 00:00:00,2018-01-23 00:00:00,4,1509,0,1502
1043246,112.12,B,V 22,PKT/1,TK,150,Schut,906,7,2018-01-22 00:00:00,2025-07-01 00:00:00,2022-03-11 00:00:00,1,1509,0,1450
1043566,112.12,C,V 10,PSW-F,Montáž,150,Filletta,,2,2018-04-27 00:00:00,2022-06-14 00:00:00,,4,1509,1509,99999
26532,112.11,C,M6,,,150,,,4,2000-01-06 00:00:00,2005-07-11 00:00:00,2004-02-23 00:00:00,,1509,0,1509
305014,112.11,D,V 22,,,150,Somet,,2,2002-11-22 00:00:00,2007-01-09 00:00:00,,4,1509,1509,99999
1022026,112.12,D,V 10,PSW-F,Obrábění,150,,,2,2015-04-05 00:00:00,2019-05-22 00:00:00,,4,1508,1508,99999
44238,112.12,C,M6,,,160,Somet,14016458,3,2003-01-24 00:00:00,2007-03-12 00:00:00,,2,1508,1508,99999
1004881,112.12,A,GQH-3/1,GQH-3,Kvalita,300,,,8,2010-10-11 00:00:00,2025-08-01 00:00:00,2014-11-26 00:00:00,2,1507,767,1486
1006221,112.12,,V 31,,,150,,,2,2011-05-16 00:00:00,2015-07-01 00:00:00,,4,1507,1507,99999
303390,112.11,D,V 10,PSW-F,Obrábění,160,BOS HK,,2,2005-05-24 00:00:00,2009-07-09 00:00:00,2009-07-09 00:00:00,4,1507,0,1507
307510,112.12,D,V 22,,,160,Somet,14016458,3,2006-07-17 00:00:00,2010-09-01 00:00:00,,2,1507,1507,99999
3109429,112.12,B,V 29,PSW-V,Vedení,150,Filletta,,2,2020-01-27 00:00:00,2024-03-13 00:00:00,,4,1507,1507,99999
1006234,112.12,C,V 31,PSW-P,Montáž,150,,,2,2011-05-16 00:00:00,2015-06-30 00:00:00,2015-06-30 00:00:00,4,1506,0,1491
1010876,112.11,C,V 10,PSW-F,Montáž,160,Somet,,2,2012-09-18 00:00:00,2016-11-02 00:00:00,,4,1506,1506,99999
1012167,112.12,D,V 31,PSW-P,Obrábění,150,,,2,2012-11-28 00:00:00,2017-01-12 00:00:00,,4,1506,1506,99999
1012310,112.12,C,V 10,PSW-F,Montáž,200,Filletta,,2,2013-02-05 00:00:00,2017-03-22 00:00:00,,4,1506,1506,99999
1012311,112.12,C,V 10,PSW-F,Montáž,200,Filletta,,2,2013-02-05 00:00:00,2017-03-22 00:00:00,,4,1506,1506,99999
1017503,112.12,D,V 29,,,150,,,2,2013-12-05 00:00:00,2018-01-19 00:00:00,2018-01-19 00:00:00,4,1506,0,1474
1018058,112.12,C,M6,,,150,MITAKO,907,6,2014-02-24 00:00:00,2021-02-25 00:00:00,2018-04-10 00:00:00,1,1506,1114,1499
1019591,112.12,C,V 10,PSW-F,Montáž,200,Filletta,,2,2013-02-05 00:00:00,2017-03-22 00:00:00,,4,1506,1506,99999
1021751,112.12,D,V 10,,,200,Filletta,,2,2014-04-08 00:00:00,2018-05-23 00:00:00,2018-05-23 00:00:00,4,1506,0,1140
200576,112.11,C,VA30,,,200,,,3,2003-12-09 00:00:00,2008-01-23 00:00:00,2008-01-23 00:00:00,2,1506,765,1506
25007,112.11,A,GQD-2,GQD,Kvalita,650,Somet,,8,2001-07-23 00:00:00,2016-02-10 00:00:00,2005-09-06 00:00:00,3,1506,749,2170
3110405,112.12,C,VR/PKD/31,PKD/3,Údržba,150,Mitutoyo,500,4,2019-09-02 00:00:00,2023-10-17 00:00:00,,3,1506,1506,99999
304077,112.12,B,VK20,EIB,Vývoj,150,Mitutoyo,500,2,2007-11-01 00:00:00,2011-12-15 00:00:00,,4,1505,1505,99999
3105533,112.11,D,V 29,PSW-P,Obrábění,160,Somet,,2,2018-10-23 00:00:00,2022-12-06 00:00:00,,4,1505,1505,99999
3108280,112.12,D,V 10,PSW-F,Obrábění,200,Filletta,,2,2019-09-11 00:00:00,2023-10-25 00:00:00,2023-10-25 00:00:00,4,1505,0,1492
3111107,112.12,D,V 29,PSW-P,Obrábění,150,Filletta,,2,2020-09-07 00:00:00,2024-10-21 00:00:00,,4,1505,1505,99999
38523,112.12,D,V 29,,,150,Mitutoyo,500,3,2001-04-17 00:00:00,2005-05-31 00:00:00,,,1505,1505,99999
41650,112.11,D,V 10,,,600,,,3,2001-03-13 00:00:00,2005-04-26 00:00:00,,3,1505,1505,99999
1006089,112.12,D,V 22,,,150,Schut,906,2,2011-04-21 00:00:00,2015-06-03 00:00:00,,1,1504,1504,99999
1007097,112.11,C,V 29,PSW-T,Logistika,160,Somet,,2,2011-09-06 00:00:00,2015-10-19 00:00:00,,4,1504,1504,99999
1008077,112.12,D,V270,,,150,,,2,2012-01-27 00:00:00,2016-03-10 00:00:00,2016-03-10 00:00:00,4,1504,0,1499
306347,112.11,D,V270,,,160,Somet,11016551,3,2005-12-07 00:00:00,2010-01-19 00:00:00,,6,1504,1504,99999
1011761,112.12,C,M6,,,150,MITAKO,907,6,2012-12-19 00:00:00,2017-01-30 00:00:00,,1,1503,1503,99999
1016983,112.12,C,VK20,,,150,FACOM,,2,2013-11-08 00:00:00,2017-12-19 00:00:00,2017-12-19 00:00:00,4,1502,0,1492
308989,112.12,D,V 29,PSW-V,Obrábění,160,Somet,14016459,2,2007-05-03 00:00:00,2011-06-13 00:00:00,,4,1502,1502,99999
3105155,112.12,D,V 10,PSW-F,Obrábění,150,Filletta,,2,2018-09-06 00:00:00,2022-10-17 00:00:00,,4,1502,1502,99999
202907,112.12,C,VA30,,,160,Somet,,3,2004-08-24 00:00:00,2008-10-03 00:00:00,2008-10-03 00:00:00,2,1501,738,1486
202918,112.12,C,VA30,,,160,Somet,,3,2004-08-24 00:00:00,2008-10-03 00:00:00,,5,1501,1501,99999
202920,112.12,C,VA30,,,160,Somet,,3,2004-08-24 00:00:00,2008-10-03 00:00:00,2008-10-03 00:00:00,2,1501,738,1486
3109641,112.12,D,V 22,PKG,Hutě,300,Insize,1112-300,4,2020-02-17 00:00:00,2024-03-28 00:00:00,,1,1501,1501,99999
41761,112.12,D,V 10,,,200,Somet,,4,2002-09-16 00:00:00,2006-10-26 00:00:00,,4,1501,1501,99999
304087,112.12,C,VK20,,,150,Mitutoyo,500,2,2007-12-04 00:00:00,2012-01-12 00:00:00,,4,1500,1500,99999
1001663,112.11,D,V 22,,,150,,906,3,2009-03-30 00:00:00,2013-05-07 00:00:00,2013-05-07 00:00:00,2,1499,760,1488
1001664,112.11,D,V 22,,,150,,906,8,2009-03-30 00:00:00,2020-08-20 00:00:00,2013-05-07 00:00:00,2,1499,760,1488
1003350,112.12,D,V 29,PSW-V,Obrábění,200,Mitutoyo,500,2,2010-02-11 00:00:00,2014-03-21 00:00:00,,4,1499,1499,99999
1011361,112.12,C,V 29,PSW-V,Montáž,150,Mitutoyo,,2,2012-12-05 00:00:00,2017-01-12 00:00:00,,4,1499,1499,99999
1015511,112.12,C,V 29,PSW-V,Montáž,150,,,2,2013-08-19 00:00:00,2017-09-26 00:00:00,,4,1499,1499,99999
1019151,112.12,D,V 22,PKG,Hutě,150,,907,5,2014-07-01 00:00:00,2024-06-06 00:00:00,2018-08-08 00:00:00,1,1499,0,1493
14993,112.11,D,V 22,,,150,China,,2,2001-10-31 00:00:00,2005-12-08 00:00:00,,4,1499,1499,99999
309618,112.11,D,V 22,,,160,Somet,11016651,2,2007-09-17 00:00:00,2011-10-25 00:00:00,,4,1499,1499,99999
3111075,112.11,D,V 10,PSW-F,Obrábění,,,,3,2020-09-23 00:00:00,2024-11-27 00:00:00,2024-10-31 00:00:00,4,1499,0,1505
38534,112.12,D,V 29,,,150,Mitutoyo,500,3,2002-09-10 00:00:00,2006-10-18 00:00:00,,,1499,1499,99999
38535,112.12,D,V 29,,,150,Mitutoyo,500,3,2001-03-14 00:00:00,2005-04-21 00:00:00,2005-04-21 00:00:00,,1499,806,1072
45249,112.12,D,V 31,PSW-P,Obrábění,150,HHW,,3,2003-01-21 00:00:00,2007-02-28 00:00:00,,4,1499,1499,99999
46263,112.12,D,V 22,,,160,Somet,,3,2003-09-29 00:00:00,2007-11-06 00:00:00,,2,1499,1499,99999
1006657,112.12,D,V 31,PSW-P,Obrábění,150,Filletta,,2,2011-06-28 00:00:00,2015-08-04 00:00:00,,4,1498,1498,99999
1009390,112.12,B,V 29,PSW-T,Sklad,200,Filletta,,2,2012-05-10 00:00:00,2016-06-16 00:00:00,,4,1498,1498,99999
1009393,112.12,C,V 29,PSW-V,Montáž,200,Filletta,,2,2012-05-10 00:00:00,2016-06-16 00:00:00,2016-06-16 00:00:00,4,1498,0,1483
1011777,112.12,D,V 22,,,150,MITAKO,907,5,2013-01-09 00:00:00,2017-02-15 00:00:00,,4,1498,1498,99999
17530,112.12,C,M6,,,150,Mitutoyo,500,3,2000-10-20 00:00:00,2004-11-26 00:00:00,,,1498,1498,99999
301815,112.12,D,V 22,,,160,Somet,14016458,4,2004-12-14 00:00:00,2009-01-20 00:00:00,2009-01-20 00:00:00,1,1498,882,1484
309514,112.12,D,V 22,,,150,HHW,,6,2007-09-12 00:00:00,2011-10-19 00:00:00,2011-10-19 00:00:00,1,1498,1155,1490
3107282,112.12,C,VL20,,,150,Kinex,,2,2019-05-22 00:00:00,2023-06-28 00:00:00,,4,1498,1498,99999
1009386,112.12,C,V 10,PSW-F,Montáž,200,Filletta,,2,2012-05-11 00:00:00,2016-06-16 00:00:00,,4,1497,1497,99999
203020,112.12,C,V270,PF1-K,Údržba,150,Mitutoyo,500,6,2006-08-30 00:00:00,2023-02-03 00:00:00,2010-10-05 00:00:00,4,1497,0,2205
3110552,112.12,C,VL10,,,150,Kinex,,2,2020-07-10 00:00:00,2024-08-15 00:00:00,,4,1497,1497,99999
3112722,112.12,D,V 29,PSW-P,Obrábění,150,Filletta,,2,2021-04-06 00:00:00,2025-05-12 00:00:00,,4,1497,1497,99999
3112725,112.12,B,V 29,PSW-T,TK,150,Filletta,,3,2021-04-06 00:00:00,2025-05-12 00:00:00,,4,1497,1497,99999
3112729,112.12,C,V 10,PSW-F,Montáž,150,Filletta,,2,2021-04-06 00:00:00,2025-05-12 00:00:00,,4,1497,1497,99999
3112731,112.12,D,V 10,PSW-F,Obrábění,150,Filletta,,2,2021-04-06 00:00:00,2025-05-12 00:00:00,,4,1497,1497,99999
38362,112.11,B,V 10,PSW-F,Vedení,150,Kinex,,3,2001-04-27 00:00:00,2005-06-02 00:00:00,,,1497,1497,99999
1003146,112.12,D,V 10,PSW-F,Obrábění,200,,,2,2010-01-14 00:00:00,2014-02-18 00:00:00,,4,1496,1496,99999
1006506,112.12,D,V 10,PSW-F,Obrábění,300,,,2,2011-06-09 00:00:00,2015-07-14 00:00:00,,4,1496,1496,99999
3106367,112.12,D,V 10,PSW-F,Obrábění,200,Filletta,,2,2019-02-01 00:00:00,2023-03-08 00:00:00,,4,1496,1496,99999
1021129,112.12,D,V 10,PSW-F,Obrábění,300,,,7,2015-02-05 00:00:00,2025-03-13 00:00:00,2019-03-11 00:00:00,4,1495,0,1488
3111104,112.12,D,V 29,PSW-P,Obrábění,150,Filletta,,2,2020-09-07 00:00:00,2024-10-10 00:00:00,,4,1494,1494,99999
3111108,112.12,D,V 29,PSW-P,Obrábění,150,Filletta,,2,2020-09-07 00:00:00,2024-10-10 00:00:00,,4,1494,1494,99999
1007986,112.12,,V 31,,,150,Somet,,2,2012-01-10 00:00:00,2016-02-11 00:00:00,,4,1493,1493,99999
1008002,112.12,D,V 31,PSW-P,Obrábění,150,Somet,,2,2012-01-10 00:00:00,2016-02-11 00:00:00,,4,1493,1493,99999
1010880,112.11,C,V 29,PSW-V,Montáž,160,Somet,,2,2012-09-18 00:00:00,2016-10-20 00:00:00,,4,1493,1493,99999
3105990,112.12,D,V 22,,,150,Schut,906,5,2018-12-17 00:00:00,2025-07-01 00:00:00,2023-01-18 00:00:00,1,1493,0,1490
36321,112.12,D,V 22,,,150,Mitutoyo,500,3,2001-10-22 00:00:00,2005-11-23 00:00:00,2005-11-23 00:00:00,2,1493,743,1493
37390,112.12,C,M6,,,200,Mitutoyo,500,3,2002-02-05 00:00:00,2006-03-09 00:00:00,2006-03-09 00:00:00,,1493,731,1493
42346,112.11,D,V 10,,,160,Somet,,2,2002-09-30 00:00:00,2006-11-01 00:00:00,,3,1493,1493,99999
1011019,112.12,B,V 29,PSW-T,Sklad,200,,,2,2012-10-02 00:00:00,2016-11-02 00:00:00,,4,1492,1492,99999
1042595,112.11,D,V 29,PSW-P,Obrábění,160,Somet,,2,2017-12-04 00:00:00,2022-01-04 00:00:00,,4,1492,1492,99999
1043208,112.12,A,PF1/1,,,150,Insize,,2,2018-04-03 00:00:00,2022-05-04 00:00:00,,4,1492,1492,99999
1043211,112.12,A,PF1/1,,,150,Insize,,2,2018-04-03 00:00:00,2022-05-04 00:00:00,,4,1492,1492,99999
1043213,112.12,A,PF1/1,,,150,Insize,,2,2018-04-03 00:00:00,2022-05-04 00:00:00,,4,1492,1492,99999
35096,112.11,C,M6,,,200,,,5,2001-06-18 00:00:00,2008-05-28 00:00:00,2005-07-19 00:00:00,,1492,736,1492
41344,112.11,D,V 29,,,200,,,2,2000-10-11 00:00:00,2004-11-11 00:00:00,,,1492,1492,99999
42199,112.12,B,V 10,PSW-S,Vedení,160,Somet,,3,2002-10-01 00:00:00,2006-11-01 00:00:00,,2,1492,1492,99999
1009454,112.11,C,V 31,PSW-P,Montáž,160,Somet,,3,2012-05-17 00:00:00,2016-06-16 00:00:00,,4,1491,1491,99999
1009455,112.11,D,V 31,PSW-P,Obrábění,160,Somet,,3,2012-05-17 00:00:00,2016-06-16 00:00:00,,4,1491,1491,99999
1009456,112.11,D,V 31,PSW-P,Obrábění,160,Somet,,3,2012-05-17 00:00:00,2016-06-16 00:00:00,,4,1491,1491,99999
1009459,112.11,D,V 31,PSW-P,Obrábění,160,Somet,,3,2012-05-17 00:00:00,2016-06-16 00:00:00,,4,1491,1491,99999
308375,112.11,B,VK20,PFK/1,Sklad,150,Somet,,2,2007-02-07 00:00:00,2011-03-09 00:00:00,2011-03-09 00:00:00,4,1491,0,1493
3109668,112.12,D,M6,PKM,Obrábění,150,MITAKO,907,4,2020-01-14 00:00:00,2024-02-13 00:00:00,,1,1491,1491,99999
3109671,112.12,A,M6,GQH-1,Kvalita,150,MITAKO,907,4,2020-01-14 00:00:00,2024-02-13 00:00:00,,1,1491,1491,99999
1002787,112.12,C,V 29,PSW-V,Montáž,150,Somet,,2,2009-11-05 00:00:00,2013-12-04 00:00:00,,4,1490,1490,99999
1004291,112.12,D,V 22,,,150,Mitutoyo,500,3,2010-07-13 00:00:00,2014-08-11 00:00:00,,2,1490,1490,99999
15103,112.12,D,V 22,,,150,Mitutoyo,500,2,2000-09-27 00:00:00,2004-10-26 00:00:00,,4,1490,1490,99999
200539,112.12,C,VA30,,,200,,,3,2003-08-14 00:00:00,2007-09-12 00:00:00,2007-09-12 00:00:00,2,1490,750,1276
200542,112.11,C,VA30,,,150,Somet,,3,2003-08-14 00:00:00,2007-09-12 00:00:00,2007-09-12 00:00:00,2,1490,741,749
304806,112.12,C,V180,,,200,Mitutoyo,500,2,2004-03-31 00:00:00,2008-04-29 00:00:00,,4,1490,1490,99999
305516,112.11,D,V 22,,,150,China,,2,2002-12-06 00:00:00,2007-01-04 00:00:00,,4,1490,1490,99999
3104705,112.12,B,V 10,PSW-T,Sklad,300,Holex,,2,2018-08-01 00:00:00,2022-08-30 00:00:00,,4,1490,1490,99999
3105161,112.12,D,V 29,PSW-P,Obrábění,150,Filletta,,2,2018-09-06 00:00:00,2022-10-05 00:00:00,,4,1490,1490,99999
3105162,112.12,D,V 29,PSW-P,Obrábění,150,Filletta,,2,2018-09-06 00:00:00,2022-10-05 00:00:00,,4,1490,1490,99999
3105163,112.12,D,V 29,PSW-P,Obrábění,150,Filletta,,2,2018-09-06 00:00:00,2022-10-05 00:00:00,,4,1490,1490,99999
3105164,112.12,D,V 29,PSW-P,Obrábění,150,Filletta,,2,2018-09-06 00:00:00,2022-10-05 00:00:00,,4,1490,1490,99999
3105167,112.12,D,V 29,PSW-P,Obrábění,150,Filletta,,2,2018-09-06 00:00:00,2022-10-05 00:00:00,,4,1490,1490,99999
1019832,112.12,D,V 10,,,300,Filletta,,2,2014-09-03 00:00:00,2018-10-01 00:00:00,2018-10-01 00:00:00,4,1489,0,1475
1029172,112.12,D,V 10,PSW-F,Obrábění,150,Filletta,,3,2017-05-05 00:00:00,2021-07-07 00:00:00,2021-06-02 00:00:00,4,1489,0,1471
1042785,112.12,D,V 29,PSW-P,Obrábění,300,Filletta,,2,2017-12-07 00:00:00,2022-01-04 00:00:00,2022-01-04 00:00:00,4,1489,0,1453
202233,112.12,D,V270,,,150,Sylvac,,3,2002-04-12 00:00:00,2007-01-04 00:00:00,2006-05-10 00:00:00,4,1489,0,695
304830,112.11,C,V180,,,300,Somet,,2,2004-03-31 00:00:00,2008-04-28 00:00:00,,6,1489,1489,99999
308378,112.11,B,VK20,PFK/1,Sklad,150,Somet,,2,2007-02-09 00:00:00,2011-03-09 00:00:00,2011-03-09 00:00:00,4,1489,0,1493
3105300,112.12,D,V 10,PSW-F,Obrábění,200,Insize,,2,2018-09-19 00:00:00,2022-10-17 00:00:00,,4,1489,1489,99999
3106339,112.12,D,V 29,PSW-V,Obrábění,150,Filletta,,2,2019-02-01 00:00:00,2023-03-01 00:00:00,,4,1489,1489,99999
3106340,112.12,D,V 29,PSW-P,Obrábění,150,Filletta,,2,2019-02-01 00:00:00,2023-03-01 00:00:00,,4,1489,1489,99999
3106357,112.12,D,V 29,PSW-P,Obrábění,150,Filletta,,2,2019-02-01 00:00:00,2023-03-01 00:00:00,,4,1489,1489,99999
3106359,112.12,D,V 29,PSW-P,Obrábění,150,Filletta,,2,2019-02-01 00:00:00,2023-03-01 00:00:00,,4,1489,1489,99999
3108190,112.12,D,V 29,PSW-P,Obrábění,150,Filletta,,2,2019-08-28 00:00:00,2023-09-25 00:00:00,,4,1489,1489,99999
3108194,112.12,D,V 29,PSW-P,Obrábění,150,Filletta,,2,2019-08-28 00:00:00,2023-09-25 00:00:00,,4,1489,1489,99999
3108195,112.12,D,V 29,PSW-P,Obrábění,150,Filletta,,2,2019-08-28 00:00:00,2023-09-25 00:00:00,,4,1489,1489,99999
3109494,112.12,A,GQH-1/1,GQH-1,Kvalita,150,Mahr,16ER,2,2020-02-06 00:00:00,2024-03-05 00:00:00,,4,1489,1489,99999
1003910,112.12,D,V 29,,,150,Mitutoyo,500,2,2010-06-04 00:00:00,2014-07-01 00:00:00,,4,1488,1488,99999
1003911,112.12,D,V 10,,,150,Mitutoyo,500,2,2010-06-04 00:00:00,2014-07-01 00:00:00,,4,1488,1488,99999
1003912,112.12,D,V 10,,,150,Mitutoyo,500,2,2010-06-04 00:00:00,2014-07-01 00:00:00,,4,1488,1488,99999
1009031,112.12,D,V 22,,,300,Mitutoyo,500,4,2012-04-16 00:00:00,2016-05-13 00:00:00,2016-05-13 00:00:00,1,1488,1103,1470
14860,112.11,C,M6,,,150,China,,3,2001-07-13 00:00:00,2005-08-09 00:00:00,,,1488,1488,99999
30172,112.12,C,M6,,,150,,,7,2000-07-27 00:00:00,2011-04-11 00:00:00,2004-08-23 00:00:00,1,1488,747,1488
38401,112.11,D,V 29,,,150,Kinex,955,3,2000-12-14 00:00:00,2005-01-10 00:00:00,2005-01-10 00:00:00,,1488,735,972
38561,112.12,D,V 29,,,150,TESA,05.30034,3,2001-05-04 00:00:00,2005-05-31 00:00:00,,,1488,1488,99999
38744,112.11,D,V 29,,,150,Somet,,3,2000-12-14 00:00:00,2005-01-10 00:00:00,2005-01-10 00:00:00,,1488,729,965
1019147,112.12,D,V 22,,,150,,907,5,2014-07-01 00:00:00,2018-07-27 00:00:00,,1,1487,1487,99999
307939,112.11,C,M6,,,160,Somet,11016511,2,2006-09-26 00:00:00,2010-10-22 00:00:00,2010-10-22 00:00:00,2,1487,0,1478
38540,112.12,D,V 29,,,150,Mitutoyo,500,3,2002-04-15 00:00:00,2006-05-11 00:00:00,,,1487,1487,99999
38571,112.12,D,V 29,,,150,Mitutoyo,500,3,2002-11-13 00:00:00,2006-12-08 00:00:00,2006-12-08 00:00:00,,1486,757,1667
1007006,112.12,D,V 29,PSW-V,Obrábění,200,Filletta,,2,2011-07-18 00:00:00,2015-08-11 00:00:00,,4,1485,1485,99999
1043501,112.12,C,V 29,PSW-V,Montáž,150,Filletta,,2,2018-04-05 00:00:00,2022-04-29 00:00:00,,4,1485,1485,99999
200543,112.11,C,VA30,,,150,Somet,,3,2003-09-15 00:00:00,2007-10-09 00:00:00,2007-10-09 00:00:00,2,1485,737,1485
305524,112.11,D,V 22,,,150,Somet,,2,2002-11-18 00:00:00,2006-12-12 00:00:00,2006-12-12 00:00:00,4,1485,0,435
3111302,112.12,D,V 29,PSW-P,Obrábění,150,Filletta,,2,2020-10-05 00:00:00,2024-10-29 00:00:00,,4,1485,1485,99999
3111306,112.12,D,V 29,PSW-V,Obrábění,150,Filletta,,2,2020-10-05 00:00:00,2024-10-29 00:00:00,,4,1485,1485,99999
3111308,112.12,C,V 29,PSW-P,Montáž,150,Filletta,,2,2020-10-05 00:00:00,2024-10-29 00:00:00,,4,1485,1485,99999
3111310,112.12,C,V 10,PSW-F,Montáž,200,Filletta,,2,2020-10-05 00:00:00,2024-10-29 00:00:00,,4,1485,1485,99999
3111311,112.12,D,V 29,PSW-V,Obrábění,200,Filletta,,2,2020-10-05 00:00:00,2024-10-29 00:00:00,,4,1485,1485,99999
3111312,112.12,C,V 10,PSW-F,Montáž,200,Filletta,,2,2020-10-05 00:00:00,2024-10-29 00:00:00,,4,1485,1485,99999
41759,112.12,C,V 10,PAP,Montáž,200,Somet,,3,2001-09-12 00:00:00,2005-10-06 00:00:00,,2,1485,1485,99999
1007008,112.12,D,V 10,PSW-F,Obrábění,200,Filletta,,2,2011-07-18 00:00:00,2015-08-10 00:00:00,,4,1484,1484,99999
305449,112.11,D,V 22,,,160,Somet,,2,2002-10-16 00:00:00,2006-11-08 00:00:00,,4,1484,1484,99999
3104704,112.12,D,V 29,PSW-P,Obrábění,300,,,3,2018-08-02 00:00:00,2022-09-19 00:00:00,2022-08-25 00:00:00,4,1484,0,1506
3112735,112.12,B,V 29,PSW-T,Sklad,150,Filletta,,2,2021-04-06 00:00:00,2025-04-29 00:00:00,2025-04-29 00:00:00,4,1484,0,1477
41677,112.11,A,V 10,GQD-1,Kvalita,200,Mitutoyo,,3,2001-11-15 00:00:00,2005-12-08 00:00:00,,2,1484,1484,99999
43273,112.12,D,V 10,,,200,,,5,2002-10-03 00:00:00,2006-11-09 00:00:00,2006-10-26 00:00:00,4,1484,1285,1428
44480,112.11,D,V 10,PSW-F,Obrábění,600,Somet,,2,2004-11-08 00:00:00,2008-12-01 00:00:00,,4,1484,1484,99999
1011288,112.12,C,V 29,PSW-V,Montáž,150,Filletta,,2,2012-04-24 00:00:00,2016-05-16 00:00:00,,4,1483,1483,99999
1024704,112.12,C,V 29,PSW-V,Montáž,150,,,2,2016-02-04 00:00:00,2020-02-26 00:00:00,,4,1483,1483,99999
1028885,112.12,A,PF1/1,,,150,Insize,,2,2017-04-25 00:00:00,2021-05-17 00:00:00,2021-05-17 00:00:00,4,1483,0,1488
1028886,112.12,A,PF1/1,,,150,Insize,,2,2017-04-25 00:00:00,2021-05-17 00:00:00,,4,1483,1483,99999
1043537,112.12,D,V 29,PSW-P,Obrábění,150,Filletta,,2,2018-04-05 00:00:00,2022-04-27 00:00:00,,4,1483,1483,99999
303392,112.11,D,V 29,PSW-V,Obrábění,160,BOS HK,,2,2005-05-24 00:00:00,2009-06-15 00:00:00,,4,1483,1483,99999
308372,112.11,B,VK20,PFK/1,Sklad,150,Somet,,2,2007-02-06 00:00:00,2011-02-28 00:00:00,2011-02-28 00:00:00,4,1483,0,1484
3112723,112.12,D,V 29,,,150,Filletta,,2,2021-04-06 00:00:00,2025-04-28 00:00:00,,4,1483,1483,99999
3112730,112.12,B,V 29,PSW-T,TK,150,Filletta,,2,2021-04-06 00:00:00,2025-04-28 00:00:00,,4,1483,1483,99999
3112733,112.12,D,V 29,PSW-P,Obrábění,150,Filletta,,2,2021-04-06 00:00:00,2025-04-28 00:00:00,2025-04-28 00:00:00,4,1483,0,1476
3113014,112.12,D,V 22,,,,Mitutoyo,551,2,2021-04-29 00:00:00,2025-05-21 00:00:00,,1,1483,1483,99999
311422,112.12,D,V 10,PSW-F,Obrábění,300,Vogel,,2,2008-08-20 00:00:00,2012-09-11 00:00:00,2012-09-11 00:00:00,4,1483,0,1469
311424,112.12,D,V 10,PSW-F,Obrábění,300,Vogel,,2,2008-08-20 00:00:00,2012-09-11 00:00:00,,4,1483,1483,99999
1016448,112.12,D,V 31,PSW-P,Obrábění,150,Somet,,2,2013-09-13 00:00:00,2017-10-04 00:00:00,2017-10-04 00:00:00,4,1482,0,1455
1024698,112.12,D,V 29,PSW-P,Obrábění,150,,,2,2016-02-10 00:00:00,2020-03-02 00:00:00,,4,1482,1482,99999
1025125,112.12,D,V 29,PSW-P,Obrábění,150,Filletta,,2,2016-02-10 00:00:00,2020-03-02 00:00:00,,4,1482,1482,99999
1030269,112.12,A,PF1/1,,,150,Insize,,2,2017-10-04 00:00:00,2021-10-25 00:00:00,,4,1482,1482,99999
1030270,112.12,A,PF1/1,,,150,Insize,,2,2017-10-04 00:00:00,2021-10-25 00:00:00,,4,1482,1482,99999
1030271,112.12,A,PF1/1,,,150,Insize,,2,2017-10-04 00:00:00,2021-10-25 00:00:00,,4,1482,1482,99999
3105756,112.11,C,VK20,,,150,Würth,,2,2018-11-30 00:00:00,2022-12-21 00:00:00,2022-12-21 00:00:00,4,1482,0,1477
3106364,112.12,D,V 10,PSW-F,Obrábění,150,Filletta,,2,2019-02-01 00:00:00,2023-02-22 00:00:00,,4,1482,1482,99999
3113316,112.12,B,V 10,PSW-T,Sklad,200,Filletta,,2,2021-05-26 00:00:00,2025-06-16 00:00:00,,2,1482,1482,99999
41349,112.11,D,V 29,,,250,,,3,2000-10-11 00:00:00,2004-11-01 00:00:00,,,1482,1482,99999
1007944,112.12,D,V 22,,,150,Somet,907,3,2012-01-06 00:00:00,2016-01-26 00:00:00,,1,1481,1481,99999
1021456,112.12,C,VK30,,,150,Würth,,2,2015-02-19 00:00:00,2019-03-11 00:00:00,,4,1481,1481,99999
1025118,112.12,C,V 10,PSW-F,Montáž,150,Filletta,,2,2016-04-14 00:00:00,2020-05-04 00:00:00,2020-05-04 00:00:00,4,1481,0,1461
304261,112.11,B,VK20,EIB,Vývoj,150,,,2,2008-10-03 00:00:00,2012-10-23 00:00:00,2012-10-23 00:00:00,4,1481,0,2680
3105988,112.12,D,V 22,,,150,Schut,906,7,2018-12-17 00:00:00,2025-07-14 00:00:00,2023-01-06 00:00:00,1,1481,1052,1478
3107114,112.12,B,V 10,PSW-T,Sklad,600,Mitutoyo,,2,2019-04-29 00:00:00,2023-05-19 00:00:00,,4,1481,1481,99999
37909,112.11,B,PSW-T,PSW-T,TK,600,Somet,,9,2002-04-05 00:00:00,2020-06-03 00:00:00,2006-04-25 00:00:00,3,1481,739,1478
1021460,112.12,C,VK20,,,150,Würth,,2,2015-02-20 00:00:00,2019-03-11 00:00:00,,4,1480,1480,99999
1021633,112.12,C,M6,,,150,,907,7,2015-03-09 00:00:00,2022-02-08 00:00:00,2019-03-28 00:00:00,1,1480,1088,1470
1022024,112.12,D,V 31,PSW-P,Obrábění,150,,,2,2015-04-05 00:00:00,2019-04-24 00:00:00,2019-04-24 00:00:00,4,1480,0,1443
1029168,112.12,D,V 31,PSW-P,Obrábění,150,Filletta,,2,2017-05-05 00:00:00,2021-05-24 00:00:00,2021-05-24 00:00:00,4,1480,0,1463
1029894,112.12,D,V 29,PSW-P,Obrábění,150,Filletta,,2,2017-08-21 00:00:00,2021-09-09 00:00:00,,4,1480,1480,99999
304918,112.11,D,V 22,,,160,Somet,,2,2002-10-08 00:00:00,2006-10-27 00:00:00,,4,1480,1480,99999
3106344,112.12,D,V 29,PSW-P,Obrábění,150,Filletta,,2,2019-02-01 00:00:00,2023-02-20 00:00:00,,4,1480,1480,99999
3106447,112.12,D,V 29,PSW-P,Obrábění,150,Filletta,,2,2019-02-01 00:00:00,2023-02-20 00:00:00,,4,1480,1480,99999
3107227,112.12,C,V 29,PSW-T,Údržba,150,Filletta,,2,2019-05-24 00:00:00,2023-06-12 00:00:00,,4,1480,1480,99999
3107231,112.12,D,V 29,PSW-P,Obrábění,150,Filletta,,2,2019-05-24 00:00:00,2023-06-12 00:00:00,,4,1480,1480,99999
3107241,112.12,D,V 29,PSW-V,Obrábění,150,Filletta,,2,2019-05-24 00:00:00,2023-06-12 00:00:00,2023-06-12 00:00:00,4,1480,0,1461
3107242,112.12,D,V 29,PSW-V,Obrábění,150,Filletta,,2,2019-05-24 00:00:00,2023-06-12 00:00:00,,4,1480,1480,99999
3107274,112.12,C,V 29,PSW-P,Montáž,150,Filletta,,2,2019-05-24 00:00:00,2023-06-12 00:00:00,,4,1480,1480,99999
3110548,112.12,C,VL10,,,150,Kinex,,2,2020-07-10 00:00:00,2024-07-29 00:00:00,2024-07-29 00:00:00,4,1480,0,1475
3110549,112.12,C,VL10,,,150,Kinex,,2,2020-07-10 00:00:00,2024-07-29 00:00:00,2024-07-29 00:00:00,4,1480,0,1475
3110550,112.12,C,VL10,,,150,Kinex,,2,2020-07-10 00:00:00,2024-07-29 00:00:00,,4,1480,1480,99999
3110551,112.12,C,VL10,PFO-L/52,Údržba,150,Kinex,,2,2020-07-10 00:00:00,2024-07-29 00:00:00,,4,1480,1480,99999
3112738,112.12,D,V 29,PSW-P,Obrábění,150,Filletta,,2,2021-04-06 00:00:00,2025-04-25 00:00:00,,4,1480,1480,99999
38527,112.12,D,V 29,,,150,Somet,,3,2000-12-22 00:00:00,2005-01-10 00:00:00,2005-01-10 00:00:00,,1480,685,971
1002042,112.12,D,V 22,,,150,Schut,906,6,2009-06-16 00:00:00,2013-08-20 00:00:00,2013-07-04 00:00:00,1,1479,1345,1470
1020759,112.11,D,V 10,,,160,Somet,,2,2014-11-24 00:00:00,2018-12-12 00:00:00,2018-12-12 00:00:00,4,1479,0,1457
1023260,112.12,D,V 22,PKG,Hutě,150,Schut,906,10,2015-09-30 00:00:00,2023-11-29 00:00:00,2019-10-18 00:00:00,1,1479,1107,1478
1023265,112.12,D,V 22,,,150,Schut,906,10,2015-09-30 00:00:00,2023-03-31 00:00:00,2019-10-18 00:00:00,1,1479,1107,1478
1043200,112.12,D,PSZ/3,PSZ/3,Obrábění,300,Mitutoyo,,3,2017-12-04 00:00:00,2022-02-28 00:00:00,2021-12-22 00:00:00,3,1479,0,1373
307077,112.12,D,V270,,,160,Somet,,2,2006-05-10 00:00:00,2010-05-28 00:00:00,2010-05-28 00:00:00,4,1479,0,1492
3105303,112.12,D,V 29,PSW-V,Obrábění,200,Insize,,2,2018-09-19 00:00:00,2022-10-07 00:00:00,2022-10-07 00:00:00,4,1479,0,1457
1003164,112.11,D,V 31,PSW-P,Obrábění,160,Somet,,2,2010-01-12 00:00:00,2014-01-29 00:00:00,,4,1478,1478,99999
1023441,112.11,D,V 10,,,160,Somet,,2,2014-11-24 00:00:00,2018-12-11 00:00:00,2018-12-11 00:00:00,4,1478,0,1159
16931,112.12,D,V 22,,,300,,551,6,2010-01-26 00:00:00,2016-05-16 00:00:00,2014-02-12 00:00:00,1,1478,758,5574
304079,112.12,C,VK20,,,150,Mitutoyo,500,2,2007-12-04 00:00:00,2011-12-21 00:00:00,,4,1478,1478,99999
3104707,112.11,B,V 29,PSW-T,Sklad,,,,2,2018-08-08 00:00:00,2022-08-25 00:00:00,,4,1478,1478,99999
3107962,112.11,B,V 10,PSW-T,Sklad,600,Kinex,,2,2019-08-08 00:00:00,2023-08-25 00:00:00,,4,1478,1478,99999
3112757,112.12,C,VL10,PFO-L/52,Údržba,150,Kinex,,2,2021-04-07 00:00:00,2025-04-24 00:00:00,,2,1478,1478,99999
312342,112.12,C,VK20,,,150,Senator,,3,2009-02-16 00:00:00,2013-03-05 00:00:00,,4,1478,1478,99999
38799,112.11,D,V 29,,,300,China,,5,2000-11-08 00:00:00,2008-11-28 00:00:00,2004-11-25 00:00:00,,1478,754,918
42191,112.12,D,V 29,,,160,Somet,,3,2002-10-01 00:00:00,2006-10-18 00:00:00,2006-10-18 00:00:00,2,1478,975,1463
45193,112.12,,V 31,,,150,Somet,,3,2001-10-02 00:00:00,2005-10-19 00:00:00,,,1478,1478,99999
1001556,112.12,D,V 10,PSW-F,Obrábění,300,Mitutoyo,,2,2019-07-30 00:00:00,2023-08-15 00:00:00,,4,1477,1477,99999
1003159,112.11,D,V 10,PSW-F,Obrábění,160,Somet,,2,2010-01-12 00:00:00,2014-01-28 00:00:00,,4,1477,1477,99999
1003882,112.11,C,VK30,,,150,KS TOOLS,,2,2010-06-10 00:00:00,2014-06-26 00:00:00,,4,1477,1477,99999
1007458,112.12,C,VK20,,,150,FACOM,,2,2011-11-03 00:00:00,2015-11-19 00:00:00,,4,1477,1477,99999
1007459,112.12,B,VK20,PFK/1,Sklad,150,FACOM,,2,2011-11-03 00:00:00,2015-11-19 00:00:00,,4,1477,1477,99999
1015498,112.12,C,V 10,PSW-F,Montáž,150,,,2,2013-05-01 00:00:00,2017-05-17 00:00:00,,4,1477,1477,99999
1017325,112.12,D,V 31,PSW-P,Obrábění,150,,,2,2013-05-01 00:00:00,2017-05-17 00:00:00,,4,1477,1477,99999
1019589,112.12,B,V 29,PSW-T,Vedení,200,Filletta,,2,2013-03-12 00:00:00,2017-03-28 00:00:00,,4,1477,1477,99999
1023635,112.12,C,V 29,PSW-V,Montáž,150,,,4,2015-09-11 00:00:00,2023-11-24 00:00:00,2019-09-27 00:00:00,4,1477,0,1437
1025598,112.12,D,V 10,PSW-F,Obrábění,150,Filletta,,2,2016-05-10 00:00:00,2020-05-26 00:00:00,,4,1477,1477,99999
1030878,112.12,D,V 10,PSW-F,Obrábění,600,Mitutoyo,,2,2017-12-01 00:00:00,2021-12-17 00:00:00,,4,1477,1477,99999
304088,112.12,C,VK20,,,150,Mitutoyo,500,2,2007-12-05 00:00:00,2011-12-21 00:00:00,,4,1477,1477,99999
304304,112.12,B,VK20,EIB,Vývoj,150,Mitutoyo,500,2,2008-10-06 00:00:00,2012-10-22 00:00:00,,4,1477,1477,99999
304864,112.12,D,V 22,,,150,Mitutoyo,500,2,2003-01-16 00:00:00,2007-02-01 00:00:00,,4,1477,1477,99999
3108281,112.12,D,V 29,PSW-V,Obrábění,200,Filletta,,2,2019-09-11 00:00:00,2023-09-27 00:00:00,,4,1477,1477,99999
3108282,112.12,D,V 29,PSW-P,Obrábění,200,Filletta,,2,2019-09-11 00:00:00,2023-09-27 00:00:00,,4,1477,1477,99999
3111066,112.12,D,V 10,PSW-F,Obrábění,300,Somet,,2,2020-10-13 00:00:00,2024-10-29 00:00:00,,4,1477,1477,99999
3111292,112.12,D,VR/PKD/31,PKD/11,Obrábění,150,Mitutoyo,500,3,2020-09-30 00:00:00,2024-10-16 00:00:00,,1,1477,1477,99999
3111314,112.12,D,V 10,PSW-F,Obrábění,200,Filletta,,2,2020-10-05 00:00:00,2024-10-21 00:00:00,,4,1477,1477,99999
38537,112.12,D,V 29,,,150,Mitutoyo,500,2,2000-11-08 00:00:00,2004-11-24 00:00:00,,,1477,1477,99999
1002788,112.12,B,V 29,PSW-T,Sklad,150,Somet,,2,2009-11-05 00:00:00,2013-11-20 00:00:00,,4,1476,1476,99999
1006524,112.12,D,V 22,,,150,,906,5,2011-06-03 00:00:00,2015-10-06 00:00:00,2015-06-18 00:00:00,2,1476,1342,1451
1014366,112.11,D,V 29,PSW-V,Obrábění,300,Somet,,2,2013-05-02 00:00:00,2017-05-17 00:00:00,,4,1476,1476,99999
1029173,112.12,B,V 29,PSW-T,Sklad,150,Filletta,,2,2017-05-05 00:00:00,2021-05-20 00:00:00,,4,1476,1476,99999
16299,112.12,D,V 22,,,150,Mitutoyo,500,2,2000-10-20 00:00:00,2004-11-04 00:00:00,,4,1476,1476,99999
303792,112.12,C,VK20,,,150,Mitutoyo,500,2,2005-07-20 00:00:00,2009-08-04 00:00:00,,4,1476,1476,99999
3105146,112.12,B,V 29,PSW-T,Sklad,300,,,2,2018-09-20 00:00:00,2022-10-05 00:00:00,,4,1476,1476,99999
3105476,112.12,D,V 29,PSW-P,Obrábění,150,Filletta,,2,2018-10-24 00:00:00,2022-11-08 00:00:00,,4,1476,1476,99999
3110124,112.12,D,V 10,PSW-F,Obrábění,300,,,3,2020-06-03 00:00:00,2024-07-30 00:00:00,2024-06-18 00:00:00,4,1476,0,1483
1003148,112.12,C,V 10,PSW-F,Montáž,200,,,2,2010-01-14 00:00:00,2014-01-28 00:00:00,,4,1475,1475,99999
1003415,112.11,C,VK20,,,150,KS TOOLS,,2,2010-03-05 00:00:00,2014-03-19 00:00:00,,4,1475,1475,99999
1008953,112.12,B,V 29,PSW-V,Vedení,150,,,2,2012-03-22 00:00:00,2016-04-05 00:00:00,,4,1475,1475,99999
1012944,112.12,D,V 29,PSW-V,Obrábění,150,Somet,,2,2013-03-22 00:00:00,2017-04-05 00:00:00,2017-04-05 00:00:00,4,1475,0,1462
302595,112.11,D,V 22,,,150,Somet,,2,2001-04-12 00:00:00,2005-04-26 00:00:00,,4,1475,1475,99999
304318,112.11,C,VK20,,,200,Mitutoyo,505,2,2008-10-02 00:00:00,2012-10-16 00:00:00,2012-10-16 00:00:00,4,1475,0,2673
306741,112.12,B,V 10,PSW-S,Vedení,300,Somet,14030459,2,2006-02-24 00:00:00,2010-03-10 00:00:00,,4,1475,1475,99999
3108513,112.11,C,V 10,PSW-F,Montáž,160,Somet,,2,2019-09-06 00:00:00,2023-09-20 00:00:00,,4,1475,1475,99999
3110229,112.12,D,V 29,PSW-P,Obrábění,150,Filletta,,2,2020-05-27 00:00:00,2024-06-10 00:00:00,,4,1475,1475,99999
3112567,112.12,D,V 29,,,150,Mitutoyo,,2,2021-03-10 00:00:00,2025-03-24 00:00:00,,4,1475,1475,99999
1002950,112.12,C,VK30,,,150,Kinex,500,2,2009-12-04 00:00:00,2013-12-17 00:00:00,,4,1474,1474,99999
1003418,112.11,C,VK20,,,150,KS TOOLS,,2,2010-03-05 00:00:00,2014-03-18 00:00:00,,4,1474,1474,99999
1008937,112.12,D,V 31,PSW-P,Obrábění,150,,,2,2012-03-22 00:00:00,2016-04-04 00:00:00,,4,1474,1474,99999
1008938,112.12,D,V 31,PSW-P,Obrábění,150,,,2,2012-03-22 00:00:00,2016-04-04 00:00:00,2016-04-04 00:00:00,4,1474,0,1448
1012422,112.11,D,V 22,,,160,Somet,11016551,2,2013-02-21 00:00:00,2017-03-06 00:00:00,,4,1474,1474,99999
1012948,112.12,D,V 31,PSW-P,Obrábění,150,Somet,,2,2013-03-22 00:00:00,2017-04-04 00:00:00,2017-04-04 00:00:00,4,1474,0,1461
1012953,112.12,C,V 29,PSW-V,Montáž,150,Somet,,2,2013-03-22 00:00:00,2017-04-04 00:00:00,,4,1474,1474,99999
1016443,112.12,D,V 31,PSW-P,Obrábění,150,Somet,,2,2013-09-13 00:00:00,2017-09-26 00:00:00,,4,1474,1474,99999
202994,112.12,D,V270,,,150,Somet,,2,2000-10-09 00:00:00,2004-10-22 00:00:00,2004-10-22 00:00:00,4,1474,0,35
303142,112.12,B,KV/8854/3,EIB,Vývoj,150,Mitutoyo,,2,2008-10-03 00:00:00,2012-10-16 00:00:00,,4,1474,1474,99999
304306,112.11,B,VK20,EIB,Vývoj,150,Mitutoyo,505,2,2008-10-03 00:00:00,2012-10-16 00:00:00,,4,1474,1474,99999
304317,112.11,B,VK20,EIB,Vývoj,200,Mitutoyo,505,2,2008-10-03 00:00:00,2012-10-16 00:00:00,,4,1474,1474,99999
304796,112.12,C,V180,,,150,Mitutoyo,500,2,2003-02-13 00:00:00,2007-02-26 00:00:00,2007-02-26 00:00:00,4,1474,0,553
3105159,112.12,C,V 29,PSW-V,Montáž,150,Filletta,,3,2018-09-06 00:00:00,2022-10-07 00:00:00,2022-09-19 00:00:00,4,1474,0,1462
3105166,112.12,D,V 29,PSW-P,Obrábění,150,Filletta,,2,2018-09-06 00:00:00,2022-09-19 00:00:00,,4,1474,1474,99999
3105168,112.12,D,V 29,PSW-P,Obrábění,150,Filletta,,2,2018-09-06 00:00:00,2022-09-19 00:00:00,,4,1474,1474,99999
3108514,112.11,C,V 10,PSW-F,Montáž,160,Somet,,2,2019-09-06 00:00:00,2023-09-19 00:00:00,,4,1474,1474,99999
3113691,112.12,D,V 22,,,300,MITAKO,907,4,2021-07-26 00:00:00,2025-08-08 00:00:00,,1,1474,1474,99999
3113711,112.12,D,V 22,,,150,Insize,1112-150,4,2021-07-26 00:00:00,2025-08-08 00:00:00,,1,1474,1474,99999
41791,112.12,D,V 10,PSW-F,Obrábění,300,,,4,2001-12-07 00:00:00,2006-01-31 00:00:00,2005-12-20 00:00:00,2,1474,698,1180
1008939,112.12,D,V 31,PSW-P,Obrábění,150,,,2,2012-03-23 00:00:00,2016-04-04 00:00:00,,4,1473,1473,99999
1020156,112.12,B,V 10,PSW-T,Sklad,150,Filletta,,2,2014-09-29 00:00:00,2018-10-11 00:00:00,2018-10-11 00:00:00,4,1473,0,1458
1022037,112.11,D,V 10,,,160,Somet,,2,2014-09-29 00:00:00,2018-10-11 00:00:00,2018-10-11 00:00:00,4,1473,0,1247
38500,112.12,D,V 29,,,150,Somet,,3,2001-10-02 00:00:00,2005-10-14 00:00:00,,,1473,1473,99999
45220,112.12,,V 31,,,150,Mitutoyo,,3,2002-02-04 00:00:00,2006-02-16 00:00:00,,,1473,1473,99999
1003420,112.11,C,VK20,,,150,KS TOOLS,,2,2010-03-08 00:00:00,2014-03-19 00:00:00,,4,1472,1472,99999
1027470,112.11,C,V 29,PSW-P,Montáž,160,,,2,2016-11-21 00:00:00,2020-12-02 00:00:00,,4,1472,1472,99999
3104544,112.11,C,V 10,PSW-F,Montáž,160,Somet,,2,2018-05-15 00:00:00,2022-05-26 00:00:00,,4,1472,1472,99999
3104545,112.11,D,V 10,PSW-F,Obrábění,160,Somet,,2,2018-05-15 00:00:00,2022-05-26 00:00:00,,4,1472,1472,99999
3104546,112.11,C,V 10,PSW-F,Montáž,160,Somet,,2,2018-05-15 00:00:00,2022-05-26 00:00:00,,4,1472,1472,99999
3104547,112.11,C,V 10,PSW-F,Montáž,160,Somet,,2,2018-05-15 00:00:00,2022-05-26 00:00:00,,4,1472,1472,99999
3107171,112.12,D,V 10,PSW-F,Obrábění,300,,,2,2019-06-11 00:00:00,2023-06-22 00:00:00,,4,1472,1472,99999
1002945,112.12,C,VK30,,,150,Kinex,500,2,2009-12-07 00:00:00,2013-12-17 00:00:00,,4,1471,1471,99999
1002947,112.12,C,VK30,,,150,Kinex,500,2,2009-12-07 00:00:00,2013-12-17 00:00:00,,4,1471,1471,99999
1015514,112.12,C,V 29,PSW-V,Montáž,150,,,2,2013-08-19 00:00:00,2017-08-29 00:00:00,,4,1471,1471,99999
1022023,112.12,D,V 10,,,150,,,4,2015-04-20 00:00:00,2023-07-12 00:00:00,2019-04-30 00:00:00,4,1471,0,1449
1042784,112.12,D,V 10,PSW-F,Obrábění,300,Filletta,,2,2017-12-07 00:00:00,2021-12-17 00:00:00,,4,1471,1471,99999
1043341,112.11,D,PSZ/3,PSZ/3,Obrábění,150,Kinex,,2,2018-03-29 00:00:00,2022-04-08 00:00:00,2022-04-08 00:00:00,3,1471,0,1460
301940,112.11,D,V 22,,,150,Somet,,2,2003-12-03 00:00:00,2007-12-13 00:00:00,2007-12-13 00:00:00,4,1471,0,1046
304265,112.11,B,VK20,EIB,Vývoj,150,Somet,,2,2008-10-06 00:00:00,2012-10-16 00:00:00,,4,1471,1471,99999
304272,112.11,C,VK20,,,150,,,2,2008-10-01 00:00:00,2012-10-11 00:00:00,,4,1471,1471,99999
304293,112.12,B,VK20,EIB,Vývoj,150,Mitutoyo,500,2,2008-10-06 00:00:00,2012-10-16 00:00:00,,4,1471,1471,99999
304797,112.12,C,V180,,,150,Mitutoyo,,2,2003-03-25 00:00:00,2007-04-04 00:00:00,2007-04-04 00:00:00,4,1471,0,590
38359,112.11,D,V 29,,,150,Kinex,,3,2000-11-15 00:00:00,2004-11-25 00:00:00,,,1471,1471,99999
1006227,112.12,C,V 29,PSW-V,Montáž,150,,,2,2011-05-16 00:00:00,2015-05-25 00:00:00,,4,1470,1470,99999
1021128,112.12,D,V 10,PSW-F,Obrábění,300,,,5,2015-02-05 00:00:00,2023-08-18 00:00:00,2019-02-14 00:00:00,4,1470,0,1463
1025596,112.12,D,V 29,PSW-P,Obrábění,150,Filletta,,2,2016-05-23 00:00:00,2020-06-01 00:00:00,,4,1470,1470,99999
1025604,112.12,C,V 29,PSW-P,Montáž,150,Filletta,,2,2016-05-23 00:00:00,2020-06-01 00:00:00,,4,1470,1470,99999
1028086,112.12,D,V 29,PSW-V,Obrábění,150,Mitutoyo,,2,2017-01-11 00:00:00,2021-01-20 00:00:00,,4,1470,1470,99999
1029169,112.12,C,V 10,PSW-F,Montáž,150,Filletta,,4,2017-05-10 00:00:00,2025-06-16 00:00:00,2021-05-19 00:00:00,4,1470,0,1458
1030852,112.11,D,V 29,,,150,Somet,,2,2017-11-22 00:00:00,2021-12-01 00:00:00,,4,1470,1470,99999
1043292,112.12,C,VK30,,,150,Würth,,2,2018-03-26 00:00:00,2022-04-04 00:00:00,,4,1470,1470,99999
303670,112.12,D,V 22,,,150,Somet,,2,2002-07-10 00:00:00,2006-07-19 00:00:00,,4,1470,1470,99999
304300,112.12,C,VK20,,,150,Mitutoyo,500,2,2008-10-02 00:00:00,2012-10-11 00:00:00,,4,1470,1470,99999
3104472,112.12,C,VK30,PFK-K,Svařovna,150,Würth,,2,2018-03-26 00:00:00,2022-04-04 00:00:00,,4,1470,1470,99999
3106365,112.12,D,V 10,PSW-F,Obrábění,200,Filletta,,2,2019-02-01 00:00:00,2023-02-10 00:00:00,,4,1470,1470,99999
3108279,112.12,D,V 10,PSW-F,Obrábění,200,Filletta,,2,2019-09-11 00:00:00,2023-09-20 00:00:00,,4,1470,1470,99999
3108326,112.12,C,V 10,PSW-F,Montáž,300,,,2,2019-10-16 00:00:00,2023-10-25 00:00:00,2023-10-25 00:00:00,4,1470,0,1486
312195,112.12,D,V 22,,,200,,,2,2009-02-04 00:00:00,2013-02-13 00:00:00,,4,1470,1470,99999
38599,112.11,D,V 29,,,400,Somet,,3,2000-11-20 00:00:00,2004-11-29 00:00:00,,,1470,1470,99999
41758,112.12,C,V 10,PAP,Montáž,200,Somet,,3,2001-09-12 00:00:00,2005-09-21 00:00:00,,2,1470,1470,99999
1003940,112.11,C,VK20,,,150,,,2,2010-06-18 00:00:00,2014-06-26 00:00:00,,4,1469,1469,99999
303952,112.12,C,VK20,,,150,Mitutoyo,500,2,2006-04-11 00:00:00,2010-04-19 00:00:00,,4,1469,1469,99999
303983,112.11,C,VK20,,,,China,,2,2006-08-18 00:00:00,2010-08-26 00:00:00,,4,1469,1469,99999
303984,112.11,C,VK20,,,,China,,2,2006-08-18 00:00:00,2010-08-26 00:00:00,,4,1469,1469,99999
304287,112.11,B,VK20,EIB,Vývoj,150,Somet,,2,2008-10-08 00:00:00,2012-10-16 00:00:00,,4,1469,1469,99999
304491,112.11,D,V 22,,,300,Somet,,2,2004-03-23 00:00:00,2008-03-31 00:00:00,,4,1469,1469,99999
305255,112.11,D,V 22,,,160,Somet,,2,2002-02-07 00:00:00,2006-02-15 00:00:00,,4,1469,1469,99999
3105157,112.12,D,V 10,PSW-F,Obrábění,150,Filletta,,3,2018-09-06 00:00:00,2022-10-17 00:00:00,2022-09-14 00:00:00,4,1469,0,1457
3106362,112.12,C,V 10,PSW-F,Montáž,150,Filletta,,2,2019-02-01 00:00:00,2023-02-09 00:00:00,,4,1469,1469,99999
3106366,112.12,D,V 10,PSW-F,Obrábění,200,Filletta,,2,2019-02-01 00:00:00,2023-02-09 00:00:00,2023-02-09 00:00:00,4,1469,0,1450
3107299,112.12,C,VL20,,,150,Kinex,,2,2019-08-14 00:00:00,2023-08-22 00:00:00,,4,1469,1469,99999
3108191,112.12,B,V 10,PSW-T,Sklad,150,Filletta,,2,2019-08-28 00:00:00,2023-09-05 00:00:00,,4,1469,1469,99999
3108198,112.12,B,V 10,PSW-F,Vedení,150,Filletta,,2,2019-08-28 00:00:00,2023-09-05 00:00:00,,4,1469,1469,99999
1021130,112.12,D,V 10,,,300,,,2,2015-02-05 00:00:00,2019-02-12 00:00:00,2019-02-12 00:00:00,4,1468,0,1461
1022018,112.12,D,V 29,PSW-V,Obrábění,150,,,2,2015-04-05 00:00:00,2019-04-12 00:00:00,2019-04-12 00:00:00,4,1468,0,1431
1043533,112.12,C,V 10,PSW-F,Montáž,150,Filletta,,2,2018-04-05 00:00:00,2022-04-12 00:00:00,,4,1468,1468,99999
303978,112.11,C,VK20,,,300,Somet,,2,2006-08-18 00:00:00,2010-08-25 00:00:00,,4,1468,1468,99999
303980,112.11,C,VK20,,,400,Somet,,2,2006-08-18 00:00:00,2010-08-25 00:00:00,,4,1468,1468,99999
303982,112.11,A,VK20,GQK,Kvalita,400,Somet,,2,2006-08-18 00:00:00,2010-08-25 00:00:00,,4,1468,1468,99999
304205,112.11,C,VK20,,,150,,,2,2008-10-08 00:00:00,2012-10-15 00:00:00,,4,1468,1468,99999
304242,112.11,B,VK20,EIB,Vývoj,150,Somet,,2,2008-10-08 00:00:00,2012-10-15 00:00:00,,4,1468,1468,99999
304270,112.11,B,VK20,EIB,Vývoj,150,Somet,,2,2008-10-08 00:00:00,2012-10-15 00:00:00,,4,1468,1468,99999
304278,112.11,B,VK20,EIB,Vývoj,150,Somet,,2,2008-10-08 00:00:00,2012-10-15 00:00:00,2012-10-15 00:00:00,4,1468,0,2672
3104688,112.12,D,V 29,PSW-V,Obrábění,200,Filletta,,2,2018-06-22 00:00:00,2022-06-29 00:00:00,,4,1468,1468,99999
3113318,112.12,D,V 10,PSW-F,Obrábění,200,Filletta,,2,2021-05-26 00:00:00,2025-06-02 00:00:00,,2,1468,1468,99999
1026434,112.12,D,V 10,PSW-F,Obrábění,200,Filletta,,2,2015-09-11 00:00:00,2019-09-17 00:00:00,,4,1467,1467,99999
1026435,112.12,D,V 10,PSW-F,Obrábění,200,Filletta,,2,2015-09-11 00:00:00,2019-09-17 00:00:00,2019-09-17 00:00:00,4,1467,0,1096
1043538,112.12,D,V 29,PSW-P,Obrábění,150,Filletta,,2,2018-04-05 00:00:00,2022-04-11 00:00:00,,4,1467,1467,99999
1043539,112.12,B,V 29,PSW-T,TK,150,Filletta,,2,2018-04-05 00:00:00,2022-04-11 00:00:00,,4,1467,1467,99999
1043600,112.11,B,V 10,PSW-T,Sklad,750,Holex,,2,2018-05-21 00:00:00,2022-05-27 00:00:00,,4,1467,1467,99999
303963,112.11,C,VK20,,,1000,Somet,,2,2006-08-21 00:00:00,2010-08-27 00:00:00,,4,1467,1467,99999
303986,112.11,C,VK20,,,600,Somet,,2,2006-08-21 00:00:00,2010-08-27 00:00:00,,4,1467,1467,99999
303987,112.12,C,VK20,,,600,Mitutoyo,500,2,2006-08-21 00:00:00,2010-08-27 00:00:00,,4,1467,1467,99999
304296,112.12,A,VK20,GQK,Kvalita,150,Mitutoyo,500,2,2008-10-13 00:00:00,2012-10-19 00:00:00,2012-10-19 00:00:00,4,1467,0,2676
304804,112.12,C,V180,,,150,Mitutoyo,500,2,2004-10-14 00:00:00,2008-10-20 00:00:00,2008-10-20 00:00:00,4,1467,0,1155
306628,112.12,D,V 10,PSW-F,Obrábění,300,Somet,14030459,2,2006-01-30 00:00:00,2010-02-05 00:00:00,,4,1467,1467,99999
306629,112.12,D,V 10,PSW-F,Obrábění,300,Somet,14030459,5,2006-01-30 00:00:00,2018-03-02 00:00:00,2010-02-05 00:00:00,4,1467,0,1458
1015499,112.12,C,V 10,PSW-F,Montáž,150,,,2,2013-04-15 00:00:00,2017-04-20 00:00:00,,4,1466,1466,99999
1015503,112.12,C,V 29,PSW-V,Montáž,150,,,2,2013-04-15 00:00:00,2017-04-20 00:00:00,,4,1466,1466,99999
1020148,112.12,C,V 29,PSW-V,Montáž,150,Filletta,,2,2014-09-29 00:00:00,2018-10-04 00:00:00,,4,1466,1466,99999
1022021,112.12,C,V 10,PSW-F,Montáž,150,,,4,2015-04-20 00:00:00,2023-08-15 00:00:00,2019-04-25 00:00:00,4,1466,0,1444
1026436,112.12,D,V 10,PSW-F,Obrábění,200,Filletta,,2,2015-09-11 00:00:00,2019-09-16 00:00:00,,4,1466,1466,99999
303985,112.12,C,VK20,,,,Mitutoyo,500,2,2006-08-21 00:00:00,2010-08-26 00:00:00,,4,1466,1466,99999
304798,112.12,C,V180,,,150,Mitutoyo,,2,2003-03-25 00:00:00,2007-03-30 00:00:00,2007-03-30 00:00:00,4,1466,0,585
306910,112.12,C,VK20,,,150,Mitutoyo,500,2,2006-03-13 00:00:00,2010-03-18 00:00:00,,4,1466,1466,99999
308448,112.12,D,V 29,PSW-V,Obrábění,200,Schut,,2,2007-02-06 00:00:00,2011-02-11 00:00:00,,4,1466,1466,99999
1001838,112.12,C,VK20,,,150,Kinex,,2,2009-05-11 00:00:00,2013-05-15 00:00:00,,4,1465,1465,99999
1001839,112.12,C,VK20,,,150,Kinex,,2,2009-05-12 00:00:00,2013-05-16 00:00:00,2013-05-16 00:00:00,4,1465,0,1466
1020169,112.12,D,V 29,PSW-V,Obrábění,150,Filletta,,2,2014-09-29 00:00:00,2018-10-03 00:00:00,,4,1465,1465,99999
1022962,112.12,D,V 31,PSW-P,Obrábění,150,Somet,,2,2015-04-20 00:00:00,2019-04-24 00:00:00,2019-04-24 00:00:00,4,1465,0,1323
1022966,112.12,D,V 29,PSW-V,Obrábění,150,Somet,,2,2015-04-20 00:00:00,2019-04-24 00:00:00,2019-04-24 00:00:00,4,1465,0,1323
1043294,112.12,C,VK20,,,150,Würth,,2,2018-03-26 00:00:00,2022-03-30 00:00:00,,4,1465,1465,99999
306960,112.11,C,VK20,,,150,Mitutoyo,,2,2006-04-12 00:00:00,2010-04-16 00:00:00,,4,1465,1465,99999
3104706,112.11,D,V 29,PSW-P,Obrábění,400,Somet,,2,2018-08-08 00:00:00,2022-08-12 00:00:00,,4,1465,1465,99999
3104866,112.12,C,VK20,,,150,Würth,,2,2018-03-26 00:00:00,2022-03-30 00:00:00,,4,1465,1465,99999
3112755,112.12,B,VL10,PFS-K/4,Sklad,150,Kinex,,2,2021-04-07 00:00:00,2025-04-11 00:00:00,2025-04-11 00:00:00,4,1465,0,1457
3112756,112.12,C,VL10,PFO-L/52,Údržba,150,Kinex,,2,2021-04-07 00:00:00,2025-04-11 00:00:00,,2,1465,1465,99999
3112758,112.12,B,VL10,PFS-K/4,Sklad,150,Kinex,,2,2021-04-07 00:00:00,2025-04-11 00:00:00,2025-04-11 00:00:00,4,1465,0,1457
3112759,112.12,B,VL10,PFS-K/4,Sklad,150,Kinex,,2,2021-04-07 00:00:00,2025-04-11 00:00:00,,2,1465,1465,99999
3112760,112.12,C,VL10,PFO-L/52,Údržba,150,Kinex,,2,2021-04-07 00:00:00,2025-04-11 00:00:00,,2,1465,1465,99999
3112761,112.12,C,VL10,PFO-L/1,Údržba,150,Kinex,,2,2021-04-07 00:00:00,2025-04-11 00:00:00,,2,1465,1465,99999
3112762,112.12,C,VL10,PFO-L/52,Údržba,150,Kinex,,2,2021-04-07 00:00:00,2025-04-11 00:00:00,,2,1465,1465,99999
1024701,112.12,B,V 29,PSW-T,Sklad,150,,,2,2016-02-04 00:00:00,2020-02-07 00:00:00,,4,1464,1464,99999
1025559,112.11,D,V 10,PSW-F,Obrábění,160,Somet,,2,2016-05-23 00:00:00,2020-05-26 00:00:00,2020-05-26 00:00:00,4,1464,0,1439
1043293,112.12,C,VK30,,,150,Würth,,2,2018-03-26 00:00:00,2022-03-29 00:00:00,,4,1464,1464,99999
304234,112.11,C,VK20,,,150,Somet,,2,2008-11-04 00:00:00,2012-11-07 00:00:00,2012-11-07 00:00:00,4,1464,0,2695
304283,112.11,C,VK20,,,150,Somet,,2,2008-11-04 00:00:00,2012-11-07 00:00:00,2012-11-07 00:00:00,4,1464,0,2695
305388,112.12,D,V 22,,,150,Somet,,2,2004-11-29 00:00:00,2008-12-02 00:00:00,2008-12-02 00:00:00,4,1464,0,1168
306270,112.12,C,V180,,,200,Mitutoyo,500,2,2004-02-16 00:00:00,2008-02-19 00:00:00,2008-02-19 00:00:00,4,1464,0,806
3104473,112.12,C,VK30,,,150,Würth,,2,2018-03-26 00:00:00,2022-03-29 00:00:00,,4,1464,1464,99999
3104474,112.12,C,VK30,,,150,Würth,,2,2018-03-26 00:00:00,2022-03-29 00:00:00,,4,1464,1464,99999
3104865,112.12,C,VK30,,,150,Würth,,2,2018-03-26 00:00:00,2022-03-29 00:00:00,,4,1464,1464,99999
3105478,112.12,D,V 29,PSW-P,Obrábění,150,Filletta,,2,2018-10-24 00:00:00,2022-10-27 00:00:00,,4,1464,1464,99999
3105485,112.12,D,V 29,PSW-P,Obrábění,150,Filletta,,2,2018-10-24 00:00:00,2022-10-27 00:00:00,,4,1464,1464,99999
3105491,112.12,C,V 29,PSW-P,Montáž,150,Filletta,,2,2018-10-24 00:00:00,2022-10-27 00:00:00,2022-10-27 00:00:00,4,1464,0,1448
3105496,112.12,C,V 29,PSW-V,Montáž,150,Filletta,,2,2018-10-24 00:00:00,2022-10-27 00:00:00,,4,1464,1464,99999
3105497,112.12,C,V 29,PSW-V,Montáž,150,Filletta,,2,2018-10-24 00:00:00,2022-10-27 00:00:00,,4,1464,1464,99999
3105498,112.12,D,V 29,PSW-P,Obrábění,150,Filletta,,2,2018-10-24 00:00:00,2022-10-27 00:00:00,,4,1464,1464,99999
3105531,112.11,B,V 10,PSW-T,Sklad,160,Somet,,2,2018-10-23 00:00:00,2022-10-26 00:00:00,,4,1464,1464,99999
3110231,112.12,C,V 10,PSW-F,Montáž,150,Filletta,,2,2020-05-27 00:00:00,2024-05-30 00:00:00,,4,1464,1464,99999
3112754,112.12,C,VL10,PFO-L/52,Údržba,150,Kinex,,2,2021-04-07 00:00:00,2025-04-10 00:00:00,,2,1464,1464,99999
3112763,112.12,C,VL10,PFO-L/52,Údržba,150,Kinex,,2,2021-04-07 00:00:00,2025-04-10 00:00:00,,2,1464,1464,99999
45326,112.11,,V 31,,,300,,,3,2002-02-04 00:00:00,2006-02-07 00:00:00,,,1464,1464,99999
1001509,112.11,C,VK20,,,150,,,2,2009-03-12 00:00:00,2013-03-14 00:00:00,2013-03-14 00:00:00,4,1463,0,1463
1003252,112.12,C,VK20,,,150,Vigor,V1713,2,2010-02-15 00:00:00,2014-02-17 00:00:00,2014-02-17 00:00:00,4,1463,0,1467
1003253,112.12,C,VK20,,,150,Vigor,V1713,2,2010-02-15 00:00:00,2014-02-17 00:00:00,2014-02-17 00:00:00,4,1463,0,1467
1017594,112.12,D,V 22,PKG,Hutě,150,MITAKO,907,11,2014-01-14 00:00:00,2024-05-31 00:00:00,2018-01-16 00:00:00,1,1463,1098,1462
1028087,112.12,D,V 29,PSW-V,Obrábění,150,Mitutoyo,,2,2017-01-11 00:00:00,2021-01-13 00:00:00,2021-01-13 00:00:00,4,1463,0,1449
1029353,112.12,C,V 29,PSW-V,Montáž,200,Filletta,,4,2017-05-31 00:00:00,2025-06-17 00:00:00,2021-06-02 00:00:00,4,1463,0,1451
1029507,112.12,D,V 29,PSW-P,Obrábění,150,Filletta,,2,2017-06-15 00:00:00,2021-06-17 00:00:00,2021-06-17 00:00:00,4,1463,0,1450
1029548,112.12,C,V 29,PSW-P,Montáž,150,Filletta,,3,2017-06-15 00:00:00,2021-08-19 00:00:00,2021-06-17 00:00:00,4,1463,0,1450
1043565,112.12,D,V 29,PSW-V,Obrábění,150,Filletta,,2,2018-04-27 00:00:00,2022-04-29 00:00:00,,4,1463,1463,99999
15003,112.11,D,V 22,,,150,Somet,,3,2001-10-08 00:00:00,2005-10-10 00:00:00,2005-10-10 00:00:00,2,1463,739,2527
3105865,112.12,B,V 22,PKT/1,TK,300,Insize,1112-300,2,2018-11-30 00:00:00,2022-12-02 00:00:00,,3,1463,1463,99999
3109422,112.12,D,V 29,PSW-V,Obrábění,200,Filletta,,2,2020-01-27 00:00:00,2024-01-29 00:00:00,,4,1463,1463,99999
3109427,112.12,D,V 29,PSW-P,Obrábění,150,Filletta,,2,2020-01-27 00:00:00,2024-01-29 00:00:00,,4,1463,1463,99999
1009864,112.12,D,V 10,PSW-F,Obrábění,150,,,2,2012-06-29 00:00:00,2016-06-30 00:00:00,,4,1462,1462,99999
1012943,112.12,C,V 31,PSW-P,Montáž,150,Somet,,2,2013-03-22 00:00:00,2017-03-23 00:00:00,,4,1462,1462,99999
1025599,112.12,D,V 29,PSW-P,Obrábění,150,Filletta,,2,2016-05-31 00:00:00,2020-06-01 00:00:00,,4,1462,1462,99999
1028990,112.12,D,V 29,PSW-P,Obrábění,150,Filletta,,2,2016-06-17 00:00:00,2020-06-18 00:00:00,,4,1462,1462,99999
1030851,112.11,C,V 10,PSW-F,Montáž,160,Somet,,2,2017-11-22 00:00:00,2021-11-23 00:00:00,,4,1462,1462,99999
303964,112.11,C,VK20,,,200,Somet,,2,2006-08-15 00:00:00,2010-08-16 00:00:00,,4,1462,1462,99999
303966,112.11,C,VK20,,,200,Somet,,2,2006-08-15 00:00:00,2010-08-16 00:00:00,,4,1462,1462,99999
303967,112.11,C,VK20,,,200,Somet,,2,2006-08-15 00:00:00,2010-08-16 00:00:00,,4,1462,1462,99999
303968,112.11,C,VK20,,,200,Somet,,2,2006-08-15 00:00:00,2010-08-16 00:00:00,,4,1462,1462,99999
303971,112.11,C,VK20,,,250,P.Rochrolle,,2,2006-08-15 00:00:00,2010-08-16 00:00:00,,4,1462,1462,99999
303972,112.11,C,VK20,,,250,Somet,,2,2006-08-17 00:00:00,2010-08-18 00:00:00,,4,1462,1462,99999
303973,112.11,C,VK20,,,250,Somet,,2,2006-08-17 00:00:00,2010-08-18 00:00:00,,4,1462,1462,99999
303975,112.11,C,VK20,,,250,Somet,,2,2006-08-17 00:00:00,2010-08-18 00:00:00,,4,1462,1462,99999
303977,112.11,C,VK20,,,250,Somet,,2,2006-08-17 00:00:00,2010-08-18 00:00:00,,4,1462,1462,99999
304312,112.12,C,VK20,,,150,Mitutoyo,500,2,2008-11-05 00:00:00,2012-11-06 00:00:00,2012-11-06 00:00:00,4,1462,0,2694
305367,112.11,D,V 22,,,150,Somet,,2,2003-01-29 00:00:00,2007-01-30 00:00:00,,4,1462,1462,99999
308441,112.11,B,V 10,PSW-S,Vedení,160,Somet,,2,2007-02-06 00:00:00,2011-02-07 00:00:00,,4,1462,1462,99999
33532,112.11,D,V 22,,,150,Somet,,2,1999-04-01 00:00:00,2003-04-02 00:00:00,,4,1462,1462,99999
38685,112.11,D,V 29,,,150,,,6,2000-11-15 00:00:00,2011-01-28 00:00:00,2004-11-16 00:00:00,4,1462,735,911
41782,112.12,D,V 10,PSW-F,Obrábění,300,Mitutoyo,,8,2000-12-14 00:00:00,2018-04-26 00:00:00,2004-12-15 00:00:00,4,1462,729,810
1015051,112.12,C,VK30,,,150,FACOM,,2,2013-07-25 00:00:00,2017-07-25 00:00:00,2017-07-25 00:00:00,4,1461,0,1449
1015052,112.12,C,VK30,,,150,FACOM,,2,2013-07-25 00:00:00,2017-07-25 00:00:00,,4,1461,1461,99999
1017332,112.12,D,V 10,,,300,,,4,2013-11-21 00:00:00,2017-11-23 00:00:00,2017-11-21 00:00:00,4,1461,0,1440
1043574,112.12,D,V 29,PSW-P,Obrábění,150,Filletta,,2,2018-04-27 00:00:00,2022-04-27 00:00:00,,4,1461,1461,99999
303974,112.11,B,VK20,EIB,Vývoj,250,Somet,,2,2006-08-17 00:00:00,2010-08-17 00:00:00,,4,1461,1461,99999
304219,112.11,C,VK20,,,150,Somet,,2,2008-10-29 00:00:00,2012-10-29 00:00:00,,4,1461,1461,99999
304359,112.12,C,VK30,,,150,Mitutoyo,500,2,2008-11-07 00:00:00,2012-11-07 00:00:00,,4,1461,1461,99999
3107496,112.12,C,V 10,PSW-F,Montáž,200,Filletta,,2,2019-06-21 00:00:00,2023-06-21 00:00:00,,4,1461,1461,99999
3107499,112.12,D,V 10,PSW-F,Obrábění,200,Filletta,,2,2019-06-21 00:00:00,2023-06-21 00:00:00,,4,1461,1461,99999
3107500,112.12,D,V 10,PSW-F,Obrábění,200,Filletta,,2,2019-06-21 00:00:00,2023-06-21 00:00:00,,4,1461,1461,99999
1003931,112.11,C,VK20,,,150,,,2,2010-06-17 00:00:00,2014-06-16 00:00:00,,4,1460,1460,99999
1003935,112.11,C,VK20,,,150,,,2,2010-06-17 00:00:00,2014-06-16 00:00:00,,4,1460,1460,99999
1003936,112.11,C,VK20,,,150,,,2,2010-06-17 00:00:00,2014-06-16 00:00:00,2014-06-16 00:00:00,4,1460,0,1461
1025124,112.12,B,V 29,PSW-T,Sklad,150,Filletta,,2,2016-03-10 00:00:00,2020-03-09 00:00:00,,4,1460,1460,99999
1029810,112.12,D,V 29,PSW-P,Obrábění,150,Filletta,,2,2017-07-31 00:00:00,2021-07-30 00:00:00,2021-07-30 00:00:00,4,1460,0,1432
1029901,112.12,D,V 29,PSW-V,Obrábění,150,Filletta,,2,2017-08-21 00:00:00,2021-08-20 00:00:00,2021-08-20 00:00:00,4,1460,0,1443
304307,112.12,C,VK20,,,150,Mitutoyo,500,2,2008-10-10 00:00:00,2012-10-09 00:00:00,,4,1460,1460,99999
304477,112.11,D,V 22,,,250,Somet,,2,2004-03-29 00:00:00,2008-03-28 00:00:00,,4,1460,1460,99999
3105933,112.12,B,EM,,,300,Mitutoyo,500,3,2020-10-09 00:00:00,2024-10-08 00:00:00,,2,1460,1460,99999
3108516,112.11,C,V 29,PSW-P,Montáž,160,Somet,,2,2019-09-26 00:00:00,2023-09-25 00:00:00,,4,1460,1460,99999
3109426,112.12,D,V 10,PSW-F,Obrábění,150,Filletta,,2,2020-01-27 00:00:00,2024-01-26 00:00:00,,4,1460,1460,99999
3109430,112.12,D,V 29,PSW-P,Obrábění,150,Filletta,,2,2020-01-27 00:00:00,2024-01-26 00:00:00,,4,1460,1460,99999
3109431,112.12,C,V 29,PSW-P,Montáž,150,Filletta,,2,2020-01-27 00:00:00,2024-01-26 00:00:00,,4,1460,1460,99999
3109434,112.12,D,V 29,PSW-P,Obrábění,150,Filletta,,2,2020-01-27 00:00:00,2024-01-26 00:00:00,,4,1460,1460,99999
3109435,112.12,D,V 29,PSW-P,Obrábění,150,Filletta,,2,2020-01-27 00:00:00,2024-01-26 00:00:00,,4,1460,1460,99999
3109437,112.12,C,V 29,PSW-P,Montáž,150,Filletta,,2,2020-01-27 00:00:00,2024-01-26 00:00:00,,4,1460,1460,99999
3109439,112.12,B,V 29,PSW-T,Sklad,150,Filletta,,2,2020-01-27 00:00:00,2024-01-26 00:00:00,,4,1460,1460,99999
41516,112.11,C,V 10,PAP,Montáž,120,,,3,2002-10-14 00:00:00,2006-10-13 00:00:00,,3,1460,1460,99999
45196,112.12,,V 31,,,150,Somet,,3,2002-12-05 00:00:00,2006-12-04 00:00:00,,,1460,1460,99999
1003938,112.11,C,VK20,,,150,,,2,2010-06-18 00:00:00,2014-06-16 00:00:00,,4,1459,1459,99999
1022014,112.12,D,V 31,PSW-P,Obrábění,150,,,2,2015-04-05 00:00:00,2019-04-03 00:00:00,2019-04-03 00:00:00,4,1459,0,1422
202539,112.12,C,V160,PFO-P/21,Údržba,200,Mitutoyo,500,2,2000-11-21 00:00:00,2004-11-19 00:00:00,,4,1459,1459,99999
303965,112.11,A,VK20,GQK,Kvalita,180,Mitutoyo,,2,2006-08-15 00:00:00,2010-08-13 00:00:00,,4,1459,1459,99999
304211,112.11,C,VK20,,,150,,,2,2008-10-31 00:00:00,2012-10-29 00:00:00,2012-10-29 00:00:00,4,1459,0,2686
304273,112.11,C,VK20,,,150,,,2,2008-10-31 00:00:00,2012-10-29 00:00:00,2012-10-29 00:00:00,4,1459,0,2686
308119,112.12,C,VK20,,,150,Mitutoyo,,2,2006-10-27 00:00:00,2010-10-25 00:00:00,,4,1459,1459,99999
308125,112.12,C,VK20,,,150,Mitutoyo,,2,2006-10-27 00:00:00,2010-10-25 00:00:00,,4,1459,1459,99999
308515,112.11,C,VK20,,,150,,,2,2007-02-27 00:00:00,2011-02-25 00:00:00,,4,1459,1459,99999
3106435,112.11,C,V 10,PSW-F,Montáž,300,Somet,,2,2019-02-12 00:00:00,2023-02-10 00:00:00,,4,1459,1459,99999
3107232,112.12,C,V 10,PSW-F,Montáž,150,Filletta,,2,2019-05-24 00:00:00,2023-05-22 00:00:00,,4,1459,1459,99999
3107275,112.12,B,V 10,PSW-T,Sklad,150,Filletta,,2,2019-05-24 00:00:00,2023-05-22 00:00:00,2023-05-22 00:00:00,4,1459,0,1440
3107279,112.12,C,V 10,PSW-F,Montáž,150,Filletta,,2,2019-05-24 00:00:00,2023-05-22 00:00:00,,4,1459,1459,99999
3107280,112.12,C,V 10,PSW-F,Montáž,150,Filletta,,2,2019-05-24 00:00:00,2023-05-22 00:00:00,,4,1459,1459,99999
3109428,112.12,D,V 29,PSW-P,Obrábění,150,Filletta,,2,2020-01-27 00:00:00,2024-01-25 00:00:00,,4,1459,1459,99999
38810,112.12,D,V 29,,,150,Somet,251239,3,2001-10-02 00:00:00,2005-09-30 00:00:00,,,1459,1459,99999
1001676,112.11,C,VK20,,,150,KS TOOLS,,2,2009-04-21 00:00:00,2013-04-18 00:00:00,2013-04-18 00:00:00,4,1458,0,1463
1024153,112.12,D,V 22,PKG,Hutě,150,Schut,906,9,2015-12-08 00:00:00,2024-06-05 00:00:00,2019-12-05 00:00:00,1,1458,1094,1452
303946,112.12,C,VK20,,,150,Mitutoyo,500,2,2006-04-19 00:00:00,2010-04-16 00:00:00,2010-04-16 00:00:00,4,1458,0,1759
305076,112.11,C,V 22,PKT/4,Údržba,200,Mitutoyo,505,7,2002-01-28 00:00:00,2022-05-30 00:00:00,2006-01-25 00:00:00,4,1458,0,142
308482,112.12,B,V 10,PSW-S,Vedení,160,Somet,,2,2007-02-14 00:00:00,2011-02-11 00:00:00,,4,1458,1458,99999
3105514,112.11,C,V 10,PSW-F,Montáž,160,Somet,,2,2018-10-23 00:00:00,2022-10-20 00:00:00,,4,1458,1458,99999
3106434,112.11,D,V 10,PSW-F,Obrábění,300,Somet,,2,2019-02-12 00:00:00,2023-02-09 00:00:00,,4,1458,1458,99999
3108327,112.12,D,V 29,PSW-P,Obrábění,300,,,2,2019-10-16 00:00:00,2023-10-13 00:00:00,,4,1458,1458,99999
3109425,112.12,C,V 10,PSW-F,Montáž,200,Filletta,,2,2020-01-27 00:00:00,2024-01-24 00:00:00,,4,1458,1458,99999
1003934,112.11,C,VK20,,,150,,,2,2010-06-17 00:00:00,2014-06-13 00:00:00,,4,1457,1457,99999
1025985,112.12,D,V 10,PSW-F,Obrábění,300,Filletta,,2,2016-06-23 00:00:00,2020-06-19 00:00:00,2020-06-19 00:00:00,4,1457,0,1404
3105132,112.11,C,V 10,PSW-F,Montáž,160,Somet,,2,2018-08-27 00:00:00,2022-08-23 00:00:00,,4,1457,1457,99999
3105483,112.12,D,V 10,PSW-F,Obrábění,150,Filletta,,2,2018-10-24 00:00:00,2022-10-20 00:00:00,,4,1457,1457,99999
3106236,112.12,D,V 10,PSW-F,Obrábění,200,Mitutoyo,,3,2019-01-15 00:00:00,2023-02-09 00:00:00,2023-01-11 00:00:00,4,1457,0,1443
3106238,112.12,D,V 10,PSW-F,Obrábění,200,Mitutoyo,,2,2019-01-15 00:00:00,2023-01-11 00:00:00,,4,1457,1457,99999
3109687,112.12,D,V 10,PSW-F,Obrábění,750,Mitutoyo,,2,2020-04-29 00:00:00,2024-04-25 00:00:00,,4,1457,1457,99999
3110125,112.12,D,V 10,PSW-F,Obrábění,300,,,2,2020-06-03 00:00:00,2024-05-30 00:00:00,,4,1457,1457,99999
38484,112.12,C,M6,,,160,Somet,,3,2002-04-29 00:00:00,2006-04-25 00:00:00,,1,1457,1457,99999
1029370,112.12,D,V 10,PSW-F,Obrábění,300,Filletta,,3,2017-05-30 00:00:00,2021-06-15 00:00:00,2021-05-25 00:00:00,4,1456,0,1443
1043572,112.12,B,V 10,PSW-T,Sklad,150,Filletta,,3,2018-04-27 00:00:00,2022-07-19 00:00:00,2022-04-22 00:00:00,4,1456,0,1438
203018,112.12,D,V270,,,150,,,2,2002-01-29 00:00:00,2006-01-24 00:00:00,2006-01-24 00:00:00,4,1456,0,490
203034,112.12,D,V270,,,150,Mitutoyo,500,2,2003-09-11 00:00:00,2007-09-06 00:00:00,2007-09-06 00:00:00,4,1456,0,1079
302942,112.11,C,V 37,,,150,Mitutoyo,,2,2004-10-14 00:00:00,2008-10-09 00:00:00,2008-10-09 00:00:00,4,1456,0,1253
304207,112.11,C,VK20,,,150,Somet,,2,2008-10-14 00:00:00,2012-10-09 00:00:00,,4,1456,1456,99999
304279,112.11,C,VK20,,,150,Somet,,2,2008-10-15 00:00:00,2012-10-10 00:00:00,2012-10-10 00:00:00,4,1456,0,2667
304319,112.11,C,VK20,,,300,Mitutoyo,505,2,2008-10-15 00:00:00,2012-10-10 00:00:00,,4,1456,1456,99999
306252,112.12,C,V180,,,150,Mitutoyo,500,2,2004-02-16 00:00:00,2008-02-11 00:00:00,2008-02-11 00:00:00,4,1456,0,798
3105133,112.11,C,V 10,PSW-F,Montáž,160,Somet,,3,2018-08-27 00:00:00,2022-09-15 00:00:00,2022-08-22 00:00:00,4,1456,0,1441
3105299,112.12,D,V 10,PSW-F,Obrábění,200,Insize,,2,2018-09-19 00:00:00,2022-09-14 00:00:00,,4,1456,1456,99999
3105301,112.12,D,V 10,PSW-F,Obrábění,200,Insize,,2,2018-09-19 00:00:00,2022-09-14 00:00:00,,4,1456,1456,99999
311144,112.12,C,VK20,,,150,KS TOOLS,,2,2008-06-13 00:00:00,2012-06-08 00:00:00,,4,1456,1456,99999
38900,112.11,D,V 29,,,150,Somet,,3,2001-05-31 00:00:00,2005-05-26 00:00:00,,,1456,1456,99999
41714,112.12,C,V 10,PAP,Montáž,150,,S225,3,2002-10-23 00:00:00,2006-10-18 00:00:00,,2,1456,1456,99999
44567,112.12,D,V 22,,,160,Somet,,3,2003-03-05 00:00:00,2007-02-28 00:00:00,,2,1456,1456,99999
1001510,112.11,C,VK20,,,150,,,2,2009-03-12 00:00:00,2013-03-06 00:00:00,2013-03-06 00:00:00,4,1455,0,1455
1001512,112.11,C,VK20,,,150,,,2,2009-03-12 00:00:00,2013-03-06 00:00:00,2013-03-06 00:00:00,4,1455,0,1455
1003349,112.12,D,V 29,,,200,Mitutoyo,500,2,2009-11-26 00:00:00,2013-11-20 00:00:00,,4,1455,1455,99999
1005349,112.12,C,VK20,,,150,FACOM,,2,2011-01-21 00:00:00,2015-01-15 00:00:00,,4,1455,1455,99999
1023934,112.12,D,V 22,,,150,Schut,906,10,2015-10-22 00:00:00,2025-03-03 00:00:00,2019-10-16 00:00:00,1,1455,1049,1427
1024553,112.12,D,V 31,PSW-P,Obrábění,150,,,3,2015-09-29 00:00:00,2019-10-17 00:00:00,2019-09-23 00:00:00,4,1455,0,1309
1027853,112.12,D,V 29,PSW-V,Obrábění,150,Somet,,2,2017-01-26 00:00:00,2021-01-20 00:00:00,,4,1455,1455,99999
1043285,112.12,D,V 31,PSW-P,Obrábění,200,Filletta,,2,2017-05-30 00:00:00,2021-05-24 00:00:00,2021-05-24 00:00:00,4,1455,0,1155
203295,112.11,D,V270,,,150,MEBA,,2,2002-01-29 00:00:00,2006-01-23 00:00:00,,4,1455,1455,99999
203327,112.12,D,V270,,,150,Mitutoyo,500,2,2003-02-07 00:00:00,2007-02-01 00:00:00,2007-02-01 00:00:00,4,1455,0,835
304217,112.11,C,VK20,,,150,Somet,,2,2008-10-22 00:00:00,2012-10-16 00:00:00,2012-10-16 00:00:00,4,1455,0,2673
3105147,112.12,C,V 10,PSW-F,Montáž,300,Holex,,2,2018-09-20 00:00:00,2022-09-14 00:00:00,,4,1455,1455,99999
3105510,112.11,C,V 10,PSW-F,Montáž,160,Somet,,2,2018-10-23 00:00:00,2022-10-17 00:00:00,,4,1455,1455,99999
3105511,112.11,C,V 10,PSW-F,Montáž,160,Somet,,2,2018-10-23 00:00:00,2022-10-17 00:00:00,,4,1455,1455,99999
3105512,112.11,D,V 10,PSW-F,Obrábění,160,Somet,,2,2018-10-23 00:00:00,2022-10-17 00:00:00,,4,1455,1455,99999
3105513,112.11,C,V 10,PSW-F,Montáž,160,Somet,,2,2018-10-23 00:00:00,2022-10-17 00:00:00,,4,1455,1455,99999
3105529,112.11,C,V 10,PSW-F,Montáž,160,Somet,,2,2018-10-23 00:00:00,2022-10-17 00:00:00,,4,1455,1455,99999
3105530,112.11,C,V 10,PSW-F,Montáž,160,Somet,,3,2018-10-23 00:00:00,2023-01-11 00:00:00,2022-10-17 00:00:00,4,1455,0,1435
3108517,112.11,C,V 10,PSW-F,Montáž,160,Somet,,2,2019-09-26 00:00:00,2023-09-20 00:00:00,,4,1455,1455,99999
38545,112.12,D,V 29,,,150,TESA,,2,2000-11-10 00:00:00,2004-11-04 00:00:00,,,1455,1455,99999
38581,112.12,D,V 29,,,200,Mitutoyo,551,3,2000-11-15 00:00:00,2004-11-09 00:00:00,,,1455,1455,99999
38592,112.11,D,V 29,,,150,,,3,2000-12-14 00:00:00,2004-12-08 00:00:00,2004-12-08 00:00:00,,1455,729,937
42170,112.12,D,V 31,PSW-P,Obrábění,160,Somet,,3,2002-10-01 00:00:00,2006-09-25 00:00:00,,4,1455,1455,99999
1015050,112.12,C,VK30,,,150,FACOM,,2,2013-07-25 00:00:00,2017-07-18 00:00:00,2017-07-18 00:00:00,4,1454,0,1442
1020535,112.11,D,V 10,,,,,,2,2014-11-26 00:00:00,2018-11-19 00:00:00,2018-11-19 00:00:00,4,1454,0,1455
304309,112.12,C,VK20,,,150,Mitutoyo,500,2,2008-10-17 00:00:00,2012-10-10 00:00:00,,4,1454,1454,99999
304310,112.12,C,VK20,,,150,Mitutoyo,500,2,2008-10-16 00:00:00,2012-10-09 00:00:00,,4,1454,1454,99999
304927,112.12,D,V 22,,,160,Hommel,,2,2002-09-26 00:00:00,2006-09-19 00:00:00,,4,1454,1454,99999
308127,112.12,C,VK20,,,150,Mitutoyo,,2,2006-10-27 00:00:00,2010-10-20 00:00:00,,4,1454,1454,99999
3108192,112.12,B,V 29,PSW-T,Sklad,150,Filletta,,2,2019-08-28 00:00:00,2023-08-21 00:00:00,,4,1454,1454,99999
3108202,112.12,B,V 29,PSW-V,Vedení,150,Filletta,,2,2019-08-28 00:00:00,2023-08-21 00:00:00,,4,1454,1454,99999
3113816,112.12,B,V 10,PSW-T,Sklad,200,Somet,,2,2021-08-12 00:00:00,2025-08-05 00:00:00,,4,1454,1454,99999
311836,112.11,C,VK20,,,150,,,2,2008-11-20 00:00:00,2012-11-13 00:00:00,2012-11-13 00:00:00,4,1454,0,1454
1022015,112.12,D,V 29,PSW-V,Obrábění,150,,,2,2015-04-20 00:00:00,2019-04-12 00:00:00,2019-04-12 00:00:00,4,1453,0,1431
1022973,112.12,D,V 29,PSW-V,Obrábění,150,Somet,,2,2015-04-20 00:00:00,2019-04-12 00:00:00,2019-04-12 00:00:00,4,1453,0,1311
1022975,112.12,D,V 29,PSW-V,Obrábění,150,Somet,,2,2015-04-20 00:00:00,2019-04-12 00:00:00,2019-04-12 00:00:00,4,1453,0,1311
1022977,112.12,D,V 29,PSW-V,Obrábění,150,Somet,,2,2015-04-20 00:00:00,2019-04-12 00:00:00,2019-04-12 00:00:00,4,1453,0,1311
1023438,112.11,B,V 10,PSW-T,Sklad,160,Somet,,2,2014-11-24 00:00:00,2018-11-16 00:00:00,,4,1453,1453,99999
304231,112.11,C,VK20,,,150,Somet,,2,2008-10-31 00:00:00,2012-10-23 00:00:00,2012-10-23 00:00:00,4,1453,0,2680
304235,112.11,C,VK20,,,150,Somet,,2,2008-10-20 00:00:00,2012-10-12 00:00:00,2012-10-12 00:00:00,4,1453,0,2669
304577,112.11,D,V 22,,,300,Somet,,2,2004-03-22 00:00:00,2008-03-14 00:00:00,,4,1453,1453,99999
3104687,112.12,C,V 10,PSW-F,Montáž,200,Insize,,2,2018-06-22 00:00:00,2022-06-14 00:00:00,,4,1453,1453,99999
3108003,112.11,A,GQG-3,GQG-3,Kvalita,150,,,2,2018-07-23 00:00:00,2022-07-15 00:00:00,2022-07-15 00:00:00,4,1453,0,1052
3109890,112.11,D,V 10,,,750,Holex,,2,2020-05-25 00:00:00,2024-05-17 00:00:00,,4,1453,1453,99999
38578,112.12,B,V 29,PSW-T,Vedení,200,,,3,2002-03-08 00:00:00,2006-02-28 00:00:00,,4,1453,1453,99999
42392,112.11,D,V 29,,,160,Somet,,2,2002-09-30 00:00:00,2006-09-22 00:00:00,,,1453,1453,99999
1022965,112.12,D,V 31,PSW-P,Obrábění,150,Somet,,2,2015-04-20 00:00:00,2019-04-11 00:00:00,2019-04-11 00:00:00,4,1452,0,1310
1023632,112.12,B,V 29,PSW-T,TK,150,,,4,2015-09-29 00:00:00,2023-09-27 00:00:00,2019-09-20 00:00:00,4,1452,0,1430
304246,112.11,C,VK20,,,150,Somet,,2,2008-10-20 00:00:00,2012-10-11 00:00:00,,4,1452,1452,99999
3112862,112.12,D,V 22,,,150,Insize,1112-150,4,2021-03-16 00:00:00,2025-03-07 00:00:00,2025-03-07 00:00:00,1,1452,997,1416
42192,112.12,,V 31,,,160,Somet,,3,2002-10-01 00:00:00,2006-09-22 00:00:00,,,1452,1452,99999
1003651,112.12,D,V 22,,,150,Somet,907,7,2010-04-26 00:00:00,2014-08-18 00:00:00,2014-04-16 00:00:00,1,1451,1031,1444
1018853,112.12,C,VK30,,,150,Würth,,2,2014-05-26 00:00:00,2018-05-16 00:00:00,,4,1451,1451,99999
1022032,112.12,D,V 31,PSW-P,Obrábění,150,,,2,2015-04-20 00:00:00,2019-04-10 00:00:00,2019-04-10 00:00:00,4,1451,0,1429
1024549,112.12,D,V 31,PSW-P,Obrábění,150,,,2,2015-10-27 00:00:00,2019-10-17 00:00:00,2019-10-17 00:00:00,4,1451,0,1333
303775,112.12,D,V 22,,,150,Somet,,2,2004-04-20 00:00:00,2008-04-10 00:00:00,2008-04-10 00:00:00,4,1451,0,1023
303955,112.12,B,VK20,EIB,Vývoj,150,Mitutoyo,500,2,2006-05-17 00:00:00,2010-05-07 00:00:00,,4,1451,1451,99999
303959,112.12,B,VK20,EIB,Vývoj,150,Mitutoyo,500,2,2006-05-17 00:00:00,2010-05-07 00:00:00,,4,1451,1451,99999
3108196,112.12,D,V 10,PSW-F,Obrábění,150,Filletta,,2,2019-08-28 00:00:00,2023-08-18 00:00:00,,4,1451,1451,99999
3108203,112.12,D,V 10,PSW-F,Obrábění,150,Filletta,,2,2019-08-28 00:00:00,2023-08-18 00:00:00,,4,1451,1451,99999
38553,112.12,D,V 29,,,150,Somet,,3,2002-06-05 00:00:00,2006-05-26 00:00:00,,,1451,1451,99999
1015521,112.12,D,V 31,PSW-P,Obrábění,150,,,2,2013-04-15 00:00:00,2017-04-04 00:00:00,,4,1450,1450,99999
1029505,112.12,D,V 29,PSW-P,Obrábění,150,Filletta,,3,2017-06-15 00:00:00,2021-07-08 00:00:00,2021-06-04 00:00:00,4,1450,0,1437
1029553,112.12,D,V 29,PSW-P,Obrábění,150,Filletta,,3,2017-06-15 00:00:00,2021-07-08 00:00:00,2021-06-04 00:00:00,4,1450,0,1437
200091,112.12,A,GQF,GQF-3,Kvalita,150,Mitutoyo,500,3,2006-03-28 00:00:00,2010-03-17 00:00:00,2010-03-17 00:00:00,2,1450,709,2766
201015,112.12,D,V270,,,160,Somet,,2,2004-04-06 00:00:00,2008-03-26 00:00:00,,4,1450,1450,99999
304253,112.11,C,VK20,,,150,Somet,,2,2008-10-22 00:00:00,2012-10-11 00:00:00,,4,1450,1450,99999
3110233,112.12,C,V 10,PSW-F,Montáž,150,Filletta,,2,2020-05-27 00:00:00,2024-05-16 00:00:00,,4,1450,1450,99999
1006641,112.12,B,V 29,PSW-V,"Technologie, konstrukce",150,Filletta,,2,2011-06-28 00:00:00,2015-06-16 00:00:00,,4,1449,1449,99999
1011963,112.11,C,VK20,,,150,KS TOOLS,,2,2013-01-28 00:00:00,2017-01-16 00:00:00,2017-01-16 00:00:00,4,1449,0,1449
3108705,112.12,A,GQG-2/3,GQG-2,Kvalita,200,,,2,2019-11-19 00:00:00,2023-11-07 00:00:00,,4,1449,1449,99999
3110232,112.12,D,V 29,PSW-P,Obrábění,150,Filletta,,2,2020-05-27 00:00:00,2024-05-15 00:00:00,,4,1449,1449,99999
1024550,112.12,D,V 10,PSW-F,Obrábění,150,,,2,2015-09-29 00:00:00,2019-09-16 00:00:00,2019-09-16 00:00:00,4,1448,0,1302
1024551,112.12,C,V 10,PSW-F,Montáž,150,,,4,2015-09-29 00:00:00,2023-11-08 00:00:00,2019-09-16 00:00:00,4,1448,0,1302
304801,112.12,C,V180,,,150,Mitutoyo,,2,2004-05-11 00:00:00,2008-04-28 00:00:00,2008-04-28 00:00:00,4,1448,0,980
309870,112.11,D,V 10,PSW-F,Obrábění,160,Somet,11016511,2,2007-10-30 00:00:00,2011-10-17 00:00:00,2011-10-17 00:00:00,4,1448,0,1421
3105452,112.12,C,V 10,PSW-F,Montáž,600,Mitutoyo,,2,2018-10-30 00:00:00,2022-10-17 00:00:00,,4,1448,1448,99999
38595,112.11,D,V 29,,,150,,,5,2000-11-29 00:00:00,2006-12-12 00:00:00,2004-11-16 00:00:00,4,1448,721,915
1020534,112.12,C,V 37,,,150,Mitutoyo,,2,2014-11-20 00:00:00,2018-11-06 00:00:00,,4,1447,1447,99999
1042783,112.12,B,V 10,PSW-T,Sklad,300,Filletta,,2,2017-12-07 00:00:00,2021-11-23 00:00:00,,4,1447,1447,99999
308117,112.12,C,VK20,,,150,Mitutoyo,,2,2006-10-27 00:00:00,2010-10-13 00:00:00,,4,1447,1447,99999
3107296,112.12,C,VL20,,,150,Kinex,,2,2019-08-22 00:00:00,2023-08-08 00:00:00,,4,1447,1447,99999
1043567,112.12,C,V 10,PSW-F,Montáž,150,Filletta,,2,2018-04-27 00:00:00,2022-04-12 00:00:00,,4,1446,1446,99999
3105134,112.11,C,V 29,PSW-V,Montáž,160,Somet,,2,2018-08-27 00:00:00,2022-08-12 00:00:00,,4,1446,1446,99999
1020168,112.12,,V 31,,,150,Filletta,,2,2014-09-29 00:00:00,2018-09-13 00:00:00,2018-09-13 00:00:00,4,1445,0,1430
1043396,112.12,C,V 29,PSW-V,Montáž,200,Filletta,,2,2018-03-26 00:00:00,2022-03-10 00:00:00,,4,1445,1445,99999
1043568,112.12,D,V 29,PSW-P,Obrábění,150,Filletta,,2,2018-04-27 00:00:00,2022-04-11 00:00:00,2022-04-11 00:00:00,4,1445,0,1428
1043569,112.12,D,V 29,PSW-P,Obrábění,150,Filletta,,2,2018-04-27 00:00:00,2022-04-11 00:00:00,,4,1445,1445,99999
1043573,112.12,C,V 29,PSW-P,Montáž,150,Filletta,,2,2018-04-27 00:00:00,2022-04-11 00:00:00,,4,1445,1445,99999
27367,112.11,D,V 22,,,150,,,4,2000-03-07 00:00:00,2004-07-29 00:00:00,2004-02-20 00:00:00,2,1445,717,1445
301938,112.11,D,V 22,,,160,Somet,,2,2003-11-25 00:00:00,2007-11-09 00:00:00,2007-11-09 00:00:00,4,1445,0,1015
308115,112.12,C,VK20,,,150,Mitutoyo,,2,2006-10-27 00:00:00,2010-10-11 00:00:00,,4,1445,1445,99999
3104686,112.12,D,V 29,PSW-V,Obrábění,200,Filletta,,2,2018-06-22 00:00:00,2022-06-06 00:00:00,2022-06-06 00:00:00,4,1445,0,1427
1020147,112.12,,V 31,,,150,Filletta,,2,2014-09-29 00:00:00,2018-09-12 00:00:00,,4,1444,1444,99999
1020152,112.12,D,V 31,PSW-P,Obrábění,150,Filletta,,2,2014-09-29 00:00:00,2018-09-12 00:00:00,2018-09-12 00:00:00,4,1444,0,1429
1020158,112.12,,V 31,,,150,Filletta,,2,2014-09-29 00:00:00,2018-09-12 00:00:00,2018-09-12 00:00:00,4,1444,0,1429
1020536,112.11,B,V 29,PSW-T,Sklad,,,,2,2014-11-26 00:00:00,2018-11-09 00:00:00,2018-11-09 00:00:00,4,1444,0,1445
303422,112.12,B,V 31,PSW-S,Vedení,160,Somet,,2,2005-05-24 00:00:00,2009-05-07 00:00:00,,4,1444,1444,99999
304240,112.11,C,VK20,,,150,Somet,,2,2008-10-29 00:00:00,2012-10-12 00:00:00,2012-10-12 00:00:00,4,1444,0,2669
3110228,112.12,B,V 29,PSW-T,Sklad,150,Filletta,,3,2020-05-27 00:00:00,2024-10-21 00:00:00,2024-05-10 00:00:00,4,1444,0,1430
3110235,112.12,D,V 29,PSW-P,Obrábění,150,Filletta,,2,2020-05-27 00:00:00,2024-05-10 00:00:00,,4,1444,1444,99999
1012436,112.12,D,V 22,,,200,Somet,907,2,2013-02-21 00:00:00,2017-02-03 00:00:00,,3,1443,1443,99999
1015493,112.12,C,V 10,PSW-F,Montáž,150,,,2,2013-08-19 00:00:00,2017-08-01 00:00:00,,4,1443,1443,99999
303389,112.11,C,V 31,PSW-P,Montáž,160,BOS HK,,2,2005-05-24 00:00:00,2009-05-06 00:00:00,,4,1443,1443,99999
303396,112.11,D,V 29,PSW-V,Obrábění,160,BOS HK,,2,2005-05-24 00:00:00,2009-05-06 00:00:00,,4,1443,1443,99999
304352,112.11,C,VK20,,,150,Somet,,2,2008-11-24 00:00:00,2012-11-06 00:00:00,,4,1443,1443,99999
304851,112.11,D,V 22,,,300,Somet,,2,2004-03-29 00:00:00,2008-03-11 00:00:00,,4,1443,1443,99999
41589,112.11,B,V 10,PSW-T,Sklad,750,,,10,2000-11-21 00:00:00,2024-10-31 00:00:00,2004-11-03 00:00:00,4,1443,745,777
45224,112.12,D,V 29,PSW-P,Obrábění,150,Mitutoyo,,7,2002-01-30 00:00:00,2018-01-09 00:00:00,2006-01-12 00:00:00,4,1443,714,976
1019189,112.12,D,V 29,PSW-P,Obrábění,150,,,2,2014-06-25 00:00:00,2018-06-05 00:00:00,,4,1441,1441,99999
1042992,112.12,A,M6,GQH-1,Kvalita,150,MITAKO,907,7,2018-02-09 00:00:00,2025-01-13 00:00:00,2022-01-20 00:00:00,1,1441,1046,1434
304264,112.11,C,VK20,,,150,Somet,,2,2008-10-31 00:00:00,2012-10-11 00:00:00,,4,1441,1441,99999
304302,112.12,C,VK20,,,150,Mitutoyo,500,2,2008-10-31 00:00:00,2012-10-11 00:00:00,,4,1441,1441,99999
304320,112.11,C,VK20,,,300,Mitutoyo,505,2,2008-10-31 00:00:00,2012-10-11 00:00:00,,4,1441,1441,99999
3111291,112.12,D,VR/PKD/31,PKD/12,Obrábění,150,Mitutoyo,500,3,2020-09-30 00:00:00,2024-09-10 00:00:00,,1,1441,1441,99999
41500,112.11,D,V 10,PSW-F,Obrábění,300,,,3,2001-06-21 00:00:00,2005-06-01 00:00:00,,,1441,1441,99999
41763,112.12,D,V 10,PSW-F,Obrábění,150,,,7,2001-10-05 00:00:00,2006-01-31 00:00:00,2005-09-15 00:00:00,2,1441,712,1085
1019187,112.12,C,V 29,PSW-P,Montáž,150,,,2,2014-06-25 00:00:00,2018-06-04 00:00:00,,4,1440,1440,99999
1029805,112.12,D,V 29,PSW-V,Obrábění,150,Filletta,,2,2017-07-31 00:00:00,2021-07-09 00:00:00,,4,1439,1439,99999
1029809,112.12,D,V 29,PSW-P,Obrábění,150,Filletta,,3,2017-07-31 00:00:00,2021-08-19 00:00:00,2021-07-09 00:00:00,4,1439,0,1411
1029816,112.12,B,V 29,PSW-T,Sklad,150,Filletta,,3,2017-07-31 00:00:00,2021-08-19 00:00:00,2021-07-09 00:00:00,4,1439,0,1411
1029905,112.12,D,V 29,PSW-P,Obrábění,150,Filletta,,2,2017-08-21 00:00:00,2021-07-30 00:00:00,2021-07-30 00:00:00,4,1439,0,1422
1029906,112.12,D,V 29,PSW-V,Obrábění,150,Filletta,,2,2017-08-21 00:00:00,2021-07-30 00:00:00,2021-07-30 00:00:00,4,1439,0,1422
312254,112.12,D,V 22,,,150,Somet,907,6,2009-02-02 00:00:00,2013-09-12 00:00:00,2013-01-11 00:00:00,1,1439,819,1432
1019989,112.12,D,V 22,,,150,Schut,906,9,2014-09-23 00:00:00,2025-07-01 00:00:00,2018-08-31 00:00:00,1,1438,1051,1432
16126,112.11,D,V 22,,,400,Somet,,3,2001-08-03 00:00:00,2005-07-11 00:00:00,,2,1438,1438,99999
38526,112.12,D,V 29,,,150,Mitutoyo,500,3,2000-12-15 00:00:00,2004-11-22 00:00:00,,,1438,1438,99999
45259,112.12,,V 31,,,150,HHW,,3,2002-10-18 00:00:00,2006-09-25 00:00:00,,,1438,1438,99999
200563,112.11,C,VA30,,,150,Somet,,3,2003-10-06 00:00:00,2007-09-12 00:00:00,2007-09-12 00:00:00,2,1437,697,1275
3107278,112.12,C,VL20,PFO-B/2,Údržba,150,Kinex,,3,2019-05-22 00:00:00,2023-04-28 00:00:00,,4,1437,1437,99999
3107281,112.12,C,VL20,PFO-B/2,Údržba,150,Kinex,,3,2019-05-22 00:00:00,2023-04-28 00:00:00,,4,1437,1437,99999
3107283,112.12,C,VL20,,,150,Kinex,,2,2019-05-22 00:00:00,2023-04-28 00:00:00,,4,1437,1437,99999
3107284,112.12,C,VL20,PFO-B/2,Údržba,150,Kinex,,3,2019-05-22 00:00:00,2023-04-28 00:00:00,,4,1437,1437,99999
3107285,112.12,C,VL20,PFO-B/2,Údržba,150,Kinex,,3,2019-05-22 00:00:00,2023-04-28 00:00:00,,4,1437,1437,99999
3107286,112.12,C,VL20,PFO-B/2,Údržba,150,Kinex,,2,2019-05-22 00:00:00,2023-04-28 00:00:00,2023-04-28 00:00:00,4,1437,0,1416
3107288,112.12,C,VL20,PFO-B/2,Údržba,150,Kinex,,3,2019-05-22 00:00:00,2023-04-28 00:00:00,,4,1437,1437,99999
3107289,112.12,C,VL20,PFO-B/2,Údržba,150,Kinex,,3,2019-05-22 00:00:00,2023-04-28 00:00:00,,4,1437,1437,99999
3107290,112.12,C,VL20,,,150,Kinex,,3,2019-05-22 00:00:00,2023-04-28 00:00:00,,4,1437,1437,99999
3107291,112.12,C,VL20,,,150,Kinex,,3,2019-05-22 00:00:00,2023-04-28 00:00:00,,4,1437,1437,99999
3107292,112.12,C,VL20,PFO-B/2,Údržba,150,Kinex,,3,2019-05-22 00:00:00,2023-04-28 00:00:00,,4,1437,1437,99999
3107293,112.12,C,VL20,PFO-B/2,Údržba,150,Kinex,,3,2019-05-22 00:00:00,2023-04-28 00:00:00,,4,1437,1437,99999
3107295,112.12,C,VL20,PFO-B/2,Údržba,150,Kinex,,3,2019-05-22 00:00:00,2023-04-28 00:00:00,,4,1437,1437,99999
3107297,112.12,C,VL20,PFO-B/2,Údržba,150,Kinex,,2,2019-05-22 00:00:00,2023-04-28 00:00:00,,4,1437,1437,99999
3107298,112.12,C,VL20,PFO-B/2,Údržba,150,Kinex,,2,2019-05-22 00:00:00,2023-04-28 00:00:00,2023-04-28 00:00:00,4,1437,0,1416
1007761,112.12,B,V 10,PSW-T,Sklad,300,,,2,2011-12-09 00:00:00,2015-11-13 00:00:00,,4,1435,1435,99999
41476,112.11,B,V 31,PSW-T,Sklad,300,,,7,2000-11-29 00:00:00,2015-01-13 00:00:00,2004-11-03 00:00:00,4,1435,705,779
41715,112.12,D,V 10,,,150,,S225,5,2001-10-18 00:00:00,2005-10-27 00:00:00,2005-09-22 00:00:00,4,1435,692,1093
1023853,112.11,D,V 22,,,160,Somet,11016551,2,2015-10-09 00:00:00,2019-09-12 00:00:00,,3,1434,1434,99999
1027507,112.12,D,V 22,PKH,Obrábění,150,MITAKO,907,10,2016-12-07 00:00:00,2024-09-10 00:00:00,2020-11-10 00:00:00,1,1434,1128,1429
3112787,112.12,B,V 22,PKT/1,TK,150,Mahr,16ER,4,2021-04-14 00:00:00,2025-03-18 00:00:00,,1,1434,1434,99999
1023921,112.12,D,V 22,PKG,Hutě,150,Schut,906,10,2015-10-22 00:00:00,2024-06-05 00:00:00,2019-09-23 00:00:00,1,1432,1050,1404
1029903,112.12,D,V 29,PSW-P,Obrábění,150,Filletta,,2,2017-08-21 00:00:00,2021-07-23 00:00:00,2021-07-23 00:00:00,4,1432,0,1415
41182,112.11,D,V 10,PSW-F,Obrábění,150,,,3,2002-01-18 00:00:00,2005-12-20 00:00:00,,4,1432,1432,99999
1043212,112.11,D,V 10,PSW-F,Obrábění,300,Somet,,2,2018-02-28 00:00:00,2022-01-28 00:00:00,,4,1430,1430,99999
38565,112.12,D,V 29,,,150,TESA,05.30034,3,2001-04-30 00:00:00,2005-03-30 00:00:00,,,1430,1430,99999
46004,112.12,D,V 10,PSW-F,Obrábění,200,Somet,,3,2003-08-12 00:00:00,2007-07-11 00:00:00,,4,1429,1429,99999
1022681,112.12,D,VR/PKD/31,PKD/12,Obrábění,300,ATORN,,4,2015-07-27 00:00:00,2019-06-24 00:00:00,2019-06-24 00:00:00,1,1428,1354,1431
307933,112.11,C,V 10,PSW-F,Montáž,160,Somet,11016511,2,2006-09-26 00:00:00,2010-08-24 00:00:00,2010-08-24 00:00:00,4,1428,0,1419
3111745,112.11,D,V 10,,,1000,Mitutoyo,,2,2020-12-03 00:00:00,2024-10-31 00:00:00,,4,1428,1428,99999
41607,112.11,D,V 10,,,400,,,2,2000-11-28 00:00:00,2004-10-26 00:00:00,,4,1428,1428,99999
1024144,112.12,B,V 22,PKT/1,TK,150,Schut,906,9,2015-12-08 00:00:00,2025-02-24 00:00:00,2019-11-04 00:00:00,1,1427,1023,1421
1023912,112.12,C,V160,PFO-P/12,Lisovna,150,,,2,2015-11-12 00:00:00,2019-10-07 00:00:00,,4,1425,1425,99999
29618,112.11,B,PSW-T,PSW-T,TK,200,Mitutoyo,,3,2001-10-25 00:00:00,2005-09-19 00:00:00,,2,1425,1425,99999
38360,112.11,C,V 10,PAP,Montáž,150,Kinex,,2,2000-12-15 00:00:00,2004-11-09 00:00:00,,3,1425,1425,99999
14985,112.11,D,V 22,,,150,China,,2,2001-01-26 00:00:00,2004-12-20 00:00:00,,2,1424,1424,99999
38428,112.11,D,V 29,,,160,Somet,,3,2001-09-11 00:00:00,2005-08-04 00:00:00,,,1423,1423,99999
3105944,112.12,D,PSZ/3,PSZ/3,Obrábění,150,Mitutoyo,,2,2018-08-21 00:00:00,2022-07-12 00:00:00,,3,1421,1421,99999
3111546,112.11,C,V160,PFO-P/31,Údržba,160,Kinex,,2,2020-11-19 00:00:00,2024-10-10 00:00:00,,6,1421,1421,99999
41517,112.11,D,V 10,PSW-F,Obrábění,300,,,3,2002-08-28 00:00:00,2006-07-18 00:00:00,,4,1420,1420,99999
41334,112.12,D,V 29,,,160,Somet,,3,2002-08-08 00:00:00,2006-06-27 00:00:00,,,1419,1419,99999
41282,112.11,D,V 10,,,150,,,3,2000-11-28 00:00:00,2004-10-15 00:00:00,,2,1417,1417,99999
1015816,112.11,D,PSZ/3,,,160,,,5,2013-09-09 00:00:00,2023-10-04 00:00:00,2017-07-26 00:00:00,3,1416,0,1414
308799,112.11,D,V270,,,160,Somet,11016511,2,2007-03-07 00:00:00,2011-01-21 00:00:00,2011-01-21 00:00:00,6,1416,0,1396
308804,112.11,D,V270,,,160,Somet,11016511,2,2007-03-07 00:00:00,2011-01-21 00:00:00,,6,1416,1416,99999
3105546,112.12,D,VR/PKD/31,PKD/11,Obrábění,200,Mitutoyo,500,3,2018-10-26 00:00:00,2022-09-09 00:00:00,,1,1414,1414,99999
43705,112.11,D,V 29,,,150,,,3,2001-06-04 00:00:00,2005-04-18 00:00:00,,,1414,1414,99999
303386,112.11,C,V 10,PSW-F,Montáž,160,BOS HK,,2,2005-05-24 00:00:00,2009-04-06 00:00:00,2009-04-06 00:00:00,4,1413,0,1413
303401,112.11,D,V 10,PSW-F,Obrábění,160,BOS HK,,2,2005-05-24 00:00:00,2009-04-06 00:00:00,2009-04-06 00:00:00,4,1413,0,1413
200093,112.12,A,GQF,GQF-3,Kvalita,200,Mitutoyo,500,3,2002-10-10 00:00:00,2006-08-21 00:00:00,2006-08-21 00:00:00,2,1411,679,1462
1018053,112.12,C,M6,,,150,MITAKO,907,5,2014-02-24 00:00:00,2018-04-18 00:00:00,2018-01-03 00:00:00,1,1409,1009,1402
1024147,112.12,D,V 22,PKG,Hutě,150,Schut,906,9,2015-12-08 00:00:00,2023-11-29 00:00:00,2019-10-16 00:00:00,1,1408,1044,1402
3114579,112.12,D,PSZ/3,PSZ/3,Obrábění,500,KMITEX,,3,2021-04-01 00:00:00,2025-03-05 00:00:00,2025-02-07 00:00:00,3,1408,0,1143
41523,112.11,D,V 10,PSW-F,Obrábění,150,,,3,2002-09-09 00:00:00,2006-07-18 00:00:00,,3,1408,1408,99999
41732,112.12,D,V 10,PSW-F,Obrábění,200,Mitutoyo,,8,2000-12-15 00:00:00,2019-03-11 00:00:00,2004-10-22 00:00:00,4,1407,0,757
1043607,112.12,D,V 10,PSW-F,Obrábění,300,Holex,,3,2018-06-19 00:00:00,2022-04-25 00:00:00,2022-04-25 00:00:00,4,1406,0,1438
1005973,112.11,D,V 22,,,160,,11016551,2,2011-04-15 00:00:00,2015-02-16 00:00:00,,3,1403,1403,99999
3112606,112.12,C,M6,PKT/4,Údržba,150,MITAKO,907,4,2021-03-15 00:00:00,2025-01-16 00:00:00,,1,1403,1403,99999
3107535,112.12,C,VR/PKD/31,PKD/3,Údržba,150,Mitutoyo,500,4,2019-07-09 00:00:00,2023-05-11 00:00:00,,3,1402,1402,99999
41498,112.11,D,V 10,PSW-F,Obrábění,300,,,6,2001-09-10 00:00:00,2015-09-17 00:00:00,2005-07-13 00:00:00,4,1402,708,1031
1024675,112.12,C,M6,,,150,MITAKO,907,5,2016-02-17 00:00:00,2020-02-11 00:00:00,2019-12-18 00:00:00,1,1400,1008,1378
14814,112.11,C,M6,,,150,China,,3,2000-03-17 00:00:00,2004-01-16 00:00:00,,,1400,1400,99999
1011776,112.12,D,V 22,,,150,MITAKO,907,7,2013-01-09 00:00:00,2018-09-12 00:00:00,2016-11-07 00:00:00,1,1398,1000,1391
3113679,112.12,C,PSZ/3,PSZ/3,Údržba,150,Mitutoyo,,2,2021-07-21 00:00:00,2025-05-19 00:00:00,,3,1398,1398,99999
36744,112.11,D,V 22,,,150,Somet,,3,2001-11-21 00:00:00,2005-09-19 00:00:00,2005-09-19 00:00:00,3,1398,552,1399
29941,112.12,D,V 22,,,300,China,,2,2000-07-17 00:00:00,2004-05-14 00:00:00,2004-05-14 00:00:00,3,1397,0,1397
3113712,112.12,D,V 22,,,150,Insize,1112-150,4,2021-07-26 00:00:00,2025-05-21 00:00:00,,1,1395,1395,99999
1022914,112.12,D,V 22,,,150,Mahr,16ER,2,2015-08-27 00:00:00,2019-06-20 00:00:00,2019-06-20 00:00:00,1,1393,0,1385
1023936,112.12,D,V 22,PKG,Hutě,150,Schut,906,10,2015-10-22 00:00:00,2024-06-05 00:00:00,2019-08-15 00:00:00,1,1393,1009,1365
43258,112.11,D,V 10,,,600,,,3,2002-09-24 00:00:00,2006-07-18 00:00:00,,4,1393,1393,99999
1014584,112.12,D,V 22,,,150,MITAKO,907,4,2013-06-19 00:00:00,2017-04-10 00:00:00,,1,1391,1391,99999
309305,112.12,D,V 22,,,300,Somet,14030459,4,2007-07-19 00:00:00,2011-05-10 00:00:00,2011-05-10 00:00:00,1,1391,1014,1358
1028573,112.12,C,M6,,,300,MITAKO,907,7,2017-03-02 00:00:00,2025-05-07 00:00:00,2020-12-21 00:00:00,1,1390,435,1377
1002901,112.12,C,M6,,,150,,,3,2009-11-11 00:00:00,2013-08-30 00:00:00,,2,1388,1388,99999
1024141,112.12,D,V 22,,,150,Schut,906,6,2015-12-08 00:00:00,2021-03-30 00:00:00,2019-09-25 00:00:00,1,1387,1002,1381
1028108,112.12,D,V 22,,,150,Schut,906,9,2017-01-16 00:00:00,2025-07-01 00:00:00,2020-11-02 00:00:00,1,1386,739,1376
1043265,112.12,C,V 22,PKG,Údržba,150,MITAKO,907,4,2017-12-20 00:00:00,2025-06-23 00:00:00,2021-10-04 00:00:00,3,1384,0,1292
1006999,112.12,B,V 10,PSW-S,Vedení,200,Filletta,,2,2011-07-18 00:00:00,2015-04-29 00:00:00,2015-04-29 00:00:00,4,1381,0,1335
3109423,112.12,C,V 10,PSW-F,Montáž,200,Filletta,,2,2020-01-27 00:00:00,2023-11-08 00:00:00,,4,1381,1381,99999
38726,112.11,D,V 29,PSW-V,Obrábění,250,Somet,,9,2000-11-22 00:00:00,2024-12-12 00:00:00,2004-09-03 00:00:00,4,1381,728,836
1021188,112.12,C,M6,,,150,MITAKO,907,6,2015-02-10 00:00:00,2020-08-13 00:00:00,2018-11-21 00:00:00,1,1380,995,1371
1022179,112.12,D,V 22,,,150,MITAKO,907,4,2015-05-26 00:00:00,2019-03-06 00:00:00,,3,1380,1380,99999
3105721,112.12,B,EM,,,200,Mitutoyo,500,6,2017-02-01 00:00:00,2025-04-24 00:00:00,2020-11-12 00:00:00,2,1380,709,709
38738,112.11,D,V 29,,,250,Somet,,3,2000-10-20 00:00:00,2004-07-27 00:00:00,,4,1376,1376,99999
41542,112.12,D,V 10,PSW-F,Obrábění,160,Somet,,3,2002-08-08 00:00:00,2006-05-12 00:00:00,,2,1373,1373,99999
41545,112.12,C,V 10,PSW-T,Údržba,160,Somet,,3,2002-08-08 00:00:00,2006-05-12 00:00:00,,2,1373,1373,99999
3114265,112.12,D,V270,,,150,Insize,,2,2021-10-18 00:00:00,2025-07-21 00:00:00,,4,1372,1372,99999
306497,112.12,D,V 22,,,150,Mitutoyo,500,2,2006-01-10 00:00:00,2009-10-12 00:00:00,,3,1371,1371,99999
44831,112.11,,V 31,,,120,,,2,2001-03-22 00:00:00,2004-12-22 00:00:00,,,1371,1371,99999
25299,112.11,D,V 22,,,160,Somet,,3,2000-03-17 00:00:00,2003-12-15 00:00:00,2003-12-15 00:00:00,2,1368,719,1537
34025,112.12,D,V 22,,,150,Somet,,3,2001-03-23 00:00:00,2004-12-20 00:00:00,,2,1368,1368,99999
16180,112.11,C,M6,,,150,Somet,,3,2000-01-21 00:00:00,2003-10-17 00:00:00,2003-10-17 00:00:00,,1365,780,1803
3110406,112.12,D,VR/PKD/31,PKD/11,Obrábění,150,Mahr,,3,2019-07-12 00:00:00,2023-04-06 00:00:00,,1,1364,1364,99999
48270,112.12,C,M6,,,160,Somet,,5,2004-10-22 00:00:00,2008-07-17 00:00:00,2008-07-17 00:00:00,1,1364,1221,1344
3111639,112.12,D,PSZ/3,PSZ/3,Obrábění,150,Mitutoyo,,2,2020-10-01 00:00:00,2024-06-25 00:00:00,,3,1363,1363,99999
32231,112.12,D,V 22,,,150,Somet,,3,2000-10-11 00:00:00,2004-07-02 00:00:00,,2,1360,1360,99999
3112661,112.12,D,PSZ/3,PSZ/3,Obrábění,300,Mitutoyo,,2,2021-03-04 00:00:00,2024-11-20 00:00:00,,3,1357,1357,99999
31092,112.11,D,V 22,,,400,Somet,,2,2000-09-18 00:00:00,2004-06-04 00:00:00,,4,1355,1355,99999
311594,112.12,C,M6,,,150,Somet,,4,2008-09-25 00:00:00,2012-06-11 00:00:00,,1,1355,1355,99999
302243,112.11,D,V 10,PSW-F,Obrábění,160,Somet,,3,2005-01-28 00:00:00,2008-10-13 00:00:00,,4,1354,1354,99999
31095,112.11,D,V 22,,,250,Somet,,2,2000-09-19 00:00:00,2004-06-04 00:00:00,,4,1354,1354,99999
31097,112.11,D,V 22,,,250,Somet,,2,2000-09-19 00:00:00,2004-06-04 00:00:00,,4,1354,1354,99999
1027072,112.12,D,PSZ/3,PSZ/3,Obrábění,150,Mitutoyo,500,2,2016-10-18 00:00:00,2020-07-01 00:00:00,,3,1352,1352,99999
1027074,112.12,D,PSZ/3,PSZ/3,Obrábění,150,Mitutoyo,500,2,2016-10-18 00:00:00,2020-07-01 00:00:00,2020-07-01 00:00:00,3,1352,0,1336
1027075,112.12,C,PSZ/3,PSZ/3,Údržba,150,Mitutoyo,500,2,2016-10-18 00:00:00,2020-07-01 00:00:00,2020-07-01 00:00:00,3,1352,0,1336
28572,112.12,C,M6,,,150,Somet,,4,2000-05-15 00:00:00,2004-01-27 00:00:00,,1,1352,1352,99999
3111641,112.12,C,PSZ/3,PSZ/3,Údržba,150,Mitutoyo,,2,2020-10-01 00:00:00,2024-06-14 00:00:00,,3,1352,1352,99999
3105949,112.12,D,PSZ/3,PSZ/3,Obrábění,150,Mitutoyo,,3,2018-08-21 00:00:00,2022-06-09 00:00:00,2022-05-03 00:00:00,3,1351,0,1232
309872,112.11,C,V 10,PSW-F,Montáž,160,Somet,11016511,2,2007-10-30 00:00:00,2011-07-11 00:00:00,,4,1350,1350,99999
3113680,112.12,C,PSZ/3,PSZ/3,Údržba,150,Mitutoyo,,2,2021-07-21 00:00:00,2025-04-01 00:00:00,,3,1350,1350,99999
3113681,112.12,D,PSZ/3,PSZ/3,Obrábění,150,Mitutoyo,,2,2021-07-21 00:00:00,2025-04-01 00:00:00,,3,1350,1350,99999
1043490,112.12,D,V 22,,,150,Insize,1108-150,4,2018-04-26 00:00:00,2022-01-04 00:00:00,,1,1349,1349,99999
308280,112.12,D,V 22,,,160,Somet,14016458,4,2009-02-26 00:00:00,2012-11-06 00:00:00,,2,1349,1349,99999
43232,112.11,D,V 29,,,400,,,4,2002-09-17 00:00:00,2006-05-26 00:00:00,,,1347,1347,99999
3113303,112.12,D,V 22,,,150,MITAKO,907,5,2021-06-01 00:00:00,2025-03-03 00:00:00,2025-02-03 00:00:00,1,1343,897,1340
33811,112.12,D,V 22,,,150,Somet,,2,1998-12-15 00:00:00,2002-08-19 00:00:00,,3,1343,1343,99999
1027906,112.12,D,V 22,,,150,,,3,2017-01-04 00:00:00,2020-09-07 00:00:00,,1,1342,1342,99999
38560,112.12,D,V 10,,,150,,,6,2000-10-13 00:00:00,2008-11-06 00:00:00,2004-06-14 00:00:00,4,1340,711,760
43264,112.12,D,V 10,,,200,Sylvac,,3,2002-09-23 00:00:00,2006-05-24 00:00:00,,4,1339,1339,99999
306736,112.12,D,V 10,PSW-F,Obrábění,300,Somet,14030459,2,2006-02-16 00:00:00,2009-10-16 00:00:00,,4,1338,1338,99999
1013649,112.11,C,M6,,,200,Mitutoyo,505,3,2013-05-27 00:00:00,2017-01-23 00:00:00,,2,1337,1337,99999
3105852,112.12,D,V 22,,,150,Insize,1112-150,2,2018-11-30 00:00:00,2022-07-28 00:00:00,,1,1336,1336,99999
1023666,112.11,D,V270,,,160,Somet,,2,2015-10-02 00:00:00,2019-05-28 00:00:00,2019-05-28 00:00:00,6,1334,0,1315
311190,112.12,D,V 22,,,200,Somet,907,4,2008-06-17 00:00:00,2012-02-10 00:00:00,2012-02-10 00:00:00,1,1333,899,1319
3112608,112.12,C,M6,PKT/4,Údržba,150,MITAKO,907,4,2021-03-15 00:00:00,2024-11-07 00:00:00,,1,1333,1333,99999
306494,112.12,D,V 22,,,150,Mitutoyo,500,4,2006-01-10 00:00:00,2009-09-02 00:00:00,,1,1331,1331,99999
1010718,112.12,D,V 22,,,150,MITAKO,907,10,2012-09-13 00:00:00,2024-03-18 00:00:00,2016-05-05 00:00:00,1,1330,1275,1318
3113707,112.12,D,V 22,,,150,Insize,1112-150,4,2021-07-26 00:00:00,2025-03-17 00:00:00,,1,1330,1330,99999
41273,112.11,C,V 10,PAP,Montáž,150,,,3,2000-10-24 00:00:00,2004-06-15 00:00:00,,3,1330,1330,99999
41291,112.11,D,V 10,PSW-F,Obrábění,150,,,3,2000-10-26 00:00:00,2004-06-17 00:00:00,,3,1330,1330,99999
38521,112.12,D,V 29,PSW-V,Obrábění,150,Mitutoyo,500,8,2000-10-19 00:00:00,2009-09-25 00:00:00,2004-06-08 00:00:00,4,1328,727,755
3114266,112.12,D,V270,,,150,Insize,,2,2021-10-18 00:00:00,2025-06-05 00:00:00,,4,1326,1326,99999
41773,112.12,D,V 10,,,300,Mitutoyo,,3,2002-09-10 00:00:00,2006-04-27 00:00:00,,4,1325,1325,99999
1043239,112.12,B,V 22,PKT/1,TK,150,Schut,906,6,2018-01-22 00:00:00,2025-03-17 00:00:00,2021-09-07 00:00:00,1,1324,0,1265
45280,112.12,B,V 29,PSW-S,Vedení,200,,,7,2002-02-04 00:00:00,2011-04-07 00:00:00,2005-09-20 00:00:00,4,1324,581,859
3113702,112.12,D,V 22,,,200,MITAKO,907,2,2021-07-26 00:00:00,2025-03-10 00:00:00,,1,1323,1323,99999
3110243,112.12,D,V 10,PSW-F,Obrábění,150,,,3,2020-06-15 00:00:00,2024-01-26 00:00:00,,4,1320,1320,99999
3111637,112.12,D,PSZ/3,PSZ/3,Obrábění,150,Mitutoyo,,2,2020-10-01 00:00:00,2024-05-13 00:00:00,,3,1320,1320,99999
1028106,112.12,D,V 22,,,150,Schut,906,5,2017-01-16 00:00:00,2022-01-06 00:00:00,2020-08-27 00:00:00,1,1319,952,1309
305775,112.12,D,V 22,,,200,Somet,,2,2005-10-18 00:00:00,2009-05-28 00:00:00,,3,1318,1318,99999
309421,112.12,D,V 22,,,160,Somet,14016459,5,2007-07-31 00:00:00,2011-03-10 00:00:00,2011-03-09 00:00:00,1,1317,916,1288
3113696,112.12,D,V 22,PKG,Hutě,300,Insize,1112-300,3,2021-07-26 00:00:00,2025-03-03 00:00:00,,1,1316,1316,99999
1012968,112.12,C,PSZ/3,PSZ/3,Údržba,150,,,2,2013-04-09 00:00:00,2016-11-14 00:00:00,,3,1315,1315,99999
3113615,112.12,D,VR/PKD/31,PKD/11,Obrábění,150,Mahr,,2,2020-09-30 00:00:00,2024-05-06 00:00:00,,1,1314,1314,99999
38555,112.12,D,V 29,,,150,Mitutoyo,,3,2000-11-10 00:00:00,2004-06-16 00:00:00,,,1314,1314,99999
3109562,112.12,B,VR/PKD/31,PKD/1,Vedení,150,Mahr,500,2,2019-09-02 00:00:00,2023-04-06 00:00:00,,5,1312,1312,99999
3109597,112.12,B,VR/PKD/31,PKD/16,Sklad,150,Mahr,500,2,2019-09-02 00:00:00,2023-04-06 00:00:00,,5,1312,1312,99999
1043237,112.12,D,V 22,PKG,Hutě,150,Schut,906,5,2018-01-22 00:00:00,2023-11-29 00:00:00,2021-08-25 00:00:00,1,1311,0,1252
3108087,112.12,C,PSZ/3,PSZ/3,Údržba,300,Mitutoyo,,3,2019-07-17 00:00:00,2023-02-17 00:00:00,,3,1311,1311,99999
38812,112.12,D,V 29,,,200,,,3,2000-11-29 00:00:00,2004-07-02 00:00:00,,,1311,1311,99999
1014580,112.12,D,V 22,,,300,MITAKO,907,3,2013-06-18 00:00:00,2017-01-18 00:00:00,,1,1310,1310,99999
1009847,112.12,D,VR/PKD/31,PKD/13,Hutě,150,,,11,2011-12-13 00:00:00,2024-08-08 00:00:00,2015-07-14 00:00:00,1,1309,580,1100
1024682,112.12,D,V 22,,,150,MITAKO,907,5,2016-02-11 00:00:00,2019-11-06 00:00:00,2019-09-11 00:00:00,1,1308,914,1280
1042851,112.12,D,PSZ/3,PSZ/3,Obrábění,150,,500,2,2017-11-30 00:00:00,2021-06-29 00:00:00,,3,1307,1307,99999
1010726,112.12,D,V 22,,,150,MITAKO,907,3,2012-10-11 00:00:00,2016-05-09 00:00:00,,1,1306,1306,99999
3114547,112.12,D,V 22,,,150,Insize,1112-150,3,2021-05-17 00:00:00,2024-12-13 00:00:00,,2,1306,1306,99999
41308,112.11,C,V 10,PSW-F,Montáž,150,,,3,2000-12-04 00:00:00,2004-07-01 00:00:00,,3,1305,1305,99999
1020015,112.12,D,V 22,,,150,MITAKO,907,13,2014-09-15 00:00:00,2025-05-12 00:00:00,2018-04-11 00:00:00,1,1304,919,1289
42241,112.12,D,V 10,,,200,Mitutoyo,,3,2002-10-17 00:00:00,2006-05-12 00:00:00,,4,1303,1303,99999
41051,112.12,D,V 22,,,160,Somet,,3,2002-08-19 00:00:00,2006-03-09 00:00:00,,2,1298,1298,99999
1003644,112.12,D,V 22,,,150,,907,4,2010-04-20 00:00:00,2013-11-07 00:00:00,2013-11-07 00:00:00,1,1297,912,1284
3109976,112.11,C,V 22,PKG,Údržba,160,Somet,11016611,2,2020-03-16 00:00:00,2023-10-02 00:00:00,,3,1295,1295,99999
38515,112.12,D,V 29,,,150,Somet,,3,2001-10-02 00:00:00,2005-04-19 00:00:00,,,1295,1295,99999
1027884,112.12,D,V 22,,,,,,3,2017-01-04 00:00:00,2020-07-20 00:00:00,,1,1293,1293,99999
1013441,112.12,D,VR/PKD/31,PKD/11,Obrábění,150,Mahr,,4,2013-01-21 00:00:00,2016-08-02 00:00:00,,1,1289,1289,99999
3113619,112.12,D,VR/PKD/31,PKD/11,Obrábění,150,Mahr,,3,2020-09-30 00:00:00,2024-04-11 00:00:00,,1,1289,1289,99999
1014677,112.12,D,VR/PKD/31,PKD/12,Obrábění,150,Mitutoyo,,4,2012-12-14 00:00:00,2016-06-24 00:00:00,,1,1288,1288,99999
3111636,112.12,D,PSZ/3,PSZ/3,Obrábění,150,,,2,2020-10-01 00:00:00,2024-04-11 00:00:00,,3,1288,1288,99999
1003489,112.12,D,V 22,,,,Mitutoyo,551,4,2010-03-17 00:00:00,2014-09-12 00:00:00,2013-09-24 00:00:00,2,1287,0,1280
3114552,112.12,C,V 22,PKT/21,Údržba,150,Insize,1112-150,2,2021-12-15 00:00:00,2025-06-23 00:00:00,2025-06-23 00:00:00,3,1286,0,1284
3114558,112.12,D,V 22,,,150,Insize,1112-150,4,2021-12-15 00:00:00,2025-06-23 00:00:00,,1,1286,1286,99999
3109503,112.12,C,PSZ/3,PSZ/3,Údržba,300,,,2,2019-11-11 00:00:00,2023-05-19 00:00:00,,3,1285,1285,99999
1008705,112.12,C,M6,,,200,MITAKO,907,2,2012-03-12 00:00:00,2015-09-16 00:00:00,,1,1283,1283,99999
1006098,112.12,D,V 22,,,150,MITAKO,907,10,2011-05-03 00:00:00,2019-11-06 00:00:00,2014-11-04 00:00:00,1,1281,891,1275
1009030,112.12,D,V 22,,,300,Mitutoyo,500,4,2012-04-13 00:00:00,2015-10-16 00:00:00,2015-10-16 00:00:00,1,1281,907,1260
1028114,112.12,C,V 22,PKT/4,Údržba,200,,,2,2017-01-16 00:00:00,2020-07-20 00:00:00,,4,1281,1281,99999
3108967,112.12,D,V 22,,,,Mitutoyo,551,3,2019-11-28 00:00:00,2023-06-01 00:00:00,2023-06-01 00:00:00,1,1281,560,1268
1023230,112.12,D,V 22,PKG,Hutě,150,MITAKO,907,11,2015-09-23 00:00:00,2025-03-14 00:00:00,2019-03-26 00:00:00,1,1280,758,1272
32216,112.12,C,VA30,,,150,Somet,,3,2000-10-11 00:00:00,2004-04-13 00:00:00,,2,1280,1280,99999
1014588,112.12,C,V 22,PKT/21,Údržba,150,MITAKO,907,12,2013-06-19 00:00:00,2025-01-14 00:00:00,2016-12-15 00:00:00,1,1275,876,1262
3112845,112.12,B,V 22,PKT/1,TK,300,MITAKO,907,2,2021-03-16 00:00:00,2024-09-10 00:00:00,,3,1274,1274,99999
1026581,112.12,D,PSZ/3,PKM,Obrábění,300,Mitutoyo,,2,2016-09-15 00:00:00,2020-03-10 00:00:00,2020-03-10 00:00:00,3,1272,0,1247
3111874,112.12,D,V 22,PKG,Hutě,150,Insize,1112-150,4,2020-12-10 00:00:00,2024-09-10 00:00:00,2024-06-04 00:00:00,1,1272,595,1264
309617,112.11,D,V 22,,,160,Somet,11016651,4,2007-09-17 00:00:00,2011-03-10 00:00:00,,1,1270,1270,99999
38488,112.12,C,M6,,,150,Somet,,2,2002-04-29 00:00:00,2005-10-19 00:00:00,,,1269,1269,99999
38653,112.11,D,V 29,,,300,,,3,2001-08-27 00:00:00,2005-02-16 00:00:00,2005-02-16 00:00:00,,1269,709,1003
40273,112.12,D,V 22,,,150,Somet,,3,2002-06-11 00:00:00,2005-11-30 00:00:00,,1,1268,1268,99999
1018074,112.11,C,V270,PF1-K,Údržba,160,Somet,,3,2014-02-27 00:00:00,2017-08-16 00:00:00,,6,1266,1266,99999
1022192,112.12,D,V 22,,,200,MITAKO,907,4,2015-05-26 00:00:00,2018-11-12 00:00:00,2018-11-12 00:00:00,1,1266,818,1265
38579,112.12,D,V 29,,,200,Mitutoyo,,2,2001-12-07 00:00:00,2005-05-26 00:00:00,,,1266,1266,99999
3105948,112.12,C,PSZ/3,PSZ/3,Údržba,150,Mitutoyo,,2,2018-08-21 00:00:00,2022-02-04 00:00:00,2022-02-04 00:00:00,3,1263,0,1144
1027655,112.12,D,V 22,PKG,Hutě,150,Schut,906,8,2016-12-14 00:00:00,2024-06-05 00:00:00,2020-05-29 00:00:00,1,1262,860,1261
1019150,112.12,D,V 22,,,150,,907,4,2014-07-01 00:00:00,2018-04-17 00:00:00,2017-12-13 00:00:00,1,1261,786,1255
1012423,112.11,D,V 22,,,160,Somet,11016551,3,2013-02-21 00:00:00,2016-08-04 00:00:00,,3,1260,1260,99999
1043270,112.12,D,V 22,PKH,Obrábění,150,MITAKO,907,7,2017-12-20 00:00:00,2024-05-09 00:00:00,2021-06-02 00:00:00,1,1260,877,1168
45020,112.11,,V 31,,,150,Somet,,3,2001-05-02 00:00:00,2004-10-11 00:00:00,,,1258,1258,99999
1004836,112.12,D,V270,,,150,,,2,2010-10-14 00:00:00,2014-03-24 00:00:00,2014-03-24 00:00:00,4,1257,0,1249
1020452,112.12,D,V 22,,,,Mitutoyo,551,4,2014-11-10 00:00:00,2018-04-20 00:00:00,2018-04-20 00:00:00,1,1257,841,1253
1002034,112.12,D,V 22,,,150,Somet,907,9,2009-06-02 00:00:00,2019-01-25 00:00:00,2012-11-09 00:00:00,1,1256,863,1234
1012620,112.12,A,VR/GQH,GQH-2,Kvalita,150,Mahr,,4,2012-12-11 00:00:00,2016-05-20 00:00:00,2016-05-20 00:00:00,1,1256,983,1157
1027661,112.11,D,V 22,,,160,Somet,11016551,2,2016-12-14 00:00:00,2020-05-21 00:00:00,,3,1254,1254,99999
1005747,112.12,D,V 22,,,150,Somet,907,4,2011-02-02 00:00:00,2014-07-09 00:00:00,,1,1253,1253,99999
3105862,112.12,C,M6,,,300,Insize,1112-300,3,2018-11-30 00:00:00,2022-05-05 00:00:00,,1,1252,1252,99999
3105844,112.12,C,M6,,,150,Insize,1112-150,4,2018-11-30 00:00:00,2022-07-28 00:00:00,2022-05-04 00:00:00,1,1251,844,1238
3108490,112.12,C,PSZ/3,PSZ/3,Údržba,150,,,2,2019-07-17 00:00:00,2022-12-19 00:00:00,,3,1251,1251,99999
41685,112.12,B,V 29,PSW-V,Vedení,150,Hommel,,4,1999-05-06 00:00:00,2005-07-07 00:00:00,2002-10-08 00:00:00,,1251,0,14
3109953,112.12,D,V 22,,,150,Insize,1112-150,4,2020-03-13 00:00:00,2023-08-14 00:00:00,,1,1249,1249,99999
33985,112.12,C,M6,,,150,Somet,,5,2001-03-23 00:00:00,2004-08-23 00:00:00,,1,1249,1249,99999
3111289,112.12,C,VR/PKD/31,PKD/3,Údržba,150,Mitutoyo,500,2,2020-09-30 00:00:00,2024-03-01 00:00:00,,3,1248,1248,99999
3111290,112.12,C,VR/PKD/31,PKD/3,Údržba,150,Mitutoyo,500,2,2020-09-30 00:00:00,2024-03-01 00:00:00,,3,1248,1248,99999
1005976,112.11,D,V 22,,,160,,11016611,3,2011-04-15 00:00:00,2015-02-04 00:00:00,2014-09-12 00:00:00,3,1246,0,1243
1042815,112.11,D,V 22,,,160,Somet,11016611,2,2018-01-12 00:00:00,2021-06-10 00:00:00,2021-06-10 00:00:00,3,1245,0,1240
1018274,112.12,D,V 22,,,150,,907,11,2014-03-27 00:00:00,2025-06-23 00:00:00,2017-08-22 00:00:00,1,1244,861,1239
32238,112.12,C,M6,,,150,Somet,,14,2000-10-11 00:00:00,2017-11-15 00:00:00,2004-03-08 00:00:00,2,1244,873,1214
311019,112.12,D,V 22,,,150,,14015459,4,2008-05-12 00:00:00,2011-10-04 00:00:00,2011-10-04 00:00:00,1,1240,805,1233
25319,112.12,D,V 22,,,150,Samson,,3,2001-10-11 00:00:00,2005-03-03 00:00:00,,2,1239,1239,99999
3108096,112.12,D,PSZ/3,,,300,Mitutoyo,,2,2019-07-17 00:00:00,2022-12-06 00:00:00,,3,1238,1238,99999
3114555,112.12,D,V 22,,,150,Insize,1112-150,4,2021-12-15 00:00:00,2025-05-06 00:00:00,,1,1238,1238,99999
1030610,112.12,C,V 22,PKP,Montáž,150,MITAKO,907,4,2017-11-08 00:00:00,2025-01-02 00:00:00,2021-03-29 00:00:00,3,1237,0,1232
1029307,112.12,B,SO,,,150,MITAKO,907,4,2017-05-23 00:00:00,2020-10-09 00:00:00,,1,1235,1235,99999
41727,112.12,D,V 10,,,200,,,5,2002-09-16 00:00:00,2006-01-31 00:00:00,,4,1233,1233,99999
1028094,112.12,D,V 22,PKG,Hutě,150,Schut,906,9,2017-01-16 00:00:00,2025-01-13 00:00:00,2020-06-01 00:00:00,1,1232,850,1222
1030026,112.12,B,V160,PFO-P/3,Vedení,150,,,4,2017-09-26 00:00:00,2025-02-12 00:00:00,2021-02-09 00:00:00,4,1232,0,1244
1002755,112.12,D,V 22,,,150,Somet,907,11,2009-10-23 00:00:00,2018-09-17 00:00:00,2013-03-06 00:00:00,1,1230,824,1213
1017307,112.12,D,PSZ/3,,,150,,,2,2013-12-09 00:00:00,2017-04-20 00:00:00,,3,1228,1228,99999
3114284,112.12,B,V 22,PKT/1,TK,300,MITAKO,907,2,2021-10-22 00:00:00,2025-03-03 00:00:00,,3,1228,1228,99999
1030611,112.12,D,V 22,,,150,MITAKO,907,3,2017-11-08 00:00:00,2021-06-29 00:00:00,2021-03-18 00:00:00,3,1226,0,1221
301812,112.12,D,V 22,,,160,Somet,14016458,3,2004-12-14 00:00:00,2008-04-22 00:00:00,2008-04-22 00:00:00,2,1225,750,1211
307891,112.11,D,V 22,,,160,Somet,,2,2006-09-12 00:00:00,2010-01-18 00:00:00,,3,1224,1224,99999
1014599,112.12,D,V 22,,,150,MITAKO,907,5,2013-06-19 00:00:00,2016-12-15 00:00:00,2016-10-24 00:00:00,1,1223,811,1210
1007367,112.11,D,V 22,,,160,Somet,11016551,2,2011-10-13 00:00:00,2015-02-16 00:00:00,,3,1222,1222,99999
45097,112.11,,V 31,,,160,Somet,,3,2000-10-13 00:00:00,2004-02-17 00:00:00,,,1222,1222,99999
3116014,112.12,C,VR/PKD/31,PKD/3,Údržba,150,Mitutoyo,500,2,2021-10-04 00:00:00,2025-02-05 00:00:00,,3,1220,1220,99999
3116015,112.12,C,VR/PKD/31,PKD/3,Údržba,150,Mitutoyo,500,2,2021-10-04 00:00:00,2025-02-05 00:00:00,,3,1220,1220,99999
1001757,112.12,D,V 22,,,150,Somet,907,6,2009-04-21 00:00:00,2014-01-16 00:00:00,2012-08-21 00:00:00,1,1218,807,1210
1030162,112.12,C,V270,PF2-K,Svařovna,150,KMITEX,,3,2017-09-12 00:00:00,2022-04-05 00:00:00,2021-01-11 00:00:00,4,1217,0,1207
14950,112.11,D,V 22,,,150,China,,2,2003-03-18 00:00:00,2006-07-17 00:00:00,2006-07-17 00:00:00,3,1217,0,2807
306041,112.12,C,M6,,,160,Somet,14016458,2,2005-10-26 00:00:00,2009-02-24 00:00:00,,2,1217,1217,99999
24827,112.12,D,V 22,,,150,Samson,,2,1999-05-03 00:00:00,2002-08-30 00:00:00,,2,1215,1215,99999
3109056,112.12,C,M6,,,,Mitutoyo,551,2,2019-12-03 00:00:00,2023-03-31 00:00:00,,2,1214,1214,99999
28568,112.12,C,M6,,,150,Somet,,5,2000-05-15 00:00:00,2003-09-10 00:00:00,,1,1213,1213,99999
1028119,112.12,D,V 22,,,300,TESA,,2,2017-01-16 00:00:00,2020-05-12 00:00:00,,1,1212,1212,99999
310708,112.12,D,V 22,,,150,Mitutoyo,573,5,2008-03-12 00:00:00,2011-07-08 00:00:00,2011-07-07 00:00:00,1,1212,810,1196
310937,112.12,D,V 22,,,300,Somet,907,4,2008-04-16 00:00:00,2011-08-11 00:00:00,2011-08-11 00:00:00,1,1212,832,1193
3109957,112.12,D,V 22,PKM,Obrábění,150,Insize,1112-150,2,2020-03-18 00:00:00,2023-07-13 00:00:00,,3,1212,1212,99999
3111642,112.12,C,V 29,PSW-P,Montáž,150,Mitutoyo,,3,2020-10-01 00:00:00,2024-01-26 00:00:00,,4,1212,1212,99999
3114216,112.12,B,V 10,PSW-T,Sklad,600,Mitutoyo,,2,2021-10-27 00:00:00,2025-02-20 00:00:00,,4,1212,1212,99999
38364,112.11,D,V 29,,,150,Somet,,3,2001-10-23 00:00:00,2005-02-16 00:00:00,,,1212,1212,99999
33812,112.12,D,V 22,,,150,Somet,,2,1998-12-15 00:00:00,2002-04-09 00:00:00,,3,1211,1211,99999
1007357,112.12,D,V 22,,,150,,907,5,2011-10-13 00:00:00,2015-02-04 00:00:00,,1,1210,1210,99999
3109958,112.12,C,V 22,PKG,Údržba,150,Insize,1112-150,2,2020-03-18 00:00:00,2023-07-10 00:00:00,,3,1209,1209,99999
1006109,112.12,D,V 22,,,150,MITAKO,907,8,2011-05-03 00:00:00,2021-11-12 00:00:00,2014-08-21 00:00:00,1,1206,0,1200
1014598,112.12,D,V 22,,,150,MITAKO,907,4,2013-06-19 00:00:00,2016-10-07 00:00:00,,1,1206,1206,99999
41372,112.11,D,V 10,PSW-F,Obrábění,160,Somet,,4,2002-02-18 00:00:00,2005-06-07 00:00:00,,3,1205,1205,99999
1002759,112.12,D,V 22,,,150,Somet,907,6,2009-10-23 00:00:00,2013-02-07 00:00:00,2013-02-07 00:00:00,1,1203,979,1186
31237,112.12,D,V 22,,,200,Mitutoyo,551,2,2000-09-27 00:00:00,2004-01-12 00:00:00,,3,1202,1202,99999
3112662,112.12,C,PSZ/3,PSZ/3,Údržba,300,Mitutoyo,,2,2021-03-04 00:00:00,2024-06-17 00:00:00,,3,1201,1201,99999
3115481,112.12,D,PSZ/3,PSZ/3,Obrábění,150,Mitutoyo,,2,2022-04-08 00:00:00,2025-07-22 00:00:00,,3,1201,1201,99999
1011636,112.12,D,V 22,,,150,Mitutoyo,500,2,2012-11-28 00:00:00,2016-03-11 00:00:00,,2,1199,1199,99999
1002028,112.12,D,V 22,,,150,Somet,907,8,2009-06-02 00:00:00,2014-03-14 00:00:00,2012-09-12 00:00:00,1,1198,694,1176
309156,112.12,D,V 22,,,160,Somet,14016459,4,2007-06-20 00:00:00,2010-09-30 00:00:00,,2,1198,1198,99999
1007651,112.12,C,M6,,,150,,,3,2011-11-16 00:00:00,2015-02-25 00:00:00,,1,1197,1197,99999
1030727,112.12,C,M6,,,150,MITAKO,907,6,2017-11-16 00:00:00,2025-02-06 00:00:00,2021-02-25 00:00:00,1,1197,0,1186
3111875,112.12,D,V 22,PKH,Obrábění,150,Insize,1112-150,2,2020-12-10 00:00:00,2024-03-21 00:00:00,,1,1197,1197,99999
1003858,112.12,C,M6,,,150,,,3,2010-06-03 00:00:00,2013-09-10 00:00:00,2013-09-10 00:00:00,1,1195,918,1191
305585,112.12,C,V 10,PSW-F,Montáž,160,Somet,14016458,3,2005-10-19 00:00:00,2009-01-26 00:00:00,2009-01-26 00:00:00,4,1195,702,1202
3111385,112.12,D,PSZ/3,PSZ/3,Obrábění,150,,,2,2020-10-01 00:00:00,2024-01-09 00:00:00,,3,1195,1195,99999
3105858,112.12,D,V 22,PKG,Hutě,200,Insize,1112-200,6,2018-11-30 00:00:00,2024-04-16 00:00:00,2022-03-08 00:00:00,1,1194,797,1181
1029308,112.12,D,V 22,,,150,MITAKO,907,4,2017-05-23 00:00:00,2020-08-26 00:00:00,2020-08-26 00:00:00,1,1191,629,1175
1030564,112.12,D,V 22,,,150,MITAKO,907,4,2017-10-31 00:00:00,2021-02-03 00:00:00,,1,1191,1191,99999
3114538,112.12,D,V 22,,,300,Insize,1112-300,4,2021-12-15 00:00:00,2025-03-20 00:00:00,,1,1191,1191,99999
1023660,112.11,C,V270,PF2-K,Údržba,160,Somet,,2,2015-10-02 00:00:00,2019-01-03 00:00:00,,6,1189,1189,99999
17106,112.11,C,M6,,,160,Somet,,3,2000-12-06 00:00:00,2004-03-09 00:00:00,,,1189,1189,99999
310933,112.12,D,V 22,,,150,Somet,907,3,2008-04-08 00:00:00,2011-07-08 00:00:00,,1,1186,1186,99999
3113678,112.12,D,PSZ/3,PSZ/3,Obrábění,150,Mitutoyo,,2,2021-07-21 00:00:00,2024-10-18 00:00:00,,3,1185,1185,99999
1022163,112.12,B,VR/PKD/31,PSW-T,TK,300,,,3,2016-11-15 00:00:00,2020-02-12 00:00:00,2020-02-12 00:00:00,4,1184,0,1722
16122,112.11,D,V 22,,,600,Somet,,3,2000-02-21 00:00:00,2003-05-20 00:00:00,,2,1184,1184,99999
3108489,112.12,D,PSZ/3,PSZ/3,Obrábění,150,,,2,2019-07-17 00:00:00,2022-10-13 00:00:00,,3,1184,1184,99999
311188,112.12,D,V 22,,,200,Somet,907,3,2008-06-17 00:00:00,2011-09-14 00:00:00,,1,1184,1184,99999
3115480,112.12,D,PSZ/3,PSZ/3,Obrábění,150,Mitutoyo,,2,2022-04-08 00:00:00,2025-07-02 00:00:00,,3,1181,1181,99999
3113697,112.12,D,V 22,,,200,Insize,1112-200,3,2021-07-26 00:00:00,2024-10-18 00:00:00,,1,1180,1180,99999
3113709,112.12,D,V 22,,,150,Insize,1112-150,3,2021-07-26 00:00:00,2025-03-07 00:00:00,2024-10-18 00:00:00,1,1180,0,1176
1017596,112.12,B,V 22,PKT/1,TK,150,MITAKO,907,12,2014-01-14 00:00:00,2024-10-21 00:00:00,2017-04-07 00:00:00,1,1179,787,1178
309556,112.12,C,M6,,,160,Somet,14016459,3,2007-09-10 00:00:00,2010-12-02 00:00:00,2010-12-02 00:00:00,2,1179,969,1165
308314,112.12,D,V 22,,,160,Somet,14016459,4,2007-01-10 00:00:00,2010-04-01 00:00:00,,1,1177,1177,99999
3108802,112.12,D,PSZ/3,PSZ/3,Obrábění,300,,,2,2019-10-30 00:00:00,2023-01-19 00:00:00,2023-01-19 00:00:00,3,1177,0,1158
46026,112.11,D,V 22,,,1000,Massi,,2,2003-08-27 00:00:00,2006-11-16 00:00:00,,5,1177,1177,99999
46027,112.11,D,V 22,,,1500,Massi,,2,2003-08-27 00:00:00,2006-11-16 00:00:00,,5,1177,1177,99999
47975,112.12,D,V 10,,,300,Somet,,2,2004-08-10 00:00:00,2007-10-31 00:00:00,,4,1177,1177,99999
1011588,112.12,D,V 29,PSW-V,Obrábění,200,Filletta,,2,2013-06-13 00:00:00,2016-08-31 00:00:00,,4,1175,1175,99999
3114539,112.12,D,V 22,,,300,Insize,1112-300,3,2021-12-15 00:00:00,2025-03-03 00:00:00,,1,1174,1174,99999
44245,112.12,C,M6,,,160,Somet,,2,2003-01-24 00:00:00,2006-04-10 00:00:00,,,1172,1172,99999
1007780,112.12,D,V 22,,,150,Mitutoyo,500,9,2011-12-20 00:00:00,2019-11-05 00:00:00,2015-03-04 00:00:00,1,1170,778,1170
1012716,112.12,D,PSZ/3,PSZ/3,Obrábění,160,,,2,2013-02-05 00:00:00,2016-04-20 00:00:00,,3,1170,1170,99999
1010728,112.12,C,V 22,PKT/4,Údržba,150,MITAKO,907,5,2012-10-05 00:00:00,2024-01-17 00:00:00,2015-12-17 00:00:00,4,1168,0,1178
304473,112.12,C,M6,,,160,Somet,14016459,4,2005-06-16 00:00:00,2008-08-27 00:00:00,,1,1168,1168,99999
3106622,112.12,C,VR/PKD/31,PKD/3,Údržba,150,Mitutoyo,500,2,2019-02-07 00:00:00,2022-04-20 00:00:00,,3,1168,1168,99999
3107365,112.12,C,V270,PF1-K,Údržba,150,Insize,,3,2019-06-18 00:00:00,2022-08-29 00:00:00,,4,1168,1168,99999
3115061,112.12,C,M6,PKT/4,Údržba,150,MITAKO,907,4,2022-02-11 00:00:00,2025-04-24 00:00:00,,1,1168,1168,99999
44892,112.11,D,V 31,PSW-P,Obrábění,150,Somet,,2,2003-01-17 00:00:00,2006-03-30 00:00:00,,4,1168,1168,99999
3107478,112.12,D,PSZ/3,,,150,Mitutoyo,,2,2019-06-11 00:00:00,2022-08-19 00:00:00,2022-08-19 00:00:00,3,1165,0,1137
1001755,112.12,D,V 22,,,150,Somet,907,4,2009-04-21 00:00:00,2012-06-27 00:00:00,2012-06-27 00:00:00,1,1163,808,1155
3113694,112.12,D,V 22,,,300,MITAKO,907,3,2021-07-26 00:00:00,2025-03-10 00:00:00,2024-09-30 00:00:00,1,1162,0,1158
1002157,112.12,D,V 22,,,100,,IS11111,2,2009-07-08 00:00:00,2012-09-11 00:00:00,,3,1161,1161,99999
310380,112.12,D,V 22,,,150,MWQ,14015459,5,2008-02-01 00:00:00,2011-04-06 00:00:00,,1,1160,1160,99999
3111640,112.12,D,V 29,PSW-P,Obrábění,150,Mitutoyo,,2,2020-10-01 00:00:00,2023-12-05 00:00:00,,4,1160,1160,99999
32234,112.12,D,V 22,,,150,Somet,,3,2000-10-11 00:00:00,2003-12-15 00:00:00,2003-12-15 00:00:00,2,1160,483,1130
3113693,112.12,D,V 22,,,300,MITAKO,907,4,2021-07-26 00:00:00,2025-03-10 00:00:00,2024-09-25 00:00:00,1,1157,485,1153
44484,112.11,,V 31,,,1000,Somet,,2,2003-02-12 00:00:00,2006-04-14 00:00:00,2006-04-14 00:00:00,,1157,0,1131
1029299,112.12,D,V 22,,,150,MITAKO,907,5,2017-05-23 00:00:00,2020-07-22 00:00:00,,1,1156,1156,99999
1007346,112.12,D,V 22,,,150,,,4,2011-10-13 00:00:00,2015-10-14 00:00:00,2014-12-11 00:00:00,1,1155,0,1147
45307,112.11,,V 31,,,300,,,2,2002-02-11 00:00:00,2005-04-11 00:00:00,,,1155,1155,99999
1012431,112.11,D,V 22,,,160,Somet,11016611,4,2013-02-21 00:00:00,2016-04-20 00:00:00,,3,1154,1154,99999
28409,112.12,D,V 22,,,150,Somet,,4,2000-04-27 00:00:00,2003-06-24 00:00:00,,1,1153,1153,99999
3110563,112.12,D,PSZ/3,PSZ/3,Obrábění,150,,,2,2020-06-26 00:00:00,2023-08-23 00:00:00,,3,1153,1153,99999
3110564,112.12,D,PSZ/3,PSZ/3,Obrábění,150,,,2,2020-06-26 00:00:00,2023-08-23 00:00:00,,3,1153,1153,99999
3110565,112.12,D,PSZ/3,PSZ/3,Obrábění,150,Mitutoyo,,2,2020-06-26 00:00:00,2023-08-23 00:00:00,,3,1153,1153,99999
41467,112.11,C,V 10,PSW-F,Montáž,300,,,2,2002-01-11 00:00:00,2005-03-08 00:00:00,,,1152,1152,99999
301739,112.11,D,PSZ/3,,,160,Somet,,2,2004-11-26 00:00:00,2008-01-21 00:00:00,,,1151,1151,99999
3111635,112.12,D,PSZ/3,,,150,,,2,2020-12-07 00:00:00,2024-02-01 00:00:00,,3,1151,1151,99999
311224,112.12,B,V 29,PSW-S,Vedení,150,,14015459,2,2008-06-10 00:00:00,2011-08-05 00:00:00,,4,1151,1151,99999
1012430,112.11,D,V 22,,,160,Somet,11016611,2,2013-02-21 00:00:00,2016-04-15 00:00:00,2016-04-15 00:00:00,3,1149,0,1134
309707,112.11,D,V 22,,,160,Somet,11016651,4,2007-10-08 00:00:00,2011-04-27 00:00:00,2010-11-30 00:00:00,2,1149,758,1140
310305,112.12,C,M6,,,160,Somet,14016459,3,2007-12-20 00:00:00,2011-02-11 00:00:00,2011-02-11 00:00:00,1,1149,636,1110
41228,112.11,C,V 10,PSW-F,Montáž,150,Mitutoyo,530,2,2002-10-03 00:00:00,2005-11-25 00:00:00,,3,1149,1149,99999
307493,112.12,C,PSZ/1,PSZ/1,Údržba,200,Mitutoyo,500,3,2006-07-11 00:00:00,2009-09-01 00:00:00,,3,1148,1148,99999
41054,112.12,D,V 22,,,160,Somet,,2,2002-08-19 00:00:00,2005-10-10 00:00:00,2005-10-10 00:00:00,3,1148,0,1140
41056,112.12,D,V 22,,,160,Somet,,2,2002-08-19 00:00:00,2005-10-10 00:00:00,2005-10-10 00:00:00,3,1148,0,1140
3115054,112.12,C,M6,PKT/4,Údržba,150,MITAKO,907,4,2022-02-11 00:00:00,2025-04-03 00:00:00,,1,1147,1147,99999
3115062,112.12,C,M6,PKT/4,Údržba,150,MITAKO,907,4,2022-02-11 00:00:00,2025-04-03 00:00:00,,1,1147,1147,99999
14840,112.11,D,V 22,,,150,China,,3,2000-01-21 00:00:00,2003-03-11 00:00:00,,2,1145,1145,99999
41217,112.11,C,V 10,PSW-F,Montáž,150,Kinex,,2,1999-09-13 00:00:00,2002-10-30 00:00:00,,3,1143,1143,99999
3109646,112.12,C,V 22,PKT/2,Údržba,150,Insize,1112-150,3,2020-02-17 00:00:00,2023-04-04 00:00:00,,4,1142,1142,99999
41428,112.11,D,V 10,,,300,VIS,,2,2000-02-28 00:00:00,2003-04-15 00:00:00,,3,1142,1142,99999
1012971,112.12,C,PSZ/3,PSZ/3,Údržba,150,,,2,2013-04-09 00:00:00,2016-05-24 00:00:00,2016-05-24 00:00:00,3,1141,0,1142
1027505,112.12,D,V 22,PKG,Hutě,150,MITAKO,907,8,2016-12-07 00:00:00,2025-03-14 00:00:00,2020-01-22 00:00:00,1,1141,407,1136
1002036,112.12,D,V 22,,,150,Somet,907,4,2009-06-02 00:00:00,2012-07-16 00:00:00,,1,1140,1140,99999
1019682,112.11,C,VR/PKD/31,PKD/3,Údržba,150,Zevela INOX,,2,2014-08-27 00:00:00,2017-10-10 00:00:00,,3,1140,1140,99999
305028,112.11,C,V180,,,160,Somet,,2,2005-04-01 00:00:00,2008-05-15 00:00:00,2008-05-15 00:00:00,6,1140,0,987
3115724,112.12,C,V160,,,150,Insize,,2,2022-02-23 00:00:00,2025-04-08 00:00:00,,4,1140,1140,99999
16301,112.12,D,V 22,,,150,Mitutoyo,500,2,2002-07-10 00:00:00,2005-08-22 00:00:00,2005-08-22 00:00:00,3,1139,0,2478
3108363,112.12,D,PSZ/3,PSZ/3,Obrábění,300,Mitutoyo,,2,2019-09-12 00:00:00,2022-10-25 00:00:00,,3,1139,1139,99999
3113492,112.11,D,PSZ/3,PSZ/3,Obrábění,150,KMITEX,,2,2021-06-17 00:00:00,2024-07-29 00:00:00,,3,1138,1138,99999
306380,112.12,D,V 22,,,160,Somet,14016458,3,2005-12-05 00:00:00,2009-01-15 00:00:00,,1,1137,1137,99999
3107475,112.12,C,PSZ/3,PSZ/3,Údržba,300,Mitutoyo,,2,2019-06-11 00:00:00,2022-07-22 00:00:00,,3,1137,1137,99999
3107476,112.12,C,PSZ/3,PSZ/3,Údržba,150,Mitutoyo,,2,2019-06-11 00:00:00,2022-07-22 00:00:00,,3,1137,1137,99999
3113172,112.12,C,V180,,,200,,,2,2021-05-18 00:00:00,2024-06-28 00:00:00,2024-06-28 00:00:00,4,1137,0,1131
44911,112.11,C,V 31,PSW-P,Montáž,150,Somet,,2,2003-02-17 00:00:00,2006-03-30 00:00:00,,4,1137,1137,99999
45337,112.11,D,V 31,PSW-P,Obrábění,,,,5,2002-03-01 00:00:00,2013-03-19 00:00:00,2005-04-11 00:00:00,4,1137,0,691
1018060,112.12,C,M6,,,150,MITAKO,907,9,2014-02-24 00:00:00,2022-12-08 00:00:00,2017-04-05 00:00:00,1,1136,737,1129
1012685,112.12,C,PSZ/3,PSZ/3,Údržba,160,,,2,2013-04-09 00:00:00,2016-05-18 00:00:00,2016-05-18 00:00:00,3,1135,0,1152
1012970,112.12,C,PSZ/3,PSZ/3,Údržba,150,,,2,2013-04-09 00:00:00,2016-05-18 00:00:00,2016-05-18 00:00:00,3,1135,0,1136
14931,112.11,D,V 22,,,150,China,,2,2002-12-10 00:00:00,2006-01-18 00:00:00,2006-01-18 00:00:00,3,1135,0,2627
301899,112.12,A,GQD-2,GQD,Kvalita,150,Mitutoyo,500,3,2004-09-23 00:00:00,2007-11-02 00:00:00,2007-11-02 00:00:00,2,1135,746,1015
3116011,112.12,C,VR/PKD/31,PKD/3,Údržba,150,Mitutoyo,500,2,2021-10-04 00:00:00,2024-11-12 00:00:00,,3,1135,1135,99999
3116012,112.12,C,VR/PKD/31,PKD/3,Údržba,150,Mitutoyo,500,2,2021-10-04 00:00:00,2024-11-12 00:00:00,,3,1135,1135,99999
3116013,112.12,C,VR/PKD/31,PKD/3,Údržba,150,Mitutoyo,500,2,2021-10-04 00:00:00,2024-11-12 00:00:00,,3,1135,1135,99999
41717,112.12,C,V 10,PAP,Montáž,150,Somet,,2,2001-10-02 00:00:00,2004-11-10 00:00:00,,3,1135,1135,99999
45030,112.11,,V 31,,,150,Somet,,2,2001-05-15 00:00:00,2004-06-23 00:00:00,,,1135,1135,99999
1003357,112.11,C,PSZ/1,PSZ/1,Údržba,160,Somet,,2,2010-02-16 00:00:00,2013-03-26 00:00:00,,3,1134,1134,99999
1012986,112.11,C,PSZ/3,PSZ/3,Údržba,160,Somet,,2,2013-04-10 00:00:00,2016-05-18 00:00:00,2016-05-18 00:00:00,3,1134,0,1136
17061,112.11,D,V 22,,,160,Somet,,3,2002-03-05 00:00:00,2005-04-12 00:00:00,2005-04-12 00:00:00,2,1134,378,2346
38441,112.11,C,V 10,PSW-F,Montáž,160,Somet,,2,2001-01-04 00:00:00,2004-02-12 00:00:00,,,1134,1134,99999
45350,112.11,D,V 31,PSW-P,Obrábění,600,Mitutoyo,,5,2002-03-04 00:00:00,2013-03-19 00:00:00,2005-04-11 00:00:00,4,1134,0,690
1002209,112.12,D,V 22,,,300,Mitutoyo,551,11,2009-07-22 00:00:00,2016-05-31 00:00:00,2012-08-27 00:00:00,1,1132,750,1124
1029986,112.12,C,V160,,,150,Kinex,,2,2017-09-06 00:00:00,2020-10-12 00:00:00,,4,1132,1132,99999
37852,112.12,C,M6,,,150,Somet,,5,2002-03-08 00:00:00,2005-04-13 00:00:00,,1,1132,1132,99999
39695,112.11,D,V 29,,,150,Smiec,10-8904,3,2001-01-04 00:00:00,2004-02-18 00:00:00,2004-02-10 00:00:00,,1132,0,602
38459,112.11,D,V 29,,,160,Somet,,2,2001-01-04 00:00:00,2004-02-09 00:00:00,,,1131,1131,99999
3113723,112.12,C,M6,,,150,MITAKO,907,4,2021-07-26 00:00:00,2025-03-07 00:00:00,2024-08-29 00:00:00,1,1130,742,1126
1012658,112.11,C,PSZ/3,PSZ/3,Údržba,150,,,2,2012-09-23 00:00:00,2015-10-27 00:00:00,2015-10-27 00:00:00,3,1129,0,948
1027532,112.12,D,V 22,,,300,MITAKO,907,7,2016-12-07 00:00:00,2022-07-13 00:00:00,2020-01-10 00:00:00,1,1129,762,1124
3114541,112.12,D,V 22,PKG,Hutě,150,MITAKO,907,3,2021-12-15 00:00:00,2025-01-17 00:00:00,,1,1129,1129,99999
1003186,112.12,D,V 22,,,150,,,4,2010-01-19 00:00:00,2013-02-20 00:00:00,,4,1128,1128,99999
1012678,112.12,D,PSZ/3,PSZ/3,Obrábění,160,,,2,2013-04-09 00:00:00,2016-05-11 00:00:00,2016-05-11 00:00:00,3,1128,0,1145
1012756,112.12,C,PSZ/3,PSZ/3,Údržba,300,,,2,2013-04-16 00:00:00,2016-05-18 00:00:00,2016-05-18 00:00:00,3,1128,0,1152
1020449,112.12,D,PSZ/3,,,300,,,3,2014-11-11 00:00:00,2018-01-19 00:00:00,2017-12-13 00:00:00,3,1128,0,1125
310278,112.12,C,V180,,,160,Somet,14016459,2,2007-12-20 00:00:00,2011-01-21 00:00:00,2011-01-21 00:00:00,4,1128,0,1092
3114543,112.12,D,V 22,PKH,Obrábění,150,Insize,1112-150,3,2021-12-15 00:00:00,2025-01-16 00:00:00,,1,1128,1128,99999
3114545,112.12,D,V 22,PKH,Obrábění,150,Insize,1112-150,3,2021-12-15 00:00:00,2025-01-16 00:00:00,,1,1128,1128,99999
1012688,112.12,C,PSZ/3,PSZ/3,Údržba,150,,,2,2013-04-17 00:00:00,2016-05-18 00:00:00,2016-05-18 00:00:00,3,1127,0,1152
1012695,112.12,D,PSZ/3,PSZ/3,Obrábění,150,,,2,2013-04-17 00:00:00,2016-05-18 00:00:00,2016-05-18 00:00:00,3,1127,0,1152
3107474,112.12,D,PSZ/3,PSZ/3,Obrábění,300,Mitutoyo,,2,2019-06-11 00:00:00,2022-07-12 00:00:00,,3,1127,1127,99999
3108362,112.12,B,V 29,PSW-T,Sklad,300,Mitutoyo,,2,2019-09-12 00:00:00,2022-10-13 00:00:00,,4,1127,1127,99999
3108365,112.12,D,PSZ/3,PSZ/3,Obrábění,300,Mitutoyo,,3,2019-09-12 00:00:00,2022-12-19 00:00:00,2022-10-13 00:00:00,3,1127,0,1105
16626,112.12,D,V 22,,,150,HHW,,2,2000-01-10 00:00:00,2003-02-07 00:00:00,2003-02-07 00:00:00,,1124,0,1551
38806,112.11,D,V 29,,,400,Somet,,2,2001-04-02 00:00:00,2004-04-30 00:00:00,,,1124,1124,99999
41521,112.11,B,V 10,PSW-F,Vedení,150,Kinex,,2,2002-09-09 00:00:00,2005-10-06 00:00:00,,3,1123,1123,99999
46007,112.12,D,V 29,,,200,Somet,,2,2003-08-12 00:00:00,2006-09-08 00:00:00,,,1123,1123,99999
44483,112.11,,V 31,,,1000,Massi,,2,2003-02-12 00:00:00,2006-03-10 00:00:00,,4,1122,1122,99999
45026,112.11,D,V 31,PSW-P,Obrábění,150,Somet,,6,2001-06-05 00:00:00,2012-10-01 00:00:00,2004-07-01 00:00:00,4,1122,0,434
1011021,112.12,C,M6,,,150,,500,4,2012-10-23 00:00:00,2015-11-18 00:00:00,,1,1121,1121,99999
1026589,112.12,D,PSZ/3,PSZ/3,Obrábění,150,Mitutoyo,,2,2016-09-15 00:00:00,2019-10-11 00:00:00,,3,1121,1121,99999
1028104,112.12,D,V 22,,,150,Schut,906,9,2017-01-16 00:00:00,2024-09-10 00:00:00,2020-02-11 00:00:00,1,1121,767,1111
3108927,112.12,D,PSZ/3,PSZ/3,Obrábění,750,,,2,2019-11-21 00:00:00,2022-12-16 00:00:00,,3,1121,1121,99999
1012741,112.11,D,PSZ/3,PSZ/3,Obrábění,300,,,6,2011-09-27 00:00:00,2024-01-09 00:00:00,2014-10-21 00:00:00,3,1120,0,577
38453,112.11,D,V 29,,,160,Somet,,2,2001-09-11 00:00:00,2004-10-05 00:00:00,,,1120,1120,99999
41366,112.11,C,V 10,PSW-F,Montáž,160,Somet,,3,2002-02-12 00:00:00,2005-04-05 00:00:00,2005-03-08 00:00:00,3,1120,0,909
1025580,112.12,D,PSZ/3,PSZ/3,Obrábění,150,Mitutoyo,,2,2016-06-08 00:00:00,2019-07-02 00:00:00,,3,1119,1119,99999
27076,112.11,D,V 22,,,150,Somet,,3,2000-02-23 00:00:00,2003-03-18 00:00:00,2003-03-18 00:00:00,,1119,391,1119
1023234,112.12,D,V 22,,,150,MITAKO,907,5,2015-09-23 00:00:00,2019-01-25 00:00:00,2018-10-15 00:00:00,1,1118,758,1110
41223,112.11,D,V 10,,,150,Mitutoyo,530,2,1999-09-15 00:00:00,2002-10-07 00:00:00,,3,1118,1118,99999
45333,112.11,,V 31,,,400,,,2,2002-04-18 00:00:00,2005-05-10 00:00:00,,,1118,1118,99999
1012702,112.12,C,PSZ/3,PSZ/3,Údržba,150,,,6,2012-01-06 00:00:00,2024-03-11 00:00:00,2015-01-27 00:00:00,3,1117,0,675
1017666,112.11,D,V 22,,,160,Somet,11016611,2,2014-01-24 00:00:00,2017-02-14 00:00:00,2017-02-14 00:00:00,3,1117,0,1114
306813,112.12,D,V 22,,,300,Somet,16030469,2,2006-03-09 00:00:00,2009-03-30 00:00:00,,2,1117,1117,99999
45024,112.11,,V 31,,,150,Somet,,3,2000-06-12 00:00:00,2003-07-11 00:00:00,2003-07-04 00:00:00,,1117,0,71
3109850,112.11,D,PSZ/3,PSZ/3,Obrábění,,KMITEX,,2,2020-04-28 00:00:00,2023-05-19 00:00:00,,3,1116,1116,99999
41315,112.11,D,V 29,,,160,Somet,,2,2002-08-09 00:00:00,2005-08-29 00:00:00,,,1116,1116,99999
306224,112.11,C,V180,,,150,Somet,,2,2005-11-21 00:00:00,2008-12-10 00:00:00,2008-12-10 00:00:00,6,1115,0,1108
43202,112.11,C,V 10,PAP,Montáž,150,Somet,,2,2002-09-17 00:00:00,2005-10-06 00:00:00,,3,1115,1115,99999
43227,112.11,D,V 10,PSW-F,Obrábění,400,Somet,,2,2002-09-23 00:00:00,2005-10-12 00:00:00,,3,1115,1115,99999
45018,112.11,,V 31,,,150,Somet,,2,2001-06-05 00:00:00,2004-06-24 00:00:00,,,1115,1115,99999
1012691,112.12,C,PSZ/3,PSZ/3,Údržba,150,,,2,2013-04-30 00:00:00,2016-05-18 00:00:00,,3,1114,1114,99999
1012976,112.12,C,PSZ/3,PSZ/1,Údržba,150,,,2,2013-04-09 00:00:00,2016-04-27 00:00:00,,3,1114,1114,99999
300930,112.11,,VR Výdejna,,,150,Somet,,2,2002-06-05 00:00:00,2005-06-23 00:00:00,,3,1114,1114,99999
3110131,112.11,B,PSW-T,PSW-T,TK,400,Somet,,2,2020-06-03 00:00:00,2023-06-22 00:00:00,,3,1114,1114,99999
3114549,112.12,D,V 22,PKH,Obrábění,150,Insize,1112-150,3,2021-12-15 00:00:00,2025-01-02 00:00:00,,1,1114,1114,99999
45083,112.11,,V 31,,,160,Somet,,2,2001-09-11 00:00:00,2004-09-29 00:00:00,,,1114,1114,99999
1012687,112.12,C,PSZ/3,PSZ/3,Údržba,150,,,2,2013-04-17 00:00:00,2016-05-04 00:00:00,2016-05-04 00:00:00,3,1113,0,1138
3115042,112.12,D,V 22,PKM,Obrábění,150,MITAKO,907,2,2022-02-21 00:00:00,2025-03-10 00:00:00,,1,1113,1113,99999
45106,112.11,,V 31,,,160,Somet,,2,2001-01-04 00:00:00,2004-01-22 00:00:00,,,1113,1113,99999
45107,112.11,D,V 31,PSW-P,Obrábění,160,Somet,,6,2001-01-04 00:00:00,2016-02-11 00:00:00,2004-01-22 00:00:00,4,1113,0,268
45332,112.11,D,V 29,,,400,Somet,,2,2002-02-01 00:00:00,2005-02-18 00:00:00,,,1113,1113,99999
1012984,112.11,C,PSZ/3,PSZ/3,Údržba,160,Somet,,2,2013-04-10 00:00:00,2016-04-26 00:00:00,2016-04-26 00:00:00,3,1112,0,1114
300968,112.11,,VR Výdejna,,,,Somet,,2,2002-06-14 00:00:00,2005-06-30 00:00:00,2005-06-30 00:00:00,3,1112,0,647
44461,112.11,B,V 10,PSW-F,Vedení,125,UIK,,2,2002-03-27 00:00:00,2005-04-12 00:00:00,,4,1112,1112,99999
1012705,112.12,D,PSZ/3,PSZ/3,Obrábění,150,,,2,2012-01-06 00:00:00,2015-01-21 00:00:00,2015-01-21 00:00:00,3,1111,0,669
1012864,112.11,D,PSZ/3,PSZ/3,Obrábění,1000,,,2,2012-03-15 00:00:00,2015-03-31 00:00:00,2015-03-31 00:00:00,3,1111,0,731
300954,112.11,B,VR Výdejna,EIB,Vývoj,150,Somet,,2,2002-06-14 00:00:00,2005-06-29 00:00:00,2005-06-29 00:00:00,3,1111,0,646
300970,112.11,,VR Výdejna,,,150,Somet,,2,2002-06-14 00:00:00,2005-06-29 00:00:00,2005-06-29 00:00:00,3,1111,0,646
16627,112.12,D,V 22,,,150,Mitutoyo,500,2,2000-10-20 00:00:00,2003-11-04 00:00:00,2003-11-04 00:00:00,3,1110,0,1821
28398,112.12,C,M6,,,150,Somet,,2,2000-04-27 00:00:00,2003-05-12 00:00:00,,3,1110,1110,99999
300986,112.11,,VR Výdejna,,,150,Somet,,2,2002-06-13 00:00:00,2005-06-27 00:00:00,2005-06-27 00:00:00,3,1110,0,644
42352,112.11,B,V 10,PSW-F,Vedení,160,Somet,,2,2002-09-30 00:00:00,2005-10-14 00:00:00,,3,1110,1110,99999
1019987,112.12,D,V 22,,,150,Schut,906,10,2014-09-23 00:00:00,2025-03-14 00:00:00,2017-10-06 00:00:00,1,1109,750,1103
300991,112.11,,VR Výdejna,,,150,Somet,,2,2002-06-14 00:00:00,2005-06-27 00:00:00,,3,1109,1109,99999
3114350,112.12,A,GQF-3,GQF-3,Kvalita,150,Somet,,3,2021-11-30 00:00:00,2024-12-13 00:00:00,,3,1109,1109,99999
41220,112.11,C,V 10,PSW-F,Montáž,150,Kinex,,2,1999-09-27 00:00:00,2002-10-10 00:00:00,,3,1109,1109,99999
42140,112.12,D,V 22,,,160,Somet,,2,2002-09-27 00:00:00,2005-10-10 00:00:00,2005-10-10 00:00:00,3,1109,0,1092
1012663,112.11,D,PSZ/3,PSZ/3,Obrábění,160,,,2,2013-02-05 00:00:00,2016-02-18 00:00:00,,3,1108,1108,99999
300896,112.11,,VR Výdejna,,,,Somet,,2,2002-06-18 00:00:00,2005-06-30 00:00:00,,3,1108,1108,99999
37647,112.12,D,V 22,,,200,,,2,2002-03-11 00:00:00,2005-03-23 00:00:00,2005-03-23 00:00:00,3,1108,0,1111
41376,112.11,D,V 10,,,160,Somet,,2,2000-03-21 00:00:00,2003-04-03 00:00:00,,3,1108,1108,99999
45007,112.11,,V 31,,,150,Somet,,2,2001-05-02 00:00:00,2004-05-14 00:00:00,,,1108,1108,99999
45993,112.12,,V 31,,,160,Somet,,3,2003-08-12 00:00:00,2006-08-24 00:00:00,,,1108,1108,99999
1012557,112.11,C,PSZ/3,PSZ/1,Údržba,300,,,2,2013-03-05 00:00:00,2016-03-16 00:00:00,2016-03-16 00:00:00,3,1107,0,1094
1012679,112.12,D,PSZ/3,PSZ/3,Obrábění,160,,,2,2013-04-16 00:00:00,2016-04-27 00:00:00,2016-04-27 00:00:00,3,1107,0,1131
1012690,112.12,D,PSZ/3,PSZ/3,Obrábění,150,,,2,2013-04-16 00:00:00,2016-04-27 00:00:00,2016-04-27 00:00:00,3,1107,0,1131
1012987,112.11,C,PSZ/3,PSZ/3,Údržba,160,Mitutoyo,,2,2013-04-09 00:00:00,2016-04-20 00:00:00,2016-04-20 00:00:00,3,1107,0,1108
1023259,112.12,D,V 22,,,150,Schut,906,6,2015-09-30 00:00:00,2020-06-16 00:00:00,2018-10-11 00:00:00,1,1107,748,1106
300985,112.11,,VR Výdejna,,,150,Somet,,2,2002-06-06 00:00:00,2005-06-17 00:00:00,,3,1107,1107,99999
3110567,112.12,D,PSZ/3,PSZ/3,Obrábění,300,Mitutoyo,,2,2020-08-11 00:00:00,2023-08-23 00:00:00,,3,1107,1107,99999
42381,112.11,C,V 10,PSW-T,Údržba,160,Somet,,2,2002-09-30 00:00:00,2005-10-11 00:00:00,,3,1107,1107,99999
44956,112.11,,V 31,,,150,,,2,2000-07-06 00:00:00,2003-07-18 00:00:00,2003-07-18 00:00:00,,1107,0,93
45111,112.11,,V 31,,,160,Somet,,2,2001-01-04 00:00:00,2004-01-16 00:00:00,,,1107,1107,99999
46258,112.12,D,V 22,,,160,Somet,,4,2003-09-29 00:00:00,2006-10-10 00:00:00,,1,1107,1107,99999
1001704,112.12,D,V 10,PSW-F,Obrábění,200,,,3,2009-04-16 00:00:00,2012-04-26 00:00:00,2012-04-26 00:00:00,4,1106,753,1101
1012670,112.11,D,PSZ/3,PSZ/3,Obrábění,160,,,3,2013-04-16 00:00:00,2016-05-11 00:00:00,2016-04-26 00:00:00,3,1106,0,1130
1030449,112.12,C,PSZ/1,PSZ/1,Údržba,800,Scala,,2,2017-12-11 00:00:00,2020-12-21 00:00:00,2020-12-21 00:00:00,3,1106,0,1147
300963,112.11,C,VR Výdejna,PSU,Údržba,150,Somet,,2,2002-06-06 00:00:00,2005-06-16 00:00:00,,3,1106,1106,99999
308819,112.12,C,PSZ/1,PSZ/1,Údržba,160,Somet,14016459,2,2007-03-22 00:00:00,2010-04-01 00:00:00,,3,1106,1106,99999
44946,112.11,,V 31,,,150,Somet,,2,2000-10-06 00:00:00,2003-10-17 00:00:00,2003-10-17 00:00:00,,1106,0,184
45282,112.11,D,V 29,,,250,,,2,2003-03-25 00:00:00,2006-04-04 00:00:00,,,1106,1106,99999
1003953,112.12,A,GQF-3,GQF-3,Kvalita,150,TESA,,5,2010-06-10 00:00:00,2019-05-30 00:00:00,2013-06-19 00:00:00,3,1105,0,1097
301018,112.11,,VR Výdejna,,,40,,,2,2002-06-21 00:00:00,2005-06-30 00:00:00,,3,1105,1105,99999
3111035,112.12,D,V270,,,150,Insize,,2,2020-08-26 00:00:00,2023-09-05 00:00:00,2023-09-05 00:00:00,4,1105,0,1085
41371,112.11,D,V 10,PSW-F,Obrábění,160,Somet,,2,2002-01-25 00:00:00,2005-02-03 00:00:00,,3,1105,1105,99999
44868,112.11,B,V 31,PSW-T,TK,150,Somet,,2,2003-02-18 00:00:00,2006-02-27 00:00:00,,4,1105,1105,99999
1012755,112.12,C,PSZ/3,PSZ/3,Údržba,300,,,5,2013-05-24 00:00:00,2019-09-18 00:00:00,2016-06-01 00:00:00,3,1104,0,1166
1013390,112.11,D,PSZ/3,PSZ/3,Obrábění,300,Somet,,5,2013-05-24 00:00:00,2022-07-21 00:00:00,2016-06-01 00:00:00,3,1104,0,1113
3113459,112.11,D,PSZ/3,PSZ/3,Obrábění,800,,,2,2021-06-16 00:00:00,2024-06-24 00:00:00,,3,1104,1104,99999
38440,112.11,D,V 29,,,160,Somet,,2,2001-01-04 00:00:00,2004-01-13 00:00:00,,,1104,1104,99999
1015814,112.11,D,PSZ/3,PSZ/3,Obrábění,160,,,2,2013-09-09 00:00:00,2016-09-16 00:00:00,2016-09-16 00:00:00,3,1103,0,1101
300965,112.11,,VR Výdejna,,,150,Somet,,2,2002-06-17 00:00:00,2005-06-23 00:00:00,,3,1102,1102,99999
1025545,112.12,C,PSZ/3,PSZ/3,Údržba,300,Mitutoyo,500,2,2016-06-08 00:00:00,2019-06-14 00:00:00,2019-06-14 00:00:00,3,1101,0,1093
301314,112.11,,VR Výdejna,,,150,Somet,,2,2002-06-24 00:00:00,2005-06-29 00:00:00,,3,1101,1101,99999
3113942,112.12,D,V 22,PKG,Hutě,300,Insize,1112-300,3,2021-08-16 00:00:00,2024-08-21 00:00:00,,1,1101,1101,99999
44745,112.11,D,V 31,PSW-P,Obrábění,150,China,,2,2003-03-25 00:00:00,2006-03-30 00:00:00,,4,1101,1101,99999
45234,112.12,,V 31,,,150,Mitutoyo,500,2,2002-10-14 00:00:00,2005-10-19 00:00:00,,,1101,1101,99999
46266,112.12,D,V 22,,,160,Somet,,2,2003-09-29 00:00:00,2006-10-04 00:00:00,,2,1101,1101,99999
1012745,112.11,D,PSZ/3,PSZ/3,Obrábění,300,,,4,2012-09-25 00:00:00,2018-10-16 00:00:00,2015-09-30 00:00:00,3,1100,0,921
1013075,112.12,D,PSZ/3,,,150,,,2,2013-04-16 00:00:00,2016-04-20 00:00:00,,3,1100,1100,99999
1030258,112.11,B,SE,,,150,KS TOOLS,,2,2017-10-16 00:00:00,2020-10-20 00:00:00,,3,1100,1100,99999
1030259,112.11,B,SE,,,160,Kinex,,2,2017-10-16 00:00:00,2020-10-20 00:00:00,,3,1100,1100,99999
300951,112.11,,VR Výdejna,,,150,Somet,,2,2002-06-20 00:00:00,2005-06-24 00:00:00,,3,1100,1100,99999
301313,112.11,,VR Výdejna,,,150,Somet,,2,2002-06-24 00:00:00,2005-06-28 00:00:00,,3,1100,1100,99999
38714,112.11,D,V 29,,,150,China,,2,2002-04-15 00:00:00,2005-04-19 00:00:00,,,1100,1100,99999
44826,112.11,D,V 31,PSW-P,Obrábění,120,VIK,,2,2003-02-24 00:00:00,2006-02-28 00:00:00,,4,1100,1100,99999
44947,112.11,,V 31,,,150,Somet,,2,2003-01-23 00:00:00,2006-01-27 00:00:00,,,1100,1100,99999
1012667,112.11,D,PSZ/3,PSZ/3,Obrábění,160,,,2,2013-04-16 00:00:00,2016-04-19 00:00:00,2016-04-19 00:00:00,3,1099,0,1123
3109536,112.12,D,VR/PKD/31,PKD/13,Hutě,150,Mahr,16EWRi,3,2020-02-24 00:00:00,2023-02-27 00:00:00,,1,1099,1099,99999
1012375,112.11,D,PSZ/3,PSZ/3,Obrábění,160,,,2,2011-11-16 00:00:00,2014-11-18 00:00:00,2014-11-18 00:00:00,3,1098,0,623
1012378,112.11,C,PSZ/3,PSZ/3,Údržba,160,,,2,2011-11-16 00:00:00,2014-11-18 00:00:00,,3,1098,1098,99999
1012380,112.11,C,PSZ/3,PSZ/3,Údržba,160,,,5,2011-11-16 00:00:00,2020-12-11 00:00:00,2014-11-18 00:00:00,3,1098,0,623
1012637,112.11,D,PSZ/3,PSZ/3,Obrábění,160,,,2,2011-11-16 00:00:00,2014-11-18 00:00:00,2014-11-18 00:00:00,3,1098,0,605
1012638,112.11,D,PSZ/3,PSZ/3,Obrábění,160,,,2,2011-11-16 00:00:00,2014-11-18 00:00:00,2014-11-18 00:00:00,3,1098,0,605
41385,112.11,C,V 10,PAP,Montáž,160,Somet,,2,2001-01-11 00:00:00,2004-01-14 00:00:00,,3,1098,1098,99999
44957,112.11,B,V 31,PSW-S,Vedení,150,,,2,2003-03-21 00:00:00,2006-03-23 00:00:00,,4,1098,1098,99999
45296,112.11,,V 31,,,,,,6,2000-09-12 00:00:00,2014-10-22 00:00:00,2003-09-15 00:00:00,4,1098,0,122
45099,112.11,,V 31,,,160,Somet,,2,2000-10-13 00:00:00,2003-10-15 00:00:00,,,1097,1097,99999
1007017,112.12,D,V 22,,,,Mitutoyo,551,4,2011-09-15 00:00:00,2017-01-23 00:00:00,2014-09-15 00:00:00,2,1096,0,1104
42374,112.11,D,V 29,,,160,Somet,,2,2002-09-30 00:00:00,2005-09-30 00:00:00,,,1096,1096,99999
3113710,112.12,D,V 22,PKH,Obrábění,150,Insize,1112-150,3,2021-07-26 00:00:00,2024-07-25 00:00:00,,1,1095,1095,99999
45100,112.11,,V 31,,,160,Somet,,2,2002-02-01 00:00:00,2005-01-31 00:00:00,2005-01-31 00:00:00,,1095,0,643
41716,112.12,D,V 10,,,150,Somet,,2,2001-10-02 00:00:00,2004-09-30 00:00:00,,3,1094,1094,99999
44945,112.11,,V 31,,,150,Somet,,2,2002-02-11 00:00:00,2005-02-09 00:00:00,2005-02-09 00:00:00,,1094,0,665
1003187,112.12,D,V 22,,,300,Somet,,3,2010-01-21 00:00:00,2013-01-18 00:00:00,2013-01-18 00:00:00,1,1093,676,1085
1012642,112.11,D,PSZ/3,PSZ/3,Obrábění,150,,,2,2012-02-20 00:00:00,2015-02-17 00:00:00,2015-02-17 00:00:00,3,1093,0,696
1012648,112.11,D,PSZ/3,,,150,,,2,2012-03-13 00:00:00,2015-03-11 00:00:00,,3,1093,1093,99999
1012649,112.11,C,PSZ/3,PSZ/3,Údržba,150,,,2,2012-03-13 00:00:00,2015-03-11 00:00:00,2015-03-11 00:00:00,3,1093,0,718
1012676,112.12,D,PSZ/3,PSZ/3,Obrábění,150,,,2,2013-04-30 00:00:00,2016-04-27 00:00:00,,3,1093,1093,99999
1016648,112.11,C,PSZ/3,PSZ/3,Údržba,150,,,2,2012-03-13 00:00:00,2015-03-11 00:00:00,,3,1093,1093,99999
201582,112.12,C,V160,,,150,Mitutoyo,500,2,2003-12-15 00:00:00,2006-12-12 00:00:00,,4,1093,1093,99999
301013,112.11,,VR Výdejna,,,150,,,2,2002-06-19 00:00:00,2005-06-16 00:00:00,,3,1093,1093,99999
44933,112.11,,V 31,,,150,,,2,2003-02-19 00:00:00,2006-02-16 00:00:00,,,1093,1093,99999
1016729,112.12,C,PSZ/3,PSZ/3,Údržba,300,,,2,2013-11-19 00:00:00,2016-11-15 00:00:00,,3,1092,1092,99999
1024688,112.12,D,V 22,,,150,MITAKO,907,6,2016-02-11 00:00:00,2020-12-15 00:00:00,2019-02-07 00:00:00,1,1092,932,1064
306632,112.12,B,V 10,PSW-S,Vedení,300,Somet,14030459,2,2006-01-30 00:00:00,2009-01-26 00:00:00,,4,1092,1092,99999
1012852,112.11,C,PSZ/3,PSZ/3,Údržba,600,,,2,2011-03-09 00:00:00,2014-03-04 00:00:00,,3,1091,1091,99999
41321,112.11,D,V 29,,,160,Somet,,2,2002-08-09 00:00:00,2005-08-04 00:00:00,,0,1091,1091,99999
41324,112.11,C,V 10,PAP,Montáž,160,Somet,,2,2002-08-09 00:00:00,2005-08-03 00:00:00,,3,1090,1090,99999
41326,112.11,C,V 10,PAP,Montáž,160,Somet,,2,2002-08-09 00:00:00,2005-08-03 00:00:00,,3,1090,1090,99999
1007347,112.12,D,V 22,,,150,,,13,2011-10-13 00:00:00,2021-06-29 00:00:00,2014-10-06 00:00:00,1,1089,693,1081
41447,112.11,D,V 10,PSW-F,Obrábění,300,VIS,,5,1999-10-15 00:00:00,2009-10-19 00:00:00,2002-10-08 00:00:00,4,1089,0,25
45327,112.11,D,V 29,,,400,Somet,,2,2003-02-17 00:00:00,2006-02-10 00:00:00,,,1089,1089,99999
1009011,112.12,D,V 22,,,300,Mitutoyo,551,6,2012-04-20 00:00:00,2015-04-13 00:00:00,,1,1088,1088,99999
300975,112.11,,VR Výdejna,,,150,Somet,,2,2002-06-21 00:00:00,2005-06-13 00:00:00,,3,1088,1088,99999
307928,112.11,B,V 10,PSW-S,Vedení,160,Somet,11016511,2,2006-09-26 00:00:00,2009-09-18 00:00:00,,4,1088,1088,99999
38473,112.11,D,V 29,,,250,Somet,,2,2002-09-17 00:00:00,2005-09-09 00:00:00,,,1088,1088,99999
44830,112.11,,V 31,,,120,,,3,2003-01-17 00:00:00,2006-01-27 00:00:00,2006-01-09 00:00:00,,1088,0,1008
24583,112.12,D,V 22,,,150,Samson,,3,2001-05-09 00:00:00,2004-04-30 00:00:00,2004-04-30 00:00:00,2,1087,744,1681
41429,112.11,D,V 10,,,300,VIS,,2,2001-03-26 00:00:00,2004-03-17 00:00:00,,3,1087,1087,99999
44464,112.11,D,V 31,PSW-P,Obrábění,150,,,2,2003-02-25 00:00:00,2006-02-16 00:00:00,,4,1087,1087,99999
45352,112.11,,V 31,,,750,Mitutoyo,,2,2003-01-29 00:00:00,2006-01-20 00:00:00,,,1087,1087,99999
41210,112.11,D,V 10,PSW-F,Obrábění,150,Kinex,,2,1999-09-20 00:00:00,2002-09-10 00:00:00,,3,1086,1086,99999
1012712,112.12,D,PSZ/3,,,150,,,2,2013-01-23 00:00:00,2016-01-13 00:00:00,2016-01-13 00:00:00,3,1085,0,1026
1013175,112.11,D,PSZ/3,,,150,Mitutoyo,,2,2013-04-30 00:00:00,2016-04-19 00:00:00,2016-04-19 00:00:00,3,1085,0,1092
41258,112.11,C,V 10,PSW-F,Montáž,150,Hommel,,2,2002-03-04 00:00:00,2005-02-21 00:00:00,2005-02-21 00:00:00,3,1085,0,900
44999,112.11,,V 31,,,150,Somet,,2,2001-05-28 00:00:00,2004-05-17 00:00:00,,,1085,1085,99999
41363,112.11,C,V 10,PSW-F,Montáž,160,Somet,,2,2002-02-15 00:00:00,2005-02-03 00:00:00,,3,1084,1084,99999
44485,112.11,D,V 29,,,1500,Massi,,2,2003-02-21 00:00:00,2006-02-09 00:00:00,,,1084,1084,99999
38667,112.11,D,V 29,,,150,China,,4,2002-03-21 00:00:00,2009-02-24 00:00:00,2005-03-08 00:00:00,4,1083,0,1023
202452,112.12,C,V160,,,150,Mitutoyo,500,2,2004-06-07 00:00:00,2007-05-25 00:00:00,2007-05-25 00:00:00,4,1082,0,1032
42348,112.11,,V 31,,,160,Somet,,2,2002-09-30 00:00:00,2005-09-16 00:00:00,,,1082,1082,99999
42382,112.11,D,V 10,PSW-F,Obrábění,160,Somet,,2,2002-09-30 00:00:00,2005-09-16 00:00:00,,4,1082,1082,99999
44860,112.11,D,V 31,PSW-P,Obrábění,150,Somet,,5,2003-01-23 00:00:00,2010-02-15 00:00:00,2006-01-09 00:00:00,4,1082,0,1007
41719,112.12,C,V 10,PSW-F,Montáž,150,Somet,,2,2001-10-02 00:00:00,2004-09-17 00:00:00,,3,1081,1081,99999
1017309,112.12,D,PSZ/3,,,150,,,3,2013-12-09 00:00:00,2016-11-23 00:00:00,,3,1080,1080,99999
44927,112.11,,V 31,,,150,Somet,,2,2002-04-30 00:00:00,2005-04-14 00:00:00,,,1080,1080,99999
44974,112.11,,V 31,,,150,,,2,2003-02-25 00:00:00,2006-02-09 00:00:00,,,1080,1080,99999
3108801,112.12,D,PSZ/3,PSZ/3,Obrábění,300,Mitutoyo,,3,2019-10-30 00:00:00,2022-12-19 00:00:00,2022-10-13 00:00:00,3,1079,0,1060
38462,112.11,D,V 29,,,160,Somet,,2,2002-03-20 00:00:00,2005-03-03 00:00:00,,,1079,1079,99999
1012655,112.11,D,PSZ/3,,,160,,,2,2012-09-11 00:00:00,2015-08-25 00:00:00,2015-08-25 00:00:00,3,1078,0,885
3109424,112.12,B,PSW-T,PSW-T,TK,200,Filletta,,2,2020-01-27 00:00:00,2023-01-09 00:00:00,,3,1078,1078,99999
41236,112.11,C,V 10,PSW-F,Montáž,150,Mitutoyo,530,2,1999-09-27 00:00:00,2002-09-09 00:00:00,,3,1078,1078,99999
41325,112.11,D,V 10,,,160,Somet,,2,2002-08-09 00:00:00,2005-07-21 00:00:00,,3,1077,1077,99999
41381,112.11,C,V 10,PSW-F,Montáž,160,,,2,2000-05-24 00:00:00,2003-05-06 00:00:00,,3,1077,1077,99999
41547,112.11,C,V 10,PSW-F,Montáž,160,Somet,,3,2002-08-09 00:00:00,2005-08-31 00:00:00,2005-07-21 00:00:00,,1077,0,1038
41552,112.11,C,V 10,PSW-F,Montáž,160,Somet,,5,2002-08-09 00:00:00,2013-07-03 00:00:00,2005-07-21 00:00:00,4,1077,0,1038
44856,112.11,,V 31,,,150,Somet,,2,2003-01-23 00:00:00,2006-01-04 00:00:00,,,1077,1077,99999
1001857,112.12,D,V 22,,,150,Somet,907,4,2009-05-06 00:00:00,2012-04-16 00:00:00,,1,1076,1076,99999
1010715,112.12,D,V 22,PKH,Obrábění,150,MITAKO,907,12,2012-09-13 00:00:00,2025-01-13 00:00:00,2015-08-25 00:00:00,1,1076,539,1064
45013,112.11,,V 31,,,150,Somet,,2,2001-09-20 00:00:00,2004-08-31 00:00:00,,,1076,1076,99999
41243,112.11,D,V 10,,,150,Somet,,2,2001-05-31 00:00:00,2004-05-10 00:00:00,,,1075,1075,99999
41250,112.11,D,V 10,,,150,Somet,,2,2001-05-31 00:00:00,2004-05-10 00:00:00,,4,1075,1075,99999
45287,112.11,D,V 29,,,250,,,2,2003-03-21 00:00:00,2006-02-28 00:00:00,,,1075,1075,99999
41203,112.11,C,V 10,PSW-T,Údržba,150,Kinex,,2,2001-06-01 00:00:00,2004-05-10 00:00:00,2004-05-10 00:00:00,3,1074,0,614
45289,112.11,,V 31,,,250,Somet,,2,2003-01-27 00:00:00,2006-01-05 00:00:00,,,1074,1074,99999
46006,112.12,D,V 10,PSW-F,Obrábění,200,Somet,,3,2003-08-12 00:00:00,2006-07-21 00:00:00,,4,1074,1074,99999
311367,112.12,D,V 22,,,150,,907,5,2008-07-29 00:00:00,2013-02-20 00:00:00,2011-07-07 00:00:00,1,1073,673,1050
1012696,112.12,D,PSZ/3,PSZ/3,Obrábění,150,,,5,2011-03-22 00:00:00,2020-05-11 00:00:00,2014-02-26 00:00:00,3,1072,0,340
1012894,112.12,C,PSZ/3,PSZ/3,Údržba,150,Somet,,3,2011-03-22 00:00:00,2014-04-10 00:00:00,2014-02-26 00:00:00,3,1072,0,333
41328,112.12,C,V 10,PSW-F,Montáž,160,Somet,,3,2002-08-08 00:00:00,2005-07-15 00:00:00,,4,1072,1072,99999
45012,112.11,D,V 31,PSW-P,Obrábění,150,Somet,,2,2003-02-19 00:00:00,2006-01-26 00:00:00,,4,1072,1072,99999
45096,112.11,,V 31,,,160,Somet,,2,2001-09-11 00:00:00,2004-08-18 00:00:00,,,1072,1072,99999
1029156,112.12,A,GQG-2/3,GQG-2,Kvalita,150,,16EX,2,2017-05-22 00:00:00,2020-04-27 00:00:00,,6,1071,1071,99999
309428,112.12,D,V 22,,,200,Somet,907,2,2007-08-23 00:00:00,2010-07-28 00:00:00,,2,1070,1070,99999
36748,112.11,D,V 22,,,200,China,,2,2001-11-21 00:00:00,2004-10-26 00:00:00,,3,1070,1070,99999
45092,112.11,,V 31,,,160,Somet,,2,2001-09-11 00:00:00,2004-08-16 00:00:00,2004-08-16 00:00:00,,1070,0,475
1029977,112.12,C,V160,PFO-P/31,Údržba,150,Kinex,,2,2017-09-06 00:00:00,2020-08-10 00:00:00,,4,1069,1069,99999
44937,112.11,D,V 31,PSW-P,Obrábění,150,Somet,,2,2003-03-27 00:00:00,2006-02-28 00:00:00,,4,1069,1069,99999
44962,112.11,,V 31,,,150,,,2,2002-04-25 00:00:00,2005-03-29 00:00:00,,,1069,1069,99999
42394,112.11,,V 31,,,160,Somet,,2,2002-09-30 00:00:00,2005-09-02 00:00:00,,,1068,1068,99999
41245,112.11,C,V 10,PAP,Montáž,150,Somet,,2,2001-06-08 00:00:00,2004-05-10 00:00:00,,3,1067,1067,99999
1003654,112.12,D,V 22,,,150,Somet,907,12,2010-04-26 00:00:00,2019-06-26 00:00:00,2013-03-27 00:00:00,1,1066,512,1059
3114269,112.12,D,V270,,,150,Insize,,2,2021-10-18 00:00:00,2024-09-18 00:00:00,2024-09-18 00:00:00,4,1066,0,1042
3114551,112.12,D,V 22,PKG,Hutě,150,Insize,1112-150,3,2021-12-15 00:00:00,2024-11-15 00:00:00,,1,1066,1066,99999
3114560,112.12,D,V 22,PKG,Hutě,150,Insize,1112-150,3,2021-12-15 00:00:00,2024-11-15 00:00:00,,1,1066,1066,99999
3114553,112.12,D,V 22,PKG,Hutě,150,Insize,1112-150,3,2021-12-15 00:00:00,2024-11-14 00:00:00,,1,1065,1065,99999
41687,112.12,D,V 10,PSW-F,Obrábění,150,Hommel,,8,2001-04-05 00:00:00,2018-06-20 00:00:00,2004-03-05 00:00:00,4,1065,0,528
42375,112.11,D,V 29,,,160,Somet,,2,2002-09-30 00:00:00,2005-08-29 00:00:00,,,1064,1064,99999
42384,112.11,D,V 29,,,160,Somet,,2,2002-09-30 00:00:00,2005-08-29 00:00:00,,,1064,1064,99999
41684,112.12,D,V 10,,,150,Somet,,3,2001-03-22 00:00:00,2004-02-17 00:00:00,,3,1062,1062,99999
1006917,112.11,D,V 22,,,150,Somet,11016551,3,2011-08-23 00:00:00,2014-07-17 00:00:00,,2,1059,1059,99999
47159,112.12,D,V 22,,,200,Somet,,3,2004-03-08 00:00:00,2007-01-31 00:00:00,,2,1059,1059,99999
16081,112.11,D,V 22,,,200,China,,2,2000-06-29 00:00:00,2003-05-23 00:00:00,,,1058,1058,99999
45015,112.11,,V 31,,,150,Somet,,2,2001-08-23 00:00:00,2004-07-16 00:00:00,,,1058,1058,99999
46530,112.11,D,V 22,,,160,Somet,,3,2003-11-10 00:00:00,2006-10-03 00:00:00,,2,1058,1058,99999
27287,112.11,D,V 22,,,250,Somet,,3,2000-03-01 00:00:00,2003-01-22 00:00:00,2003-01-22 00:00:00,1,1057,401,1057
41221,112.11,C,V 10,PAP,Montáž,150,Kinex,,2,2002-08-15 00:00:00,2005-07-07 00:00:00,,3,1057,1057,99999
45079,112.11,,V 31,,,160,Somet,,2,2002-08-09 00:00:00,2005-07-01 00:00:00,,4,1057,1057,99999
3114710,112.12,C,V 22,PKT/21,Údržba,300,Mitutoyo,500,2,2021-12-03 00:00:00,2024-10-24 00:00:00,,2,1056,1056,99999
3115734,112.12,C,V160,,,150,Insize,,2,2022-02-23 00:00:00,2025-01-13 00:00:00,,4,1055,1055,99999
1007448,112.12,B,V 22,PKT/1,TK,150,Mitutoyo,573,7,2011-10-21 00:00:00,2023-10-16 00:00:00,2014-09-09 00:00:00,2,1054,0,1048
46092,112.11,D,V 10,PSW-F,Obrábění,250,,,2,2003-09-02 00:00:00,2006-07-20 00:00:00,2006-07-20 00:00:00,3,1052,0,1052
1015173,112.12,D,V 22,PKG,Hutě,150,Schut,906,11,2013-09-12 00:00:00,2024-06-05 00:00:00,2016-07-28 00:00:00,1,1050,529,1080
1001764,112.12,D,V 22,,,200,Mitutoyo,551,12,2009-04-16 00:00:00,2020-06-22 00:00:00,2012-02-29 00:00:00,1,1049,683,1031
1023920,112.12,D,V 22,PKG,Hutě,150,Schut,906,8,2015-10-22 00:00:00,2023-11-29 00:00:00,2018-09-05 00:00:00,1,1049,658,1021
33300,112.12,D,V 22,,,300,Somet,,2,2001-02-01 00:00:00,2003-12-17 00:00:00,2003-12-17 00:00:00,2,1049,0,1049
45031,112.11,,V 31,,,150,Somet,,2,2003-03-27 00:00:00,2006-02-07 00:00:00,,,1048,1048,99999
46492,112.11,D,V 29,,,400,Somet,,2,2001-06-01 00:00:00,2004-04-13 00:00:00,,3,1047,1047,99999
1042997,112.12,C,M6,PKT/4,Údržba,150,MITAKO,907,6,2018-02-09 00:00:00,2024-10-16 00:00:00,2020-12-21 00:00:00,3,1046,0,1039
305029,112.11,C,V180,,,160,Somet,,2,2005-04-01 00:00:00,2008-02-11 00:00:00,,6,1046,1046,99999
41524,112.11,C,V 10,PSW-F,Montáž,150,Kinex,,5,2002-09-09 00:00:00,2011-05-05 00:00:00,2005-07-21 00:00:00,4,1046,0,1038
1024146,112.12,D,V 22,,,150,Schut,906,9,2015-12-08 00:00:00,2023-11-29 00:00:00,2018-10-18 00:00:00,1,1045,679,1039
41406,112.11,D,V 10,,,160,Somet,,2,2002-03-27 00:00:00,2005-02-03 00:00:00,,3,1044,1044,99999
45102,112.11,,V 31,,,160,Somet,,2,2001-01-04 00:00:00,2003-11-14 00:00:00,2003-11-14 00:00:00,,1044,0,199
1027078,112.12,D,PSZ/3,PSZ/3,Obrábění,150,Mitutoyo,500,2,2016-10-18 00:00:00,2019-08-27 00:00:00,2019-08-27 00:00:00,3,1043,0,1027
1028102,112.12,D,V 22,,,150,Schut,906,9,2017-01-16 00:00:00,2025-03-03 00:00:00,2019-11-25 00:00:00,1,1043,668,1033
1028327,112.12,C,M6,,,150,MITAKO,907,4,2017-02-08 00:00:00,2020-02-10 00:00:00,2019-12-18 00:00:00,1,1043,385,1037
29820,112.12,D,V 22,,,160,Somet,,4,2000-07-11 00:00:00,2003-05-20 00:00:00,,3,1043,1043,99999
1027506,112.12,D,V 22,,,150,MITAKO,907,2,2016-12-07 00:00:00,2019-10-15 00:00:00,,1,1042,1042,99999
44617,112.11,,V 31,,,160,Somet,,2,2002-08-09 00:00:00,2005-06-16 00:00:00,,,1042,1042,99999
1018273,112.12,D,V 22,,,150,,907,6,2014-03-27 00:00:00,2018-08-10 00:00:00,2017-01-31 00:00:00,1,1041,629,1036
309429,112.12,D,V 22,,,200,Somet,907,3,2007-08-23 00:00:00,2010-06-29 00:00:00,,1,1041,1041,99999
41316,112.11,D,V 29,,,160,Somet,,2,2002-08-09 00:00:00,2005-06-13 00:00:00,2005-06-13 00:00:00,,1039,0,1008
3107337,112.12,C,M6,PKH,Montáž,150,MITAKO,907,6,2019-06-04 00:00:00,2025-03-20 00:00:00,2022-04-06 00:00:00,1,1037,566,1022
14876,112.11,D,V 22,,,150,Somet,,4,2000-01-06 00:00:00,2002-11-06 00:00:00,,,1035,1035,99999
44929,112.11,,V 31,,,150,Somet,,2,2001-08-29 00:00:00,2004-06-29 00:00:00,,,1035,1035,99999
37359,112.12,D,V 22,,,150,Mitutoyo,,2,2002-02-04 00:00:00,2004-12-03 00:00:00,,2,1033,1033,99999
1005974,112.11,D,V 22,,,160,,11016551,7,2011-04-15 00:00:00,2021-08-18 00:00:00,2014-02-10 00:00:00,2,1032,0,1029
14788,112.11,D,V 22,,,150,Somet,,2,2000-01-14 00:00:00,2002-11-08 00:00:00,,2,1029,1029,99999
1023833,112.12,D,V 22,,,150,MITAKO,907,2,2015-10-09 00:00:00,2018-07-30 00:00:00,,1,1025,1025,99999
40364,112.11,D,V 29,,,160,Somet,,2,2001-09-11 00:00:00,2004-07-02 00:00:00,,,1025,1025,99999
1042902,112.12,D,VR/PKD/31,PKD/11,Obrábění,150,Mitutoyo,500,7,2017-10-26 00:00:00,2024-12-09 00:00:00,2020-08-14 00:00:00,1,1023,613,926
28408,112.12,D,V 22,,,150,Somet,,3,2000-04-27 00:00:00,2003-02-14 00:00:00,,2,1023,1023,99999
41402,112.11,D,V 10,PSW-F,Obrábění,160,Somet,,2,2001-09-11 00:00:00,2004-06-30 00:00:00,,,1023,1023,99999
1028120,112.12,C,V 22,PKG,Údržba,300,TESA,,2,2017-01-16 00:00:00,2019-11-04 00:00:00,,3,1022,1022,99999
1028576,112.12,C,M6,,,300,MITAKO,907,2,2017-03-02 00:00:00,2019-12-18 00:00:00,2019-12-18 00:00:00,1,1021,0,1008
311455,112.12,D,V 10,PSW-F,Obrábění,300,,,2,2008-08-28 00:00:00,2011-06-14 00:00:00,2011-06-14 00:00:00,4,1020,0,1008
3113721,112.12,D,V 22,,,150,MITAKO,907,4,2021-07-26 00:00:00,2024-09-10 00:00:00,2024-05-09 00:00:00,1,1018,472,1014
42138,112.12,D,V 22,,,160,Somet,,3,2002-09-27 00:00:00,2005-07-11 00:00:00,2005-07-11 00:00:00,2,1018,151,1001
46541,112.11,D,V 22,,,160,Somet,,2,2003-11-10 00:00:00,2006-08-24 00:00:00,,2,1018,1018,99999
35494,112.12,D,V 22,,,150,Somet,,3,2001-07-18 00:00:00,2004-04-30 00:00:00,,2,1017,1017,99999
1001946,112.12,C,M6,,,150,,,3,2009-05-22 00:00:00,2012-02-29 00:00:00,,1,1013,1013,99999
1006088,112.12,D,V 22,,,150,Schut,906,3,2011-04-21 00:00:00,2014-06-06 00:00:00,2014-01-28 00:00:00,2,1013,0,995
1021631,112.12,C,M6,,,150,,907,5,2015-03-09 00:00:00,2019-03-14 00:00:00,2017-12-14 00:00:00,1,1011,483,1001
1013184,112.12,D,V 22,,,150,MITAKO,907,3,2013-04-16 00:00:00,2016-01-21 00:00:00,,1,1010,1010,99999
1013652,112.11,C,M6,,,200,Mitutoyo,505,3,2013-05-27 00:00:00,2016-03-02 00:00:00,,1,1010,1010,99999
1043319,112.11,C,PSZ/3,PSZ/3,Údržba,150,Kinex,,2,2018-08-05 00:00:00,2021-05-11 00:00:00,,3,1010,1010,99999
46005,112.12,D,V 29,,,200,Somet,,2,2003-08-12 00:00:00,2006-05-18 00:00:00,,4,1010,1010,99999
1023931,112.12,D,V 22,,,150,Schut,906,4,2015-10-22 00:00:00,2018-07-26 00:00:00,,1,1008,1008,99999
308286,112.12,C,M6,,,160,Somet,14016458,2,2007-01-09 00:00:00,2009-10-13 00:00:00,,2,1008,1008,99999
41399,112.11,C,V 10,PSW-F,Montáž,160,Somet,,2,2001-09-11 00:00:00,2004-06-15 00:00:00,,3,1008,1008,99999
1021190,112.12,D,V 22,,,150,MITAKO,907,3,2015-02-10 00:00:00,2017-11-13 00:00:00,,1,1007,1007,99999
3116614,112.12,D,V270,,,150,Insize,,2,2022-10-18 00:00:00,2025-07-21 00:00:00,,4,1007,1007,99999
1001647,112.12,C,M6,,,150,,,3,2009-04-06 00:00:00,2012-01-05 00:00:00,2012-01-05 00:00:00,1,1004,605,1000
1001654,112.12,C,M6,,,150,,,3,2009-04-07 00:00:00,2012-01-05 00:00:00,,1,1003,1003,99999
3114557,112.12,D,V 22,PKH,Obrábění,150,Insize,1112-150,2,2021-12-15 00:00:00,2024-09-12 00:00:00,,1,1002,1002,99999
38404,112.11,D,V 29,,,150,Hommel,,3,2001-05-16 00:00:00,2004-02-12 00:00:00,,,1002,1002,99999
1024139,112.12,D,V 22,,,150,Schut,906,10,2015-12-08 00:00:00,2025-03-03 00:00:00,2018-09-04 00:00:00,1,1001,547,995
1018470,112.12,D,V 22,,,200,MITAKO,907,5,2014-04-10 00:00:00,2018-01-17 00:00:00,2017-01-04 00:00:00,1,1000,0,987
1024143,112.12,D,V 22,PKG,Hutě,150,Schut,906,9,2015-12-08 00:00:00,2024-06-05 00:00:00,2018-09-03 00:00:00,1,1000,618,994
1009728,112.12,C,M6,,,150,MITAKO,907,3,2012-06-13 00:00:00,2015-03-09 00:00:00,,1,999,999,99999
41208,112.11,C,V 10,PSW-F,Montáž,150,Kinex,,5,2001-09-20 00:00:00,2012-06-05 00:00:00,2004-06-14 00:00:00,4,998,0,649
200531,112.11,C,VA30,,,150,Somet,,2,2002-12-11 00:00:00,2005-09-02 00:00:00,2005-09-02 00:00:00,2,996,0,539
1001725,112.12,D,V270,,,150,,,2,2009-04-14 00:00:00,2012-01-04 00:00:00,,4,995,995,99999
1042900,112.12,D,VR/PKD/31,PKD/13,Hutě,150,Mitutoyo,500,3,2017-10-26 00:00:00,2020-07-16 00:00:00,,1,994,994,99999
28384,112.12,D,V 22,,,150,Somet,,3,2000-04-27 00:00:00,2003-01-13 00:00:00,2003-01-13 00:00:00,1,991,538,992
44833,112.11,D,V 31,PSW-P,Obrábění,120,,,5,2003-01-17 00:00:00,2011-08-10 00:00:00,2005-10-03 00:00:00,4,990,0,910
45991,112.12,D,V 29,,,160,Somet,,2,2003-08-12 00:00:00,2006-04-28 00:00:00,,,990,990,99999
1022033,112.11,D,V 29,,,160,Somet,,2,2012-09-18 00:00:00,2015-06-02 00:00:00,,4,987,987,99999
1042899,112.12,D,VR/PKD/31,PKD/12,Obrábění,150,Mitutoyo,500,6,2017-10-26 00:00:00,2024-08-08 00:00:00,2020-07-07 00:00:00,1,985,476,888
44936,112.11,,V 31,,,150,Somet,,2,2002-10-30 00:00:00,2005-07-11 00:00:00,2005-07-11 00:00:00,,985,0,817
1020002,112.12,D,V 22,PKG,Hutě,150,MITAKO,907,9,2014-09-15 00:00:00,2025-03-07 00:00:00,2017-05-26 00:00:00,1,984,0,969
1002260,112.12,D,V 22,,,200,Somet,907,5,2009-07-29 00:00:00,2016-04-27 00:00:00,2012-04-06 00:00:00,1,982,0,973
41277,112.11,D,V 10,PSW-F,Obrábění,150,,,3,2001-10-24 00:00:00,2004-07-02 00:00:00,,3,982,982,99999
1043263,112.12,D,V 22,,,150,MITAKO,907,6,2017-12-20 00:00:00,2024-05-07 00:00:00,2020-08-27 00:00:00,1,981,611,889
1016945,112.12,D,VR/PKD/31,PKD/12,Obrábění,150,Mitutoyo,500,2,2013-07-11 00:00:00,2016-03-17 00:00:00,,1,980,980,99999
311371,112.12,D,V 22,,,300,,907,3,2008-07-29 00:00:00,2011-04-04 00:00:00,,1,979,979,99999
1008545,112.11,D,V 22,,,160,Somet,11016551,3,2012-02-03 00:00:00,2015-02-04 00:00:00,2014-10-08 00:00:00,1,978,0,937
45109,112.11,,V 31,,,160,Somet,,2,2001-01-04 00:00:00,2003-09-08 00:00:00,2003-09-08 00:00:00,,977,0,132
1014581,112.12,D,V 22,,,200,MITAKO,907,8,2013-06-18 00:00:00,2023-02-03 00:00:00,2016-02-19 00:00:00,2,976,0,962
305578,112.12,D,V 29,,,160,Somet,14016458,3,2005-09-27 00:00:00,2008-05-29 00:00:00,,4,975,975,99999
3116239,112.12,D,V 22,,,150,Insize,1112-150,3,2022-09-05 00:00:00,2025-05-07 00:00:00,,1,975,975,99999
3115977,112.12,C,V 22,PKP,Montáž,750,Mitutoyo,551,3,2022-06-28 00:00:00,2025-02-26 00:00:00,,1,974,974,99999
3116240,112.12,D,V 22,,,150,Insize,1112-150,3,2022-09-05 00:00:00,2025-05-06 00:00:00,,1,974,974,99999
3116248,112.12,D,V 22,,,150,Insize,1112-150,3,2022-09-05 00:00:00,2025-05-06 00:00:00,,1,974,974,99999
3116254,112.12,B,V 22,PKM,Vedení,150,Insize,1112-150,2,2022-09-05 00:00:00,2025-05-06 00:00:00,,4,974,974,99999
3116255,112.12,D,V 22,,,150,Insize,1112-150,3,2022-09-05 00:00:00,2025-05-06 00:00:00,,1,974,974,99999
310790,112.12,D,V 22,,,300,Somet,14030459,3,2008-04-04 00:00:00,2010-12-03 00:00:00,2010-12-03 00:00:00,1,973,578,967
1005308,112.11,D,V 22,,,160,Somet,11016551,5,2011-01-07 00:00:00,2016-03-08 00:00:00,2013-09-04 00:00:00,2,971,146,959
1024689,112.12,B,V 22,PKG,"Technologie, konstrukce",150,MITAKO,907,7,2016-02-11 00:00:00,2023-11-14 00:00:00,2018-10-09 00:00:00,3,971,419,943
311822,112.12,D,V 22,,,200,,907,2,2008-10-31 00:00:00,2011-06-29 00:00:00,,1,971,971,99999
25346,112.12,D,V 22,,,150,Samson,,4,2001-04-20 00:00:00,2003-12-15 00:00:00,2003-12-15 00:00:00,2,969,690,1537
1022181,112.12,D,V 22,,,150,MITAKO,907,7,2015-05-26 00:00:00,2021-03-22 00:00:00,2018-01-17 00:00:00,1,967,562,966
43270,112.12,D,V 10,,,200,Mitutoyo,,3,2002-09-26 00:00:00,2005-05-20 00:00:00,2005-05-20 00:00:00,2,967,631,904
44247,112.12,C,M6,,,160,Somet,,3,2003-01-24 00:00:00,2005-09-16 00:00:00,,2,966,966,99999
3105851,112.12,D,V 22,,,150,Insize,1112-150,4,2018-11-30 00:00:00,2021-11-08 00:00:00,2021-07-20 00:00:00,1,963,558,950
27431,112.12,D,V 22,,,150,Somet,,3,2000-03-17 00:00:00,2002-11-04 00:00:00,,2,962,962,99999
3112401,112.12,B,VR/PKD/33,PKD/3,TK,150,Mahr,,2,2021-01-29 00:00:00,2023-09-18 00:00:00,,2,962,962,99999
1002894,112.12,C,M6,,,150,,,2,2009-11-11 00:00:00,2012-06-29 00:00:00,2012-06-29 00:00:00,2,961,0,945
41713,112.12,C,V 10,PAP,Montáž,150,,S225,3,2002-09-09 00:00:00,2005-04-26 00:00:00,,2,960,960,99999
1023692,112.12,D,V270,,,150,Insize,,2,2015-10-02 00:00:00,2018-05-18 00:00:00,,4,959,959,99999
1028107,112.12,D,V 22,,,150,Schut,906,3,2017-01-16 00:00:00,2019-11-06 00:00:00,2019-09-02 00:00:00,1,959,0,949
305492,112.11,D,V 10,PSW-F,Obrábění,160,Somet,,3,2005-09-05 00:00:00,2008-04-21 00:00:00,,4,959,959,99999
44746,112.11,,V 31,,,160,Somet,,2,2003-03-21 00:00:00,2005-11-04 00:00:00,,,959,959,99999
1043483,112.12,D,V 22,,,150,Insize,1108-150,3,2018-04-26 00:00:00,2020-12-09 00:00:00,,1,958,958,99999
311980,112.12,C,V 10,PSW-F,Montáž,200,,,2,2008-12-04 00:00:00,2011-07-19 00:00:00,,4,957,957,99999
16860,112.11,D,V 22,,,150,Mitutoyo,536,3,2000-01-19 00:00:00,2002-08-30 00:00:00,,1,954,954,99999
1027528,112.12,D,V 22,,,300,MITAKO,907,3,2016-12-07 00:00:00,2019-09-24 00:00:00,2019-07-18 00:00:00,1,953,0,948
38596,112.11,D,V 29,,,150,,,2,2000-03-07 00:00:00,2002-10-14 00:00:00,,,951,951,99999
302913,112.12,D,V 22,,,160,Somet,14016458,3,2005-03-31 00:00:00,2007-11-06 00:00:00,,2,950,950,99999
3113461,112.11,B,V 29,PSW-T,Sklad,150,KMITEX,,2,2021-06-17 00:00:00,2024-01-23 00:00:00,2024-01-23 00:00:00,4,950,0,938
3113462,112.11,B,V 29,PSW-T,Sklad,150,KMITEX,,3,2021-06-17 00:00:00,2024-03-13 00:00:00,2024-01-23 00:00:00,4,950,0,938
3113478,112.11,B,V 29,PSW-T,Sklad,150,KMITEX,,2,2021-06-17 00:00:00,2024-01-23 00:00:00,2024-01-23 00:00:00,4,950,0,937
3113491,112.11,B,V 29,PSW-T,Sklad,150,KMITEX,,2,2021-06-17 00:00:00,2024-01-23 00:00:00,,4,950,950,99999
306379,112.12,D,V 22,,,160,Somet,14016458,3,2005-12-05 00:00:00,2008-07-09 00:00:00,2008-07-09 00:00:00,1,947,793,936
1019083,112.12,D,VR/PKD/31,PKD/12,Obrábění,150,Mitutoyo,,2,2014-06-18 00:00:00,2017-01-19 00:00:00,,1,946,946,99999
1020004,112.12,D,V 22,,,150,MITAKO,907,3,2014-09-15 00:00:00,2017-04-12 00:00:00,,1,940,940,99999
1028323,112.12,C,M6,PKH,Montáž,150,MITAKO,907,6,2017-02-08 00:00:00,2025-01-16 00:00:00,2019-09-04 00:00:00,1,938,546,932
1007941,112.12,D,V 22,,,150,Somet,907,3,2012-01-06 00:00:00,2014-10-03 00:00:00,2014-07-31 00:00:00,1,937,0,927
45973,112.11,D,V 10,,,400,,,2,2003-07-09 00:00:00,2006-01-31 00:00:00,,3,937,937,99999
304472,112.12,C,M6,,,160,Somet,,3,2005-06-16 00:00:00,2008-01-08 00:00:00,2008-01-08 00:00:00,1,936,453,925
1021200,112.12,D,V 22,PKG,Hutě,150,MITAKO,907,11,2015-02-16 00:00:00,2024-06-06 00:00:00,2017-09-08 00:00:00,1,935,541,932
1002812,112.12,C,M6,,,150,,,3,2009-11-05 00:00:00,2012-05-25 00:00:00,2012-05-25 00:00:00,1,932,517,927
1006085,112.12,D,V 22,,,150,Schut,906,3,2011-04-21 00:00:00,2013-11-08 00:00:00,2013-11-08 00:00:00,2,932,845,914
311185,112.12,D,V 22,,,150,Somet,907,4,2008-06-17 00:00:00,2011-01-05 00:00:00,2011-01-05 00:00:00,1,932,777,918
46017,112.12,D,V 29,,,300,Somet,,2,2003-08-12 00:00:00,2006-03-01 00:00:00,,,932,932,99999
1022177,112.12,D,V 22,,,150,MITAKO,907,8,2015-05-26 00:00:00,2024-05-09 00:00:00,2017-12-12 00:00:00,1,931,511,930
3107333,112.12,C,M6,,,150,MITAKO,907,3,2019-06-04 00:00:00,2021-12-21 00:00:00,2021-12-21 00:00:00,1,931,553,916
46001,112.12,D,V 29,,,160,Somet,,3,2003-08-12 00:00:00,2006-02-28 00:00:00,,,931,931,99999
1009840,112.12,D,VR/PKD/31,PKD/12,Obrábění,150,,,9,2011-12-13 00:00:00,2024-08-21 00:00:00,2014-06-30 00:00:00,1,930,0,748
15035,112.12,D,V 22,,,150,HHW,,3,2000-03-24 00:00:00,2002-10-10 00:00:00,2002-10-10 00:00:00,,930,740,1431
3113545,112.11,B,V 29,PSW-T,Sklad,150,KMITEX,,2,2021-07-08 00:00:00,2024-01-24 00:00:00,2024-01-24 00:00:00,4,930,0,926
3113543,112.11,B,V 29,PSW-T,Sklad,150,KMITEX,,2,2021-07-08 00:00:00,2024-01-23 00:00:00,2024-01-23 00:00:00,4,929,0,928
3113544,112.11,B,V 29,PSW-T,Sklad,150,KMITEX,,2,2021-07-08 00:00:00,2024-01-23 00:00:00,2024-01-23 00:00:00,4,929,0,928
3115038,112.12,D,V 22,,,150,MITAKO,907,4,2022-02-21 00:00:00,2025-03-07 00:00:00,2024-09-05 00:00:00,1,927,484,923
1028973,112.12,D,V 22,,,300,Mitutoyo,500,2,2017-04-12 00:00:00,2019-10-25 00:00:00,2019-10-25 00:00:00,2,926,0,906
1030555,112.12,D,V 22,,,150,MITAKO,907,3,2017-10-31 00:00:00,2020-05-14 00:00:00,,1,926,926,99999
3116252,112.12,B,V 22,PKT/1,TK,150,Insize,1112-150,3,2022-09-05 00:00:00,2025-03-17 00:00:00,,1,924,924,99999
3116256,112.12,D,V 22,PKM,Obrábění,150,Insize,1112-150,2,2022-09-05 00:00:00,2025-03-17 00:00:00,,2,924,924,99999
3116663,112.12,D,V 22,PKH,Obrábění,150,Insize,1112-150,2,2022-10-25 00:00:00,2025-05-06 00:00:00,,2,924,924,99999
1023890,112.12,D,V 22,,,150,Schut,906,7,2015-11-10 00:00:00,2021-06-29 00:00:00,2018-05-16 00:00:00,1,918,0,916
306378,112.12,D,V 22,,,160,Somet,14016458,2,2005-12-05 00:00:00,2008-06-10 00:00:00,,2,918,918,99999
1012656,112.11,D,PSZ/3,PSZ/3,Obrábění,150,,,2,2013-03-27 00:00:00,2015-09-30 00:00:00,,3,917,917,99999
1023839,112.12,D,V 22,,,150,MITAKO,907,6,2015-10-09 00:00:00,2021-08-24 00:00:00,2018-04-13 00:00:00,1,917,529,886
25929,112.12,D,V 22,,,200,Somet,,3,1999-11-04 00:00:00,2002-05-09 00:00:00,,2,917,917,99999
3112840,112.12,D,V 22,,,150,MITAKO,907,5,2021-03-16 00:00:00,2025-06-23 00:00:00,2023-09-19 00:00:00,1,917,472,881
42004,112.11,B,V 29,PSW-S,Vedení,150,,,8,2002-08-19 00:00:00,2013-02-04 00:00:00,2005-02-21 00:00:00,4,917,637,868
45243,112.12,,V 31,,,150,HHW,,3,2003-02-04 00:00:00,2005-08-09 00:00:00,2005-08-09 00:00:00,,917,764,819
15008,112.11,D,V 22,,,150,Somet,,4,2000-10-05 00:00:00,2003-04-08 00:00:00,,2,915,915,99999
28388,112.12,C,M6,,,150,Somet,,2,2000-04-27 00:00:00,2002-10-29 00:00:00,2002-10-29 00:00:00,3,915,0,915
3115739,112.12,D,V 10,PSW-F,Obrábění,150,Somet,,3,2022-04-21 00:00:00,2024-10-21 00:00:00,2024-10-21 00:00:00,4,914,756,889
1006105,112.12,D,V 22,,,150,MITAKO,907,3,2011-05-03 00:00:00,2013-10-31 00:00:00,,1,912,912,99999
47406,112.12,D,V 29,,,160,Somet,,3,2004-04-06 00:00:00,2006-10-05 00:00:00,,,912,912,99999
1027530,112.12,D,V 22,,,300,MITAKO,907,4,2016-12-07 00:00:00,2019-09-24 00:00:00,2019-06-06 00:00:00,1,911,512,906
3114562,112.12,D,V 22,PKH,Obrábění,150,Insize,1112-150,3,2021-12-15 00:00:00,2024-06-13 00:00:00,,1,911,911,99999
1002758,112.12,D,V 22,,,150,Somet,907,8,2009-10-23 00:00:00,2025-03-07 00:00:00,2012-04-20 00:00:00,4,910,473,893
1043256,112.12,D,V 22,,,150,MITAKO,907,3,2017-12-20 00:00:00,2020-06-17 00:00:00,2020-06-17 00:00:00,1,910,558,818
47629,112.12,B,V 10,PSW-T,Sklad,300,Somet,,8,2004-04-26 00:00:00,2023-05-26 00:00:00,2006-10-23 00:00:00,4,910,0,892
1002746,112.12,D,V 29,PSW-V,Obrábění,200,Mitutoyo,,2,2009-10-21 00:00:00,2012-04-16 00:00:00,2012-04-16 00:00:00,4,908,0,889
1008554,112.11,D,V 22,,,160,Somet,11016611,2,2012-02-29 00:00:00,2014-08-25 00:00:00,,4,908,908,99999
3116247,112.12,D,V 22,,,150,Insize,1112-150,3,2022-09-05 00:00:00,2025-02-24 00:00:00,,1,903,903,99999
1005403,112.12,D,V 22,,,150,Schut,906,3,2011-01-14 00:00:00,2013-07-04 00:00:00,2013-07-04 00:00:00,1,902,515,888
1005404,112.12,D,V 22,,,150,Schut,906,3,2011-01-14 00:00:00,2013-07-04 00:00:00,2013-07-04 00:00:00,1,902,515,888
1022155,112.11,D,V 22,,,160,Somet,11016611,2,2015-05-26 00:00:00,2017-11-13 00:00:00,,4,902,902,99999
33315,112.12,D,V 22,,,300,Somet,,2,2001-01-18 00:00:00,2003-07-09 00:00:00,,2,902,902,99999
1005402,112.12,D,V 22,,,150,Schut,906,3,2011-01-14 00:00:00,2013-07-03 00:00:00,2013-07-03 00:00:00,1,901,515,887
1030724,112.12,C,M6,,,150,MITAKO,907,3,2017-11-16 00:00:00,2020-05-05 00:00:00,,1,901,901,99999
305465,112.12,C,M6,,,160,Somet,14016458,4,2005-09-16 00:00:00,2008-03-05 00:00:00,2008-03-05 00:00:00,1,901,811,890
41724,112.12,D,V 10,PSW-F,Obrábění,200,,,5,2002-05-27 00:00:00,2010-11-11 00:00:00,2004-11-12 00:00:00,4,900,0,779
1002091,112.12,D,V 22,,,300,Somet,907,3,2009-06-23 00:00:00,2011-12-09 00:00:00,,1,899,899,99999
1011765,112.12,C,M6,,,150,MITAKO,907,3,2012-12-19 00:00:00,2015-06-05 00:00:00,,1,898,898,99999
307804,112.11,C,V180,,,150,Somet,,3,2005-11-30 00:00:00,2008-05-15 00:00:00,2008-05-15 00:00:00,6,897,600,615
3114540,112.12,D,V 22,PKG,Hutě,150,MITAKO,907,3,2021-12-15 00:00:00,2024-05-30 00:00:00,,1,897,897,99999
38430,112.11,D,V 29,,,160,Somet,,2,2000-10-13 00:00:00,2003-03-28 00:00:00,,,896,896,99999
1011762,112.12,C,M6,,,150,MITAKO,907,4,2012-12-19 00:00:00,2015-07-30 00:00:00,2015-06-02 00:00:00,1,895,518,867
1018078,112.11,D,V270,,,160,Somet,,2,2014-02-27 00:00:00,2016-08-09 00:00:00,2016-08-09 00:00:00,6,894,0,888
307103,112.12,D,V 29,,,200,Mitutoyo,500,4,2006-04-11 00:00:00,2008-09-19 00:00:00,,4,892,892,99999
308855,112.12,D,V270,,,150,Mahr,4102403,2,2007-03-27 00:00:00,2009-09-04 00:00:00,,4,892,892,99999
3114019,112.12,B,V 22,PKT/1,TK,200,Mahr,16EWR,3,2021-08-24 00:00:00,2024-06-06 00:00:00,2024-02-02 00:00:00,2,892,0,862
301068,112.12,,VR Výdejna,,,150,Mitutoyo,,2,2003-01-22 00:00:00,2005-06-30 00:00:00,,3,890,890,99999
309422,112.12,D,V 22,,,160,Somet,14016459,3,2007-07-31 00:00:00,2010-01-06 00:00:00,,1,890,890,99999
1020006,112.12,D,V 22,,,150,MITAKO,907,5,2014-09-15 00:00:00,2018-08-02 00:00:00,2017-02-20 00:00:00,1,889,511,874
42144,112.12,D,V 22,,,160,Somet,,3,2002-09-27 00:00:00,2005-03-03 00:00:00,2005-03-03 00:00:00,2,888,193,871
48191,112.12,,V 31,,,160,Somet,14016458,3,2004-10-07 00:00:00,2007-03-13 00:00:00,,,887,887,99999
3106326,112.12,C,V180,,,200,,,2,2019-02-07 00:00:00,2021-07-12 00:00:00,2021-07-12 00:00:00,4,886,0,878
1028099,112.12,D,V 22,,,150,Schut,906,5,2017-01-16 00:00:00,2021-03-17 00:00:00,2019-06-20 00:00:00,1,885,515,875
1028101,112.12,D,V 22,,,150,Schut,906,6,2017-01-16 00:00:00,2021-06-29 00:00:00,2019-06-20 00:00:00,1,885,528,875
1014579,112.12,D,V 22,,,300,MITAKO,907,9,2013-06-18 00:00:00,2022-03-01 00:00:00,2015-11-19 00:00:00,1,884,0,870
1003925,112.12,D,V 22,PKH,Obrábění,150,,907,8,2010-06-07 00:00:00,2023-09-20 00:00:00,2012-11-06 00:00:00,2,883,0,875
1005904,112.12,D,V 22,,,100,,1111-100,2,2011-03-22 00:00:00,2013-08-21 00:00:00,,1,883,883,99999
1026773,112.12,D,V 22,,,300,Mitutoyo,551,3,2016-10-11 00:00:00,2019-03-13 00:00:00,,1,883,883,99999
28386,112.12,D,V 22,,,150,Somet,,3,2000-04-27 00:00:00,2002-09-27 00:00:00,,2,883,883,99999
3112587,112.12,C,V 22,PKG,Údržba,300,MITAKO,907,3,2021-03-17 00:00:00,2024-01-11 00:00:00,2023-08-17 00:00:00,2,883,0,875
14775,112.11,D,V 22,,,150,China,,3,2000-11-07 00:00:00,2003-04-08 00:00:00,,1,882,882,99999
47420,112.12,C,M6,,,160,Somet,14016458,3,2004-04-07 00:00:00,2006-09-06 00:00:00,,1,882,882,99999
45994,112.12,C,V 10,PSW-F,Montáž,160,Somet,,5,2003-08-12 00:00:00,2011-04-27 00:00:00,2006-01-09 00:00:00,4,881,0,871
1005316,112.11,D,V 22,,,160,Somet,11016611,6,2011-01-07 00:00:00,2019-05-23 00:00:00,2013-06-05 00:00:00,3,880,0,868
302929,112.11,D,V 22,,,160,Somet,,3,2005-03-31 00:00:00,2007-08-28 00:00:00,,1,880,880,99999
35556,112.12,D,V 22,,,200,Somet,,3,2001-07-18 00:00:00,2003-12-15 00:00:00,2003-12-15 00:00:00,2,880,299,854
32204,112.11,D,V 22,,,160,Somet,,3,2000-11-10 00:00:00,2003-04-08 00:00:00,,2,879,879,99999
1019991,112.12,D,V 22,,,150,Schut,906,2,2014-09-23 00:00:00,2017-02-17 00:00:00,,1,878,878,99999
3113715,112.12,C,V 22,PKT/4,Údržba,150,Insize,1112-150,3,2021-07-26 00:00:00,2023-12-21 00:00:00,,4,878,878,99999
46531,112.11,D,V 22,,,160,Somet,,2,2003-11-10 00:00:00,2006-04-05 00:00:00,,1,877,877,99999
45985,112.12,D,V 31,PSW-P,Obrábění,160,Somet,,5,2003-08-12 00:00:00,2007-03-28 00:00:00,2006-01-04 00:00:00,4,876,114,866
47419,112.12,C,M6,,,160,Somet,,3,2004-04-07 00:00:00,2006-08-31 00:00:00,,1,876,876,99999
1007352,112.12,C,M6,,,150,,,3,2011-10-13 00:00:00,2014-03-04 00:00:00,2014-03-04 00:00:00,1,873,448,865
200581,112.11,C,VA30,,,200,,,2,2002-11-01 00:00:00,2005-03-23 00:00:00,2005-03-23 00:00:00,2,873,0,366
1005408,112.12,D,V 22,PKG,Hutě,150,Schut,906,12,2011-01-14 00:00:00,2023-11-29 00:00:00,2013-06-04 00:00:00,1,872,0,858
15006,112.11,D,V 22,,,150,Somet,,3,2000-04-18 00:00:00,2002-09-05 00:00:00,,1,870,870,99999
1017905,112.12,D,V 22,,,150,,907,3,2014-02-12 00:00:00,2016-06-30 00:00:00,,1,869,869,99999
17108,112.11,D,V 22,,,160,BOS Teplice,,3,2000-04-03 00:00:00,2002-08-20 00:00:00,,2,869,869,99999
27740,112.11,D,V 22,,,160,Somet,,3,2000-04-03 00:00:00,2002-08-20 00:00:00,,2,869,869,99999
310367,112.12,D,V270,,,150,,14015459,2,2008-02-04 00:00:00,2010-06-22 00:00:00,2010-06-22 00:00:00,4,869,0,865
1002029,112.12,D,V 22,,,150,Somet,907,3,2009-06-02 00:00:00,2011-10-18 00:00:00,,1,868,868,99999
1005407,112.12,D,V 22,,,150,Schut,906,2,2011-01-14 00:00:00,2013-05-31 00:00:00,,1,868,868,99999
3114128,112.12,A,GQG-3,GQG-3,Kvalita,300,Insize,,2,2021-06-11 00:00:00,2023-10-24 00:00:00,,2,865,865,99999
3115059,112.12,D,M6,PKM,Obrábění,150,MITAKO,907,3,2022-02-11 00:00:00,2024-06-25 00:00:00,,1,865,865,99999
3116664,112.12,C,V 22,PKT/4,Údržba,150,Insize,1112-150,2,2022-10-25 00:00:00,2025-03-07 00:00:00,,4,864,864,99999
47627,112.12,D,V 22,,,300,Somet,,2,2004-04-26 00:00:00,2006-09-07 00:00:00,,2,864,864,99999
1003368,112.11,D,V 22,,,160,Somet,,9,2010-02-16 00:00:00,2018-08-03 00:00:00,2012-06-28 00:00:00,2,863,499,854
3116930,112.12,D,V 29,PSW-V,Obrábění,200,Somet,,2,2022-11-22 00:00:00,2025-04-02 00:00:00,,4,862,862,99999
1023835,112.12,D,V 22,,,150,MITAKO,907,4,2015-10-09 00:00:00,2021-04-19 00:00:00,2018-02-16 00:00:00,1,861,0,830
302983,112.12,C,M6,,,160,Somet,14016458,2,2005-04-21 00:00:00,2007-08-30 00:00:00,,2,861,861,99999
3116781,112.12,C,M6,,,150,MITAKO,907,2,2022-11-10 00:00:00,2025-03-20 00:00:00,2025-03-20 00:00:00,2,861,0,847
43343,112.12,D,V 22,,,160,Somet,,2,2002-11-15 00:00:00,2005-03-23 00:00:00,,2,859,859,99999
26546,112.11,D,V 22,,,150,,,3,2000-01-12 00:00:00,2002-05-16 00:00:00,2002-05-16 00:00:00,,855,394,856
306597,112.12,D,V 22,,,300,Somet,,3,2006-01-30 00:00:00,2008-06-03 00:00:00,2008-06-03 00:00:00,2,855,10,851
3117102,112.12,B,EM,,,200,Mitutoyo,500,3,2022-12-21 00:00:00,2025-04-24 00:00:00,,2,855,855,99999
3112786,112.12,B,V 22,PKT/1,TK,150,Mahr,16ER,3,2021-04-14 00:00:00,2023-08-16 00:00:00,,1,854,854,99999
1016925,112.11,D,V 22,,,160,Somet,11016611,3,2013-11-13 00:00:00,2016-03-15 00:00:00,2016-03-15 00:00:00,1,853,429,852
1027893,112.12,D,V 22,,,150,,,2,2017-01-04 00:00:00,2019-05-06 00:00:00,,1,852,852,99999
3116175,112.12,D,V 10,PSW-F,Obrábění,150,Somet,,2,2022-08-12 00:00:00,2024-12-10 00:00:00,,4,851,851,99999
1003642,112.12,D,V 22,PKG,Hutě,150,,907,11,2010-04-20 00:00:00,2025-06-24 00:00:00,2012-08-17 00:00:00,5,850,372,837
1028095,112.12,D,V 22,,,150,Schut,906,4,2017-01-16 00:00:00,2019-09-24 00:00:00,2019-05-16 00:00:00,1,850,486,840
1004960,112.11,D,V 22,,,,,,4,2010-11-15 00:00:00,2016-09-23 00:00:00,2013-03-11 00:00:00,2,847,0,857
1027509,112.12,D,V 22,,,150,MITAKO,907,3,2016-12-07 00:00:00,2019-04-03 00:00:00,,1,847,847,99999
1007349,112.12,C,M6,,,150,,,13,2011-10-13 00:00:00,2024-02-21 00:00:00,2014-02-05 00:00:00,1,846,448,838
310390,112.12,C,M6,,,150,Somet,907,2,2008-02-01 00:00:00,2010-05-27 00:00:00,,4,846,846,99999
3112582,112.12,D,V 22,,,150,,907,3,2021-03-17 00:00:00,2023-07-10 00:00:00,2023-07-10 00:00:00,1,845,432,837
47416,112.12,C,M6,,,160,Somet,,3,2004-04-07 00:00:00,2006-07-28 00:00:00,,1,842,842,99999
1021187,112.12,C,M6,,,150,MITAKO,907,3,2015-02-10 00:00:00,2017-05-31 00:00:00,,1,841,841,99999
1003652,112.12,D,V 22,,,150,Somet,907,2,2010-04-26 00:00:00,2012-08-13 00:00:00,2012-08-13 00:00:00,2,840,0,833
1027520,112.12,D,V 22,,,150,MITAKO,907,3,2016-12-07 00:00:00,2019-03-26 00:00:00,,1,839,839,99999
44997,112.11,,V 31,,,150,Somet,,2,2001-03-22 00:00:00,2003-07-09 00:00:00,2003-07-09 00:00:00,,839,0,77
303449,112.12,D,V 22,,,150,Mitutoyo,500,3,2005-05-26 00:00:00,2007-09-11 00:00:00,,1,838,838,99999
309152,112.12,D,V 22,,,160,Somet,907,4,2007-06-20 00:00:00,2009-10-05 00:00:00,,1,838,838,99999
1023843,112.12,D,V 22,,,200,MITAKO,907,3,2015-10-09 00:00:00,2018-04-18 00:00:00,2018-01-23 00:00:00,2,837,0,806
1022182,112.12,D,V 22,,,150,MITAKO,907,3,2015-05-26 00:00:00,2017-09-08 00:00:00,,1,836,836,99999
309957,112.12,D,V 22,,,160,Somet,14016459,3,2007-11-20 00:00:00,2010-03-02 00:00:00,2010-03-02 00:00:00,1,833,443,809
42351,112.11,D,V 29,,,160,Somet,,2,2002-09-30 00:00:00,2005-01-10 00:00:00,2005-01-10 00:00:00,,833,0,812
1006099,112.12,D,V 22,,,150,MITAKO,907,2,2011-05-03 00:00:00,2013-08-12 00:00:00,2013-08-12 00:00:00,2,832,0,826
1017819,112.12,B,EM,,,300,Insize,1114-300,2,2014-02-13 00:00:00,2016-05-25 00:00:00,2016-05-25 00:00:00,2,832,0,835
309785,112.12,B,V 29,PSW-S,Vedení,160,Somet,14016459,2,2007-10-25 00:00:00,2010-02-03 00:00:00,,4,832,832,99999
1023838,112.12,D,V 22,,,150,MITAKO,907,10,2015-10-09 00:00:00,2023-02-03 00:00:00,2018-01-17 00:00:00,1,831,466,800
310377,112.12,C,M6,,,150,,14015459,3,2008-02-01 00:00:00,2010-05-12 00:00:00,,1,831,831,99999
310938,112.12,D,V 22,,,300,Somet,907,3,2008-04-16 00:00:00,2010-07-26 00:00:00,,1,831,831,99999
1028116,112.12,D,V 22,,,300,TESA,00539393,7,2017-01-16 00:00:00,2024-06-06 00:00:00,2019-04-26 00:00:00,1,830,0,820
1030722,112.12,D,M6,PKM,Obrábění,150,MITAKO,907,6,2017-11-16 00:00:00,2023-08-07 00:00:00,2020-02-24 00:00:00,4,830,447,819
306738,112.12,D,V 22,,,300,Somet,14030459,2,2006-02-24 00:00:00,2008-06-03 00:00:00,2008-06-03 00:00:00,2,830,0,817
3115044,112.12,D,V 22,,,150,MITAKO,907,3,2022-02-21 00:00:00,2024-05-31 00:00:00,,1,830,830,99999
309459,112.12,C,M6,,,150,,300.0520,5,2007-09-10 00:00:00,2014-04-01 00:00:00,2009-12-16 00:00:00,2,828,0,828
1006350,112.12,D,V 22,,,300,Mitutoyo,500,6,2011-06-15 00:00:00,2015-03-27 00:00:00,2013-09-19 00:00:00,1,827,341,832
1028103,112.12,D,V 22,PKG,Hutě,150,Schut,906,7,2017-01-16 00:00:00,2023-11-29 00:00:00,2019-04-23 00:00:00,1,827,442,817
17068,112.11,D,V 22,,,160,Somet,,3,2000-11-02 00:00:00,2003-02-07 00:00:00,,1,827,827,99999
32185,112.11,D,V 22,,,160,Somet,,3,2000-11-09 00:00:00,2003-02-14 00:00:00,,2,827,827,99999
1007938,112.12,D,V 22,,,150,Somet,907,3,2012-01-06 00:00:00,2014-04-11 00:00:00,,1,826,826,99999
308036,112.11,D,V 22,,,150,Somet,17015251,2,2006-10-17 00:00:00,2009-01-20 00:00:00,,2,826,826,99999
47616,112.12,D,V 29,,,160,Somet,,2,2004-04-26 00:00:00,2006-07-31 00:00:00,,,826,826,99999
1007643,112.12,C,M6,,,150,,,8,2011-11-16 00:00:00,2018-01-15 00:00:00,2014-02-18 00:00:00,1,825,433,817
17334,112.11,D,V 22,,,150,China,,3,2000-06-29 00:00:00,2002-10-02 00:00:00,,1,825,825,99999
312456,112.12,B,V 29,PSW-S,Vedení,150,,,2,2009-02-10 00:00:00,2011-05-16 00:00:00,,4,825,825,99999
1023832,112.12,D,V 22,,,150,MITAKO,907,2,2015-10-09 00:00:00,2018-01-08 00:00:00,,2,822,822,99999
1019387,112.12,D,V 22,,,150,Schut,906,8,2014-07-14 00:00:00,2019-11-08 00:00:00,2016-10-12 00:00:00,1,821,423,811
1024149,112.12,D,V 22,,,150,Schut,906,8,2015-12-08 00:00:00,2024-09-12 00:00:00,2018-03-08 00:00:00,1,821,0,815
1002453,112.12,D,V 22,,,150,Schut,906,2,2009-09-03 00:00:00,2011-12-02 00:00:00,,1,820,820,99999
1022188,112.12,D,V 22,,,150,MITAKO,907,11,2015-05-26 00:00:00,2025-05-21 00:00:00,2017-08-22 00:00:00,1,819,430,818
3111156,112.12,C,M6,,,150,MITAKO,907,5,2020-09-25 00:00:00,2024-03-26 00:00:00,2022-12-23 00:00:00,1,819,347,812
3113645,112.12,B,V 22,PKT/1,TK,300,Mitutoyo,500,2,2021-07-21 00:00:00,2023-10-17 00:00:00,,2,818,818,99999
3116865,112.12,B,V 22,PKT/1,TK,150,Schut,906,3,2022-11-29 00:00:00,2025-07-01 00:00:00,2025-02-24 00:00:00,2,818,0,816
3116866,112.12,B,V 22,PKT/1,TK,150,Schut,906,2,2022-11-29 00:00:00,2025-02-24 00:00:00,,2,818,818,99999
15942,112.11,D,V 22,,,150,Smiec,,2,2001-11-30 00:00:00,2004-02-23 00:00:00,,2,815,815,99999
1019379,112.12,D,V 22,,,150,Schut,906,3,2014-07-14 00:00:00,2016-10-05 00:00:00,,1,814,814,99999
304829,112.12,A,GQG-2/2,,,150,,,3,2007-08-21 00:00:00,2009-11-12 00:00:00,2009-11-12 00:00:00,2,814,6,1542
1002456,112.12,D,V 22,,,150,Somet,,3,2009-09-10 00:00:00,2011-12-02 00:00:00,,1,813,813,99999
1030726,112.12,C,M6,,,150,MITAKO,907,3,2017-11-16 00:00:00,2020-02-07 00:00:00,2020-02-07 00:00:00,1,813,414,802
306383,112.12,D,V 22,,,160,Somet,14016458,3,2005-12-05 00:00:00,2008-02-26 00:00:00,2008-02-26 00:00:00,2,813,786,802
3116787,112.12,C,M6,,,150,MITAKO,907,3,2022-11-10 00:00:00,2025-01-31 00:00:00,2025-01-31 00:00:00,1,813,460,799
1007650,112.12,C,M6,,,150,,,15,2011-11-16 00:00:00,2025-02-25 00:00:00,2014-02-05 00:00:00,1,812,439,804
1008058,112.12,D,V 22,,,150,,,8,2012-01-26 00:00:00,2018-08-31 00:00:00,2014-04-17 00:00:00,4,812,0,808
1012217,112.12,D,VR/PKD/31,,,150,FACOM,,2,2013-02-20 00:00:00,2015-05-13 00:00:00,2015-05-13 00:00:00,1,812,0,817
3111286,112.12,D,VR/PKD/31,PKD/3,Obrábění,150,Mitutoyo,500,2,2019-09-09 00:00:00,2021-11-29 00:00:00,,5,812,812,99999
3114495,112.12,A,GQD-2,GQD,Kvalita,150,Mitutoyo,,2,2021-09-13 00:00:00,2023-12-04 00:00:00,,3,812,812,99999
3114497,112.12,A,GQD-2,GQD,Kvalita,150,Mitutoyo,,2,2021-09-13 00:00:00,2023-12-04 00:00:00,,3,812,812,99999
46018,112.12,D,V 10,PSW-F,Obrábění,300,Somet,,6,2003-08-12 00:00:00,2012-07-11 00:00:00,2005-11-01 00:00:00,4,812,0,802
24801,112.11,D,V 22,,,160,Somet,,3,2000-07-13 00:00:00,2002-10-02 00:00:00,,1,811,811,99999
39704,112.11,D,V 29,,,200,Mitutoyo,536,4,2001-03-16 00:00:00,2005-05-12 00:00:00,2003-06-04 00:00:00,,810,0,351
1007937,112.12,D,V 22,PKG,Hutě,150,Somet,907,14,2012-01-06 00:00:00,2024-09-11 00:00:00,2014-03-25 00:00:00,1,809,425,799
1023935,112.12,B,V 22,PKT/1,TK,150,Schut,906,8,2015-10-22 00:00:00,2025-03-04 00:00:00,2018-01-08 00:00:00,2,809,0,781
1001756,112.12,D,V 22,,,150,Somet,907,3,2009-04-21 00:00:00,2011-07-08 00:00:00,,1,808,808,99999
1028685,112.12,D,V 22,,,,Mitutoyo,551,3,2017-02-21 00:00:00,2019-05-10 00:00:00,2019-05-10 00:00:00,1,808,423,774
310565,112.12,D,V 31,PSW-P,Obrábění,150,Vogel,,2,2008-02-22 00:00:00,2010-05-10 00:00:00,,4,808,808,99999
3112853,112.11,D,V 22,,,150,KMITEX,6000,2,2021-03-16 00:00:00,2023-06-02 00:00:00,,1,808,808,99999
3114482,112.12,A,GQD-2,,,150,Mitutoyo,,2,2021-09-17 00:00:00,2023-12-04 00:00:00,,3,808,808,99999
3114496,112.12,A,GQD-2,GQD,Kvalita,150,Mitutoyo,,2,2021-09-17 00:00:00,2023-12-04 00:00:00,,3,808,808,99999
3114498,112.12,A,GQD-2,GQD,Kvalita,150,Mitutoyo,,2,2021-09-17 00:00:00,2023-12-04 00:00:00,,3,808,808,99999
39424,112.11,D,V 29,,,150,China,,2,2002-10-25 00:00:00,2005-01-10 00:00:00,2005-01-10 00:00:00,,808,0,943
312507,112.12,D,V 29,PSW-V,Obrábění,150,,,2,2009-02-10 00:00:00,2011-04-27 00:00:00,,4,806,806,99999
32188,112.11,D,V 22,,,160,Somet,,3,2000-11-09 00:00:00,2003-01-24 00:00:00,2003-01-24 00:00:00,,806,487,806
47615,112.12,,V 31,,,160,Somet,,2,2004-04-26 00:00:00,2006-07-11 00:00:00,,,806,806,99999
1028575,112.12,C,M6,,,300,MITAKO,907,2,2017-03-02 00:00:00,2019-05-16 00:00:00,2019-05-16 00:00:00,1,805,0,792
3117656,112.12,C,M6,PKH,Montáž,150,MITAKO,907,3,2023-03-06 00:00:00,2025-05-19 00:00:00,,1,805,805,99999
42174,112.12,D,V 29,,,160,Somet,,2,2002-10-01 00:00:00,2004-12-14 00:00:00,,,805,805,99999
1019980,112.12,D,V 22,,,150,Schut,906,5,2014-09-23 00:00:00,2018-04-09 00:00:00,2016-12-05 00:00:00,1,804,429,798
1021778,112.12,B,EM,,,200,Mitutoyo,500,2,2015-04-16 00:00:00,2017-06-28 00:00:00,,2,804,804,99999
1043354,112.12,D,VR/PKD/31,PKD/11,Obrábění,150,Mahr,,2,2018-03-13 00:00:00,2020-05-25 00:00:00,,1,804,804,99999
203002,112.12,D,V270,,,150,Somet,,2,2004-01-13 00:00:00,2006-03-27 00:00:00,2006-03-27 00:00:00,4,804,0,556
1023263,112.12,D,V 22,PKG,Hutě,150,Schut,906,10,2015-09-30 00:00:00,2023-02-03 00:00:00,2017-12-11 00:00:00,1,803,401,802
41305,112.11,D,V 10,,,150,,,2,2001-06-07 00:00:00,2003-08-19 00:00:00,,3,803,803,99999
1030565,112.12,D,V 22,,,150,MITAKO,907,6,2017-10-31 00:00:00,2022-07-29 00:00:00,2020-01-10 00:00:00,1,801,386,795
28442,112.12,D,V 22,,,,Mitutoyo,551,2,2000-05-02 00:00:00,2002-07-12 00:00:00,,2,801,801,99999
1018054,112.12,C,M6,,,150,MITAKO,907,4,2014-02-24 00:00:00,2016-08-25 00:00:00,2016-05-03 00:00:00,1,799,653,792
29376,112.12,D,V 22,,,160,Somet,,3,2000-06-20 00:00:00,2002-08-28 00:00:00,,2,799,799,99999
41474,112.11,D,V 10,PSW-F,Obrábění,300,,,2,2002-10-03 00:00:00,2004-12-10 00:00:00,2004-12-10 00:00:00,2,799,0,816
41680,112.12,D,V 10,PSW-F,Obrábění,150,Hommel,,6,2001-03-01 00:00:00,2011-05-05 00:00:00,2003-05-09 00:00:00,4,799,0,227
27375,112.11,D,V 22,,,160,Somet,,3,2000-03-09 00:00:00,2002-05-16 00:00:00,,2,798,798,99999
311598,112.12,C,M6,,,150,,,3,2008-09-25 00:00:00,2010-12-02 00:00:00,,1,798,798,99999
38728,112.11,D,V 29,,,250,Somet,,2,2002-09-24 00:00:00,2004-11-29 00:00:00,,,797,797,99999
25312,112.12,C,M6,,,150,Samson,,3,2000-09-01 00:00:00,2002-11-06 00:00:00,,,796,796,99999
26779,112.11,C,M6,,,150,Somet,,2,2000-02-04 00:00:00,2002-04-10 00:00:00,,,796,796,99999
33580,112.11,D,V 22,,,160,Somet,,3,2001-02-01 00:00:00,2003-04-08 00:00:00,,2,796,796,99999
38734,112.11,D,V 29,,,400,Somet,,3,2001-01-26 00:00:00,2003-04-15 00:00:00,2003-03-31 00:00:00,,794,0,314
45981,112.12,D,V 22,,,160,Somet,,4,2003-08-12 00:00:00,2005-10-14 00:00:00,2005-10-14 00:00:00,1,794,647,784
1024041,112.12,D,V 22,,,750,Mitutoyo,551,3,2015-11-25 00:00:00,2018-01-26 00:00:00,2018-01-26 00:00:00,1,793,415,787
24692,112.11,D,V 22,,,160,Somet,,3,2000-08-09 00:00:00,2002-10-11 00:00:00,,1,793,793,99999
1029904,112.12,C,VAL,,,150,FACOM,,3,2017-06-21 00:00:00,2019-08-22 00:00:00,,1,792,792,99999
1029908,112.12,C,VAL,,,150,FACOM,,2,2017-06-21 00:00:00,2019-08-22 00:00:00,,2,792,792,99999
3113644,112.12,D,V 22,,,300,Mitutoyo,500,2,2021-07-21 00:00:00,2023-09-21 00:00:00,2023-09-21 00:00:00,2,792,0,787
17109,112.11,D,V 22,,,160,Somet,,3,2000-05-18 00:00:00,2002-07-18 00:00:00,,2,791,791,99999
27436,112.11,D,V 22,,,160,Somet,,3,2000-03-17 00:00:00,2002-05-17 00:00:00,,2,791,791,99999
43253,112.11,D,V 10,,,,,,3,2002-10-08 00:00:00,2005-03-24 00:00:00,2004-12-07 00:00:00,2,791,0,741
33887,112.11,D,V 22,,,160,Somet,,4,2001-03-16 00:00:00,2003-05-14 00:00:00,,3,789,789,99999
47620,112.12,,V 31,,,160,Somet,,3,2004-04-26 00:00:00,2006-06-22 00:00:00,,,787,787,99999
3115957,112.12,A,V 22,GQH-3,Kvalita,150,Insize,1112-150,2,2022-06-13 00:00:00,2024-08-07 00:00:00,,2,786,786,99999
38591,112.11,D,V 29,,,150,Somet,,3,2000-11-20 00:00:00,2003-01-24 00:00:00,2003-01-15 00:00:00,,786,0,244
14851,112.11,D,V 22,,,150,Somet,,3,2000-08-09 00:00:00,2002-10-02 00:00:00,,1,784,784,99999
15875,112.12,B,V 22,PKT/1,TK,150,HHW,,15,2000-03-02 00:00:00,2023-03-20 00:00:00,2002-04-25 00:00:00,3,784,400,1263
3113988,112.12,C,VAL,,,150,FACOM,"270A,",2,2021-10-05 00:00:00,2023-11-28 00:00:00,,2,784,784,99999
3110427,112.12,A,V 22,GQH-3,Kvalita,150,,2154N,4,2020-06-30 00:00:00,2025-05-07 00:00:00,2022-08-22 00:00:00,2,783,0,787
1005767,112.12,A,V 22,GQH-3,Kvalita,150,Somet,907,14,2011-02-17 00:00:00,2024-06-05 00:00:00,2013-04-09 00:00:00,2,782,398,771
3111161,112.12,C,M6,,,150,MITAKO,907,4,2020-09-25 00:00:00,2025-07-25 00:00:00,2022-11-16 00:00:00,2,782,0,775
3111543,112.11,C,V160,,,160,Kinex,,2,2020-11-19 00:00:00,2023-01-10 00:00:00,,6,782,782,99999
311022,112.12,D,V 22,,,150,,14015459,3,2008-05-12 00:00:00,2010-07-02 00:00:00,,2,781,781,99999
28564,112.12,D,V 22,,,150,Somet,,3,2000-05-15 00:00:00,2002-07-04 00:00:00,,2,780,780,99999
39673,112.12,B,PSW-T,PSW-T,TK,150,Mitutoyo,,3,2002-06-17 00:00:00,2004-08-05 00:00:00,,2,780,780,99999
3117260,112.12,B,V 22,PKT/1,TK,300,Mitutoyo,500,2,2023-02-01 00:00:00,2025-03-21 00:00:00,,2,779,779,99999
1003358,112.11,D,V 22,,,160,Somet,,2,2010-02-16 00:00:00,2012-04-04 00:00:00,,2,778,778,99999
14936,112.11,D,V 22,,,150,,,2,2000-03-02 00:00:00,2002-04-19 00:00:00,,2,778,778,99999
26554,112.12,D,V 22,,,150,Somet,,2,2000-09-27 00:00:00,2002-11-14 00:00:00,,2,778,778,99999
31573,112.12,D,V 22,,,150,Somet,,3,2000-10-11 00:00:00,2002-11-28 00:00:00,,2,778,778,99999
38367,112.11,D,V 29,,,150,Somet,,3,2002-10-07 00:00:00,2004-12-08 00:00:00,2004-11-22 00:00:00,2,777,0,924
1002757,112.12,D,V 22,,,150,Somet,907,3,2009-10-23 00:00:00,2011-12-08 00:00:00,,1,776,776,99999
3114501,112.11,A,M6,GQH-1,Kvalita,150,KMITEX,11016551,2,2021-11-23 00:00:00,2024-01-08 00:00:00,,2,776,776,99999
3114502,112.12,A,M6,GQH-1,Kvalita,150,MITAKO,907,2,2021-11-23 00:00:00,2024-01-08 00:00:00,,2,776,776,99999
311585,112.12,D,PSZ/3,,,150,Somet,,7,2008-09-25 00:00:00,2019-07-04 00:00:00,2010-11-10 00:00:00,3,776,0,765
1014679,112.12,D,VR/PKD/31,PKD/12,Obrábění,150,Mitutoyo,,2,2012-12-14 00:00:00,2015-01-28 00:00:00,,1,775,775,99999
1018279,112.12,D,V 22,,,150,,907,2,2014-03-27 00:00:00,2016-05-09 00:00:00,2016-05-09 00:00:00,1,774,0,769
3112663,112.12,C,VAL,,,150,FACOM,"270A,",2,2021-04-16 00:00:00,2023-05-30 00:00:00,,2,774,774,99999
38729,112.11,D,V 29,,,250,Somet,,2,2001-04-30 00:00:00,2003-06-13 00:00:00,,,774,774,99999
311364,112.12,D,V 22,,,150,,907,2,2008-07-29 00:00:00,2010-09-10 00:00:00,,2,773,773,99999
310789,112.11,D,V 22,,,160,Somet,11016651,2,2008-04-02 00:00:00,2010-05-14 00:00:00,,2,772,772,99999
1001701,112.12,D,V 31,PSW-P,Obrábění,150,,,2,2009-04-21 00:00:00,2011-05-31 00:00:00,,4,770,770,99999
41246,112.11,D,V 10,PSW-F,Obrábění,150,Somet,,4,2002-01-09 00:00:00,2004-04-05 00:00:00,2004-02-17 00:00:00,3,769,0,530
38405,112.11,D,V 29,PSW-V,Obrábění,150,Hommel,,6,2001-04-06 00:00:00,2015-01-26 00:00:00,2003-05-14 00:00:00,4,768,0,365
41275,112.11,D,V 10,,,150,,,2,2002-01-10 00:00:00,2004-02-17 00:00:00,,,768,768,99999
45264,112.12,,V 31,,,160,Somet,,2,2002-08-08 00:00:00,2004-09-13 00:00:00,2004-09-13 00:00:00,,767,0,488
1013650,112.11,C,M6,,,200,Mitutoyo,505,3,2013-05-27 00:00:00,2016-01-25 00:00:00,2015-06-30 00:00:00,2,764,0,760
1013651,112.11,C,M6,,,200,Mitutoyo,505,2,2013-05-27 00:00:00,2015-06-30 00:00:00,,2,764,764,99999
1021947,112.12,D,VR/PKD/31,PKD/11,Obrábění,150,Mahr,,3,2015-03-25 00:00:00,2017-04-27 00:00:00,,1,764,764,99999
309843,112.12,D,V 22,,,,Mitutoyo,551,4,2007-10-31 00:00:00,2009-12-03 00:00:00,2009-12-03 00:00:00,1,764,638,745
41501,112.11,D,V 10,PSW-F,Obrábění,300,,,2,2002-01-10 00:00:00,2004-02-13 00:00:00,,3,764,764,99999
1027908,112.12,D,V 22,,,150,,,2,2017-01-04 00:00:00,2019-02-06 00:00:00,2019-02-06 00:00:00,1,763,0,755
302240,112.11,C,V 10,PSW-F,Montáž,160,Somet,,2,2005-01-28 00:00:00,2007-03-01 00:00:00,,4,762,762,99999
3114542,112.12,D,V 22,PKG,Hutě,150,MITAKO,907,3,2021-12-15 00:00:00,2024-06-05 00:00:00,2024-01-16 00:00:00,1,762,0,760
45090,112.11,,V 31,,,160,Somet,,2,2001-09-11 00:00:00,2003-10-13 00:00:00,2003-10-13 00:00:00,,762,0,167
45260,112.12,,V 31,,,150,HHW,,2,2001-06-05 00:00:00,2003-07-07 00:00:00,2003-07-07 00:00:00,,762,0,54
1023238,112.12,D,V 22,,,150,MITAKO,907,11,2015-09-23 00:00:00,2025-05-12 00:00:00,2017-10-23 00:00:00,1,761,385,753
41188,112.11,C,V 10,PSW-T,Údržba,150,,,2,2002-02-06 00:00:00,2004-03-08 00:00:00,,3,761,761,99999
41199,112.11,C,V 10,PSW-F,Montáž,150,,,5,2002-01-17 00:00:00,2012-02-20 00:00:00,2004-02-17 00:00:00,4,761,0,531
41251,112.11,C,V 10,PSW-F,Montáž,150,Somet,,2,2001-05-03 00:00:00,2003-06-03 00:00:00,,3,761,761,99999
1001698,112.12,D,V 31,PSW-P,Obrábění,150,,,2,2009-04-16 00:00:00,2011-05-16 00:00:00,,4,760,760,99999
28395,112.12,D,V 22,,,150,Somet,,3,2000-04-27 00:00:00,2002-05-27 00:00:00,,,760,760,99999
1023236,112.12,D,V 22,,,150,MITAKO,907,5,2015-09-23 00:00:00,2019-11-20 00:00:00,2017-10-20 00:00:00,1,758,384,750
1027527,112.12,D,V 22,PKG,Hutě,200,MITAKO,907,8,2016-12-07 00:00:00,2025-03-18 00:00:00,2019-01-04 00:00:00,1,758,0,753
1027654,112.12,D,V 22,,,150,Schut,906,5,2016-12-14 00:00:00,2020-07-16 00:00:00,2019-01-11 00:00:00,1,758,398,757
16547,112.11,C,M6,,,150,Somet,,2,2000-10-31 00:00:00,2002-11-28 00:00:00,2002-11-28 00:00:00,,758,0,1480
3115728,112.12,C,V160,PFO-P/31,Údržba,150,Insize,,2,2022-02-23 00:00:00,2024-03-22 00:00:00,,4,758,758,99999
38547,112.12,D,V 29,,,150,TESA,,4,2000-11-07 00:00:00,2004-12-14 00:00:00,2002-12-05 00:00:00,,758,0,204
38634,112.11,D,V 29,,,160,Somet,,2,2001-09-11 00:00:00,2003-10-09 00:00:00,,,758,758,99999
1023235,112.12,D,V 22,,,150,MITAKO,907,4,2015-09-23 00:00:00,2018-01-15 00:00:00,2017-10-19 00:00:00,1,757,386,749
200532,112.12,C,VA30,,,200,,,2,2003-10-06 00:00:00,2005-11-01 00:00:00,,2,757,757,99999
200554,112.11,C,VA30,,,150,Somet,,2,2003-10-06 00:00:00,2005-11-01 00:00:00,,2,757,757,99999
200562,112.11,C,VA30,,,150,Somet,,2,2003-10-06 00:00:00,2005-11-01 00:00:00,,2,757,757,99999
200567,112.11,C,VA30,,,150,Somet,,2,2003-10-06 00:00:00,2005-11-01 00:00:00,2005-11-01 00:00:00,2,757,0,757
200569,112.11,C,VA30,,,150,Somet,,2,2003-10-06 00:00:00,2005-11-01 00:00:00,,2,757,757,99999
25336,112.12,D,V 22,,,150,Samson,,2,2000-09-27 00:00:00,2002-10-24 00:00:00,,3,757,757,99999
34116,112.12,C,M6,,,200,Mahr,16EX,2,2001-03-27 00:00:00,2003-04-23 00:00:00,,2,757,757,99999
38470,112.11,D,V 29,,,200,,,2,2001-04-10 00:00:00,2003-05-07 00:00:00,,,757,757,99999
16554,112.11,D,V 22,,,,,,2,2000-03-28 00:00:00,2002-04-23 00:00:00,,1,756,756,99999
28549,112.12,D,V 22,,,150,Hommel,,2,2000-05-12 00:00:00,2002-06-07 00:00:00,,,756,756,99999
30555,112.12,D,V 22,,,150,Hommel,,2,2000-08-24 00:00:00,2002-09-19 00:00:00,,2,756,756,99999
38357,112.11,C,V 29,PSW-T,Údržba,150,Kinex,,2,2001-01-04 00:00:00,2003-01-30 00:00:00,,,756,756,99999
38594,112.11,D,V 29,,,150,Hommel,,2,2001-04-18 00:00:00,2003-05-14 00:00:00,,,756,756,99999
45263,112.12,,V 31,,,150,HHW,,2,2002-01-22 00:00:00,2004-02-17 00:00:00,,,756,756,99999
26780,112.11,D,V 22,,,150,Somet,,2,2000-02-04 00:00:00,2002-02-28 00:00:00,,2,755,755,99999
309791,112.12,D,V 10,PSW-F,Obrábění,160,Somet,14016459,2,2007-10-25 00:00:00,2009-11-18 00:00:00,,4,755,755,99999
48195,112.12,C,V 10,PSW-F,Montáž,160,Somet,14016458,2,2004-10-07 00:00:00,2006-11-01 00:00:00,,2,755,755,99999
302923,112.11,D,V 22,,,160,Somet,,2,2005-03-31 00:00:00,2007-04-24 00:00:00,,1,754,754,99999
36745,112.11,D,V 22,,,150,Somet,,2,2001-11-21 00:00:00,2003-12-15 00:00:00,2003-12-15 00:00:00,,754,0,755
36747,112.11,D,V 22,,,150,Somet,,2,2001-11-21 00:00:00,2003-12-15 00:00:00,2003-12-15 00:00:00,,754,0,755
41193,112.11,C,V 10,PSW-F,Montáž,150,,,2,2002-01-24 00:00:00,2004-02-17 00:00:00,,,754,754,99999
41259,112.11,D,V 10,,,150,,,2,2002-01-24 00:00:00,2004-02-17 00:00:00,,3,754,754,99999
45229,112.12,,V 31,,,150,Mitutoyo,,2,2002-04-12 00:00:00,2004-05-05 00:00:00,,,754,754,99999
15064,112.12,D,V 22,,,150,Hommel,,2,2000-04-10 00:00:00,2002-05-03 00:00:00,,2,753,753,99999
16260,112.12,D,V 22,,,150,Somet,,2,2000-03-17 00:00:00,2002-04-09 00:00:00,,,753,753,99999
47777,112.12,D,V 22,,,160,Somet,,2,2004-06-04 00:00:00,2006-06-27 00:00:00,,2,753,753,99999
41483,112.11,D,V 10,PSW-F,Obrábění,300,,,2,2002-01-21 00:00:00,2004-02-12 00:00:00,,3,752,752,99999
1029294,112.12,D,V 22,,,150,MITAKO,907,3,2017-05-23 00:00:00,2019-06-13 00:00:00,2019-06-13 00:00:00,1,751,391,735
26586,112.12,D,V 22,,,150,HHW,,2,2000-01-17 00:00:00,2002-02-06 00:00:00,,2,751,751,99999
48261,112.12,D,V 10,PSW-F,Obrábění,200,Somet,,2,2004-10-26 00:00:00,2006-11-16 00:00:00,,4,751,751,99999
3112585,112.12,D,V 22,,,150,,907,3,2021-03-17 00:00:00,2024-01-11 00:00:00,2023-04-06 00:00:00,2,750,0,742
48186,112.12,D,V 10,PSW-F,Obrábění,160,Somet,14016458,2,2004-10-07 00:00:00,2006-10-27 00:00:00,,,750,750,99999
24601,112.12,C,M6,,,150,Samson,,2,2002-04-09 00:00:00,2004-04-27 00:00:00,,,749,749,99999
28381,112.12,D,V 22,,,150,Somet,,3,2000-04-27 00:00:00,2002-05-16 00:00:00,,2,749,749,99999
41601,112.11,D,V 10,,,400,,,2,2000-11-01 00:00:00,2002-11-20 00:00:00,2002-11-20 00:00:00,2,749,0,62
41619,112.11,D,V 10,PSW-F,Obrábění,,,,10,2000-10-16 00:00:00,2015-01-26 00:00:00,2002-11-04 00:00:00,4,749,0,46
1023254,112.12,D,V 22,,,150,Schut,906,7,2015-09-30 00:00:00,2020-07-16 00:00:00,2017-10-17 00:00:00,1,748,377,747
15061,112.12,D,V 22,,,150,Mitutoyo,500,2,2001-08-03 00:00:00,2003-08-21 00:00:00,,2,748,748,99999
38361,112.11,D,V 29,,,150,Kinex,,2,2001-05-30 00:00:00,2003-06-17 00:00:00,,,748,748,99999
15252,112.11,D,V 22,,,150,Somet,,3,2000-03-24 00:00:00,2002-04-10 00:00:00,,,747,747,99999
41786,112.12,D,V 10,PSW-F,Obrábění,300,Mitutoyo,,2,2002-01-31 00:00:00,2004-02-17 00:00:00,,2,747,747,99999
17521,112.12,C,M6,,,200,Mitutoyo,500,2,2000-10-20 00:00:00,2002-11-05 00:00:00,,2,746,746,99999
17528,112.12,C,M6,,,150,Mitutoyo,500,2,2000-10-20 00:00:00,2002-11-05 00:00:00,,,746,746,99999
3114788,112.12,A,GQG-3,GQG-3,Kvalita,150,,,2,2021-11-22 00:00:00,2023-12-08 00:00:00,,2,746,746,99999
38498,112.12,D,V 29,,,150,Mitutoyo,500,6,2000-11-06 00:00:00,2007-02-28 00:00:00,2002-11-22 00:00:00,,746,0,191
38741,112.11,D,V 29,,,150,China,,3,2001-01-04 00:00:00,2003-01-30 00:00:00,2003-01-20 00:00:00,,746,0,244
1003303,112.12,D,V 22,,,300,Mitutoyo,551,7,2010-02-12 00:00:00,2016-02-19 00:00:00,2012-02-27 00:00:00,1,745,0,741
1030566,112.12,D,V 22,,,150,MITAKO,907,3,2017-10-31 00:00:00,2019-11-14 00:00:00,,1,744,744,99999
17140,112.12,D,V 22,,,150,Somet,,2,2000-07-25 00:00:00,2002-08-08 00:00:00,,,744,744,99999
309484,112.12,C,VA30,,,150,Kinex,,2,2007-09-18 00:00:00,2009-10-01 00:00:00,2009-10-01 00:00:00,5,744,0,744
1030561,112.12,D,V 22,,,150,MITAKO,907,8,2017-10-31 00:00:00,2025-08-08 00:00:00,2019-11-13 00:00:00,1,743,387,737
3110603,112.12,D,VR/PKD/31,PKD/12,Obrábění,300,ATORN,,2,2020-04-07 00:00:00,2022-04-20 00:00:00,2022-04-20 00:00:00,1,743,0,625
200545,112.11,C,VA30,,,150,Somet,,2,2003-10-21 00:00:00,2005-11-01 00:00:00,2005-11-01 00:00:00,2,742,0,742
38557,112.12,D,V 29,,,150,Mitutoyo,500,4,2001-01-08 00:00:00,2005-01-07 00:00:00,2003-01-20 00:00:00,,742,0,249
38664,112.11,D,V 29,,,150,Somet,,2,2000-11-08 00:00:00,2002-11-20 00:00:00,,,742,742,99999
38891,112.11,D,V 29,,,150,Mitutoyo,505,2,2000-11-08 00:00:00,2002-11-20 00:00:00,2002-11-20 00:00:00,,742,0,180
1009918,112.12,D,VR/PKD/31,PKD/11,Obrábění,150,Mahr,,3,2012-06-28 00:00:00,2014-07-09 00:00:00,,1,741,741,99999
38813,112.12,D,V 29,,,300,Mitutoyo,505,2,2001-03-20 00:00:00,2003-03-31 00:00:00,,,741,741,99999
42003,112.11,D,V 29,,,200,China,,2,2002-06-04 00:00:00,2004-06-14 00:00:00,,,741,741,99999
38652,112.11,D,V 29,,,250,Somet,,2,2000-11-10 00:00:00,2002-11-20 00:00:00,,,740,740,99999
45074,112.11,D,V 10,PSW-P,Obrábění,160,Somet,,2,2002-08-09 00:00:00,2004-08-18 00:00:00,,3,740,740,99999
3116250,112.12,D,V 22,PKH,Obrábění,150,Insize,1112-150,2,2022-09-05 00:00:00,2024-09-13 00:00:00,,1,739,739,99999
3116251,112.12,D,V 22,PKM,Obrábění,150,Insize,1112-150,2,2022-09-05 00:00:00,2024-09-13 00:00:00,,1,739,739,99999
17063,112.11,D,V 22,,,160,Somet,,3,2000-02-25 00:00:00,2002-03-04 00:00:00,2002-03-04 00:00:00,,738,350,1211
202915,112.12,C,VA30,,,160,Somet,,2,2004-08-24 00:00:00,2006-09-01 00:00:00,2006-09-01 00:00:00,2,738,0,723
301082,112.12,,VR Výdejna,,,150,Mitutoyo,,2,2003-01-17 00:00:00,2005-01-24 00:00:00,,3,738,738,99999
45122,112.12,,V 31,,,150,Somet,,2,2001-10-02 00:00:00,2003-10-10 00:00:00,2003-10-10 00:00:00,,738,0,163
39307,112.11,D,V 29,,,200,Mitutoyo,505,5,2000-11-15 00:00:00,2006-12-14 00:00:00,2002-11-22 00:00:00,4,737,0,170
41296,112.11,B,V 10,PSW-F,Vedení,150,,,2,2002-02-06 00:00:00,2004-02-13 00:00:00,,3,737,737,99999
42184,112.12,,V 31,,,160,Somet,,2,2002-10-01 00:00:00,2004-10-07 00:00:00,2004-10-07 00:00:00,,737,0,722
43266,112.12,D,V 10,PSW-F,Obrábění,200,Mitutoyo,,2,2004-10-19 00:00:00,2006-10-26 00:00:00,,4,737,737,99999
45306,112.12,D,V 29,PSW-P,Obrábění,300,Somet,,8,2001-09-12 00:00:00,2021-10-15 00:00:00,2003-09-19 00:00:00,4,737,0,126
1017595,112.12,D,V 22,,,150,MITAKO,907,4,2014-01-14 00:00:00,2016-04-13 00:00:00,2016-01-20 00:00:00,1,736,365,735
305242,112.11,A,VA30,GQF-1,Kvalita,1500,Kinex,,6,2004-03-02 00:00:00,2021-05-14 00:00:00,2006-03-08 00:00:00,5,736,0,176
311595,112.12,C,M6,,,150,,,3,2008-09-25 00:00:00,2010-10-01 00:00:00,,1,736,736,99999
3116235,112.12,D,V 22,PKG,Hutě,150,MITAKO,907,2,2022-09-05 00:00:00,2024-09-10 00:00:00,,1,736,736,99999
3116260,112.12,D,V 22,PKM,Obrábění,150,Insize,1112-150,2,2022-09-05 00:00:00,2024-09-10 00:00:00,,1,736,736,99999
45208,112.12,,V 31,,,150,Mitutoyo,,2,2002-01-22 00:00:00,2004-01-28 00:00:00,,,736,736,99999
48184,112.12,C,V 10,PAP,Montáž,160,Somet,14016458,2,2004-10-07 00:00:00,2006-10-13 00:00:00,,2,736,736,99999
1023185,112.12,C,VAL,,,150,FACOM,,2,2015-09-14 00:00:00,2017-09-18 00:00:00,,2,735,735,99999
1028100,112.12,D,V 22,,,150,Schut,906,10,2017-01-16 00:00:00,2025-03-03 00:00:00,2019-01-21 00:00:00,1,735,555,725
44797,112.11,,V 31,,,120,,,2,2002-01-23 00:00:00,2004-01-28 00:00:00,2004-01-28 00:00:00,,735,0,299
44875,112.11,D,V 31,PSW-P,Obrábění,150,Somet,,7,2002-01-23 00:00:00,2011-04-12 00:00:00,2004-01-28 00:00:00,4,735,0,295
1024152,112.12,D,V 22,PKG,Hutě,150,Schut,906,8,2015-12-08 00:00:00,2025-03-07 00:00:00,2017-12-11 00:00:00,1,734,0,728
3109057,112.12,D,V 22,,,750,Mitutoyo,551,2,2019-12-03 00:00:00,2021-12-06 00:00:00,2021-12-06 00:00:00,1,734,0,718
38407,112.11,B,V 29,PSW-S,Vedení,150,Hommel,,6,2001-05-16 00:00:00,2010-10-19 00:00:00,2003-05-19 00:00:00,4,733,0,370
38689,112.11,D,V 29,,,150,Somet,,2,2001-10-03 00:00:00,2003-10-06 00:00:00,,,733,733,99999
41299,112.11,C,V 10,PSW-F,Montáž,150,,,2,2002-02-14 00:00:00,2004-02-17 00:00:00,,3,733,733,99999
45203,112.12,,V 31,,,150,Somet,,2,2004-11-05 00:00:00,2006-11-08 00:00:00,,,733,733,99999
1028096,112.12,D,V 22,,,150,Schut,906,3,2017-01-16 00:00:00,2019-01-18 00:00:00,,1,732,732,99999
28396,112.12,C,M6,,,150,Somet,,3,2000-04-27 00:00:00,2002-04-29 00:00:00,,1,732,732,99999
41709,112.12,D,V 10,PSW-F,Obrábění,150,,,2,2001-01-15 00:00:00,2003-01-17 00:00:00,,2,732,732,99999
33998,112.12,C,M6,,,150,Somet,,2,2001-03-23 00:00:00,2003-03-24 00:00:00,,2,731,731,99999
41190,112.11,C,V 10,PSW-T,Údržba,150,,,3,2002-02-11 00:00:00,2004-03-01 00:00:00,2004-02-12 00:00:00,3,731,0,526
1020491,112.12,B,PF1/1,PF1/1,Provozní laboratoř,150,,,2,2014-11-05 00:00:00,2016-11-04 00:00:00,,4,730,730,99999
1020492,112.12,B,PF1/1,PF1-K,Vedení,150,,,2,2014-11-05 00:00:00,2016-11-04 00:00:00,,4,730,730,99999
1020494,112.12,B,PF1/1,PF1-K,Vedení,150,,,2,2014-11-05 00:00:00,2016-11-04 00:00:00,2016-11-04 00:00:00,2,730,0,715
1027901,112.12,D,V 22,,,150,,,5,2017-01-04 00:00:00,2020-11-06 00:00:00,2019-01-04 00:00:00,1,730,240,722
41264,112.11,D,V 10,,,150,,,2,2002-02-12 00:00:00,2004-02-12 00:00:00,,3,730,730,99999
41678,112.12,D,V 10,PSW-F,Obrábění,160,Somet,,2,2004-10-26 00:00:00,2006-10-26 00:00:00,,,730,730,99999
17117,112.11,D,V 22,,,160,Somet,,3,2000-01-20 00:00:00,2002-01-18 00:00:00,,1,729,729,99999
17120,112.11,D,V 22,,,160,BOS Teplice,,3,2000-01-20 00:00:00,2002-01-18 00:00:00,,1,729,729,99999
17122,112.11,D,V 22,,,160,BOS Teplice,,3,2000-01-20 00:00:00,2002-01-18 00:00:00,,1,729,729,99999
24685,112.11,D,V 22,,,160,Somet,,3,2000-07-13 00:00:00,2002-07-12 00:00:00,,2,729,729,99999
32159,112.11,D,V 22,,,160,Somet,,2,2000-11-09 00:00:00,2002-11-08 00:00:00,,,729,729,99999
32167,112.11,D,V 22,,,160,Somet,,3,2000-11-09 00:00:00,2002-11-08 00:00:00,2002-11-08 00:00:00,,729,350,729
14917,112.11,D,V 22,,,150,Somet,,2,2000-10-13 00:00:00,2002-10-11 00:00:00,,2,728,728,99999
15059,112.12,D,V 22,,,150,Mitutoyo,500,2,2000-10-13 00:00:00,2002-10-11 00:00:00,,2,728,728,99999
15060,112.12,D,V 22,,,150,Mitutoyo,500,2,2000-10-13 00:00:00,2002-10-11 00:00:00,,2,728,728,99999
15089,112.12,D,V 22,,,150,HHW,,2,2000-03-17 00:00:00,2002-03-15 00:00:00,,,728,728,99999
200582,112.11,C,VA30,,,200,,,2,2003-11-25 00:00:00,2005-11-22 00:00:00,2005-11-22 00:00:00,2,728,0,728
31650,112.11,D,V 22,,,150,Somet,,2,2000-10-13 00:00:00,2002-10-11 00:00:00,,2,728,728,99999
38494,112.12,B,V 29,PSW-S,Vedení,150,Mitutoyo,500,5,2000-12-15 00:00:00,2011-04-27 00:00:00,2002-12-13 00:00:00,4,728,0,212
38624,112.11,D,V 29,,,150,Kinex,,2,2002-05-03 00:00:00,2004-04-30 00:00:00,,,728,728,99999
38657,112.11,D,V 29,,,,,,2,2002-01-23 00:00:00,2004-01-21 00:00:00,,,728,728,99999
41585,112.11,B,V 10,PSW-T,Sklad,,,,8,2001-02-15 00:00:00,2019-08-05 00:00:00,2003-02-13 00:00:00,4,728,0,148
47410,112.12,D,V 29,,,160,Somet,,2,2004-04-06 00:00:00,2006-04-04 00:00:00,,,728,728,99999
3114610,112.12,D,V 29,PSW-P,Obrábění,300,,,2,2021-12-08 00:00:00,2023-12-05 00:00:00,,4,727,727,99999
41276,112.11,D,V 10,,,150,,,2,2002-05-15 00:00:00,2004-05-10 00:00:00,,3,726,726,99999
41584,112.11,B,V 10,PSW-T,Sklad,,,,9,2000-11-09 00:00:00,2019-08-05 00:00:00,2002-11-04 00:00:00,4,725,0,47
304824,112.12,A,GQG-2/2,,,150,Mitutoyo,500,2,2005-08-23 00:00:00,2007-08-17 00:00:00,2007-08-17 00:00:00,2,724,0,724
3114481,112.12,A,GQD-2,GQD,Kvalita,150,Mitutoyo,,2,2021-09-13 00:00:00,2023-09-07 00:00:00,,3,724,724,99999
38668,112.11,B,V 29,PSW-T,Sklad,150,Somet,,9,2001-01-26 00:00:00,2020-11-10 00:00:00,2003-01-20 00:00:00,4,724,0,245
306496,112.12,D,V 22,,,150,Mitutoyo,500,2,2006-01-10 00:00:00,2008-01-03 00:00:00,2008-01-03 00:00:00,1,723,0,716
3105987,112.12,D,V 22,,,150,Schut,906,7,2018-12-17 00:00:00,2025-03-03 00:00:00,2020-12-09 00:00:00,1,723,0,720
38735,112.11,D,V 29,,,,China,,2,2001-05-22 00:00:00,2003-05-15 00:00:00,,,723,723,99999
33665,112.11,D,V 22,,,150,China,,3,2001-03-01 00:00:00,2003-02-21 00:00:00,,3,722,722,99999
41581,112.11,D,V 29,,,,,,2,2002-01-23 00:00:00,2004-01-15 00:00:00,,3,722,722,99999
45089,112.11,,V 31,,,160,Somet,,2,2001-09-11 00:00:00,2003-09-03 00:00:00,2003-09-03 00:00:00,,722,0,127
48262,112.12,D,V 10,,,200,Somet,,2,2004-10-26 00:00:00,2006-10-18 00:00:00,,,722,722,99999
1008531,112.12,B,VR/PKD/33,PKD/3,TK,150,MITAKO,907,3,2012-03-14 00:00:00,2014-03-05 00:00:00,2014-03-05 00:00:00,1,721,376,722
24577,112.12,D,V 22,,,150,Samson,,3,2000-09-12 00:00:00,2002-09-03 00:00:00,,3,721,721,99999
45116,112.12,D,V 31,PSW-P,Obrábění,150,Mitutoyo,,4,2002-01-22 00:00:00,2006-02-16 00:00:00,2004-01-13 00:00:00,4,721,0,258
46009,112.12,D,V 10,PSW-F,Obrábění,200,Somet,,2,2003-08-12 00:00:00,2005-08-02 00:00:00,,4,721,721,99999
46013,112.12,C,V 10,PAP,Montáž,200,Somet,,2,2003-08-12 00:00:00,2005-08-02 00:00:00,,2,721,721,99999
38513,112.12,D,V 29,,,150,Somet,,2,2001-10-02 00:00:00,2003-09-22 00:00:00,,,720,720,99999
41310,112.11,C,V 10,PAP,Montáž,150,,,2,2002-01-24 00:00:00,2004-01-14 00:00:00,,3,720,720,99999
41705,112.12,C,V 10,PSW-F,Montáž,150,Somet,,2,2000-12-22 00:00:00,2002-12-12 00:00:00,,2,720,720,99999
44987,112.11,C,M6,,,300,Mitutoyo,536,2,2003-04-18 00:00:00,2005-04-07 00:00:00,,2,720,720,99999
44988,112.12,C,M6,,,200,Mitutoyo,500,2,2003-04-18 00:00:00,2005-04-07 00:00:00,,2,720,720,99999
36395,112.11,B,PSW-T,PSW-T,TK,200,Mitutoyo,,2,2001-10-25 00:00:00,2003-10-13 00:00:00,,3,718,718,99999
38658,112.11,D,V 29,,,,,,2,2002-02-21 00:00:00,2004-02-09 00:00:00,,0,718,718,99999
202811,112.12,A,GQF,GQF,Kvalita,150,Somet,,4,2004-08-30 00:00:00,2007-08-21 00:00:00,2006-08-17 00:00:00,1,717,358,717
47404,112.12,D,V 10,PSW-F,Obrábění,300,Somet,,2,2004-04-06 00:00:00,2006-03-23 00:00:00,,4,716,716,99999
47411,112.12,D,V 10,,,160,Somet,,3,2004-04-06 00:00:00,2006-04-12 00:00:00,2006-03-23 00:00:00,4,716,0,716
33577,112.11,D,V 22,,,160,Somet,,2,2001-02-01 00:00:00,2003-01-17 00:00:00,,2,715,715,99999
38358,112.11,D,V 29,,,150,Kinex,,2,2001-12-19 00:00:00,2003-12-04 00:00:00,,,715,715,99999
45168,112.12,,V 31,,,150,Somet,,4,2001-10-02 00:00:00,2005-09-02 00:00:00,2003-09-17 00:00:00,,715,0,133
45198,112.12,,V 31,,,150,Somet,,2,2002-12-09 00:00:00,2004-11-23 00:00:00,2004-11-23 00:00:00,,715,0,561
45216,112.12,,V 31,,,150,Mitutoyo,,2,2002-01-22 00:00:00,2004-01-07 00:00:00,,,715,715,99999
33576,112.11,D,V 22,,,160,Somet,,2,2001-02-01 00:00:00,2003-01-16 00:00:00,,1,714,714,99999
33992,112.12,D,V 22,,,150,Somet,,2,2001-03-23 00:00:00,2003-03-07 00:00:00,,2,714,714,99999
43250,112.11,D,V 10,PSW-F,Obrábění,400,,,2,2002-09-18 00:00:00,2004-08-31 00:00:00,,3,713,713,99999
1002816,112.12,D,V 22,,,200,Mitutoyo,500,3,2009-11-06 00:00:00,2011-10-19 00:00:00,2011-10-19 00:00:00,1,712,362,707
28392,112.12,D,V 22,,,150,Somet,,2,2000-04-27 00:00:00,2002-04-09 00:00:00,,2,712,712,99999
38671,112.11,D,V 29,PSW-V,Obrábění,250,Somet,,4,2000-11-22 00:00:00,2008-11-20 00:00:00,2002-11-04 00:00:00,4,712,0,168
38630,112.11,D,V 29,,,160,Somet,,2,2001-08-24 00:00:00,2003-08-04 00:00:00,2003-08-04 00:00:00,,710,0,444
1018052,112.12,C,M6,,,150,MITAKO,907,2,2014-02-24 00:00:00,2016-02-03 00:00:00,,1,709,709,99999
41268,112.11,C,V 10,PSW-F,Montáž,150,,,2,2002-02-04 00:00:00,2004-01-14 00:00:00,,4,709,709,99999
41755,112.12,D,V 10,PSW-F,Obrábění,200,Mitutoyo,,2,2002-05-06 00:00:00,2004-04-14 00:00:00,,2,709,709,99999
1021185,112.12,C,M6,,,150,MITAKO,907,2,2015-02-10 00:00:00,2017-01-18 00:00:00,,1,708,708,99999
309892,112.11,B,V 10,PSW-S,Vedení,160,Somet,11015611,2,2007-11-08 00:00:00,2009-10-16 00:00:00,,4,708,708,99999
45265,112.12,,V 31,,,160,Somet,,2,2002-08-08 00:00:00,2004-07-16 00:00:00,,,708,708,99999
38645,112.11,D,V 29,,,250,Somet,,2,2000-11-22 00:00:00,2002-10-29 00:00:00,,,706,706,99999
41347,112.11,D,V 10,,,200,,,2,2002-05-15 00:00:00,2004-04-20 00:00:00,,3,706,706,99999
41355,112.11,C,V 10,PAP,Montáž,120,,,2,2002-02-07 00:00:00,2004-01-14 00:00:00,,3,706,706,99999
41499,112.11,D,V 10,PSW-F,Obrábění,300,,,2,2000-11-08 00:00:00,2002-10-14 00:00:00,2002-10-14 00:00:00,2,705,0,28
41752,112.12,D,V 10,PSW-F,Obrábění,200,Mitutoyo,,2,2001-10-05 00:00:00,2003-09-10 00:00:00,,2,705,705,99999
41778,112.12,D,V 10,PSW-F,Obrábění,300,Mitutoyo,,7,2000-11-02 00:00:00,2018-08-20 00:00:00,2002-10-08 00:00:00,4,705,0,11
41195,112.11,D,V 10,PSW-F,Obrábění,150,,,2,2000-11-13 00:00:00,2002-10-17 00:00:00,,2,703,703,99999
46014,112.12,D,V 10,PSW-F,Obrábění,300,Somet,,10,2003-08-12 00:00:00,2024-01-05 00:00:00,2005-07-15 00:00:00,4,703,0,693
41708,112.12,D,V 10,PSW-F,Obrábění,150,,,2,2001-06-04 00:00:00,2003-05-06 00:00:00,2003-05-06 00:00:00,2,701,0,223
1014589,112.12,A,GQG-2/4,,,150,MITAKO,907,2,2013-06-19 00:00:00,2015-05-20 00:00:00,,1,700,700,99999
1020019,112.12,D,V 22,,,150,MITAKO,907,7,2014-09-15 00:00:00,2019-01-25 00:00:00,2016-08-15 00:00:00,1,700,416,685
3116253,112.12,D,V 22,PKG,Hutě,150,Insize,1112-150,3,2022-09-05 00:00:00,2024-08-05 00:00:00,,1,700,700,99999
1002098,112.12,B,V 10,PSW-S,Vedení,200,Somet,,2,2009-07-01 00:00:00,2011-05-31 00:00:00,,4,699,699,99999
1002106,112.12,D,V 10,PSW-F,Obrábění,150,Somet,,2,2009-07-01 00:00:00,2011-05-31 00:00:00,2011-05-31 00:00:00,4,699,0,697
41176,112.11,D,V 10,PSW-F,Obrábění,150,,,4,2002-02-15 00:00:00,2008-04-03 00:00:00,2004-01-14 00:00:00,4,698,0,497
41177,112.11,C,V 10,PSW-F,Montáž,150,,,6,2002-03-18 00:00:00,2016-03-07 00:00:00,2004-02-13 00:00:00,4,697,0,527
3116244,112.12,D,V 22,PKM,Obrábění,150,Insize,1112-150,2,2022-09-05 00:00:00,2024-08-01 00:00:00,,1,696,696,99999
3116245,112.12,D,V 22,PKH,Obrábění,150,Insize,1112-150,2,2022-09-05 00:00:00,2024-08-01 00:00:00,,1,696,696,99999
38564,112.12,D,V 29,,,150,TESA,05.30034,2,2001-05-15 00:00:00,2003-04-11 00:00:00,2003-04-11 00:00:00,,696,0,330
307138,112.12,C,M6,,,160,Somet,,3,2006-05-02 00:00:00,2008-03-26 00:00:00,2008-03-26 00:00:00,1,694,434,685
41771,112.12,D,V 10,,,300,Mitutoyo,550,2,2001-10-03 00:00:00,2003-08-28 00:00:00,,2,694,694,99999
1018044,112.11,C,M6,,,160,Somet,11016611,2,2014-02-24 00:00:00,2016-01-18 00:00:00,,1,693,693,99999
24811,112.11,D,V 22,,,160,Somet,,3,2001-06-19 00:00:00,2003-05-13 00:00:00,,2,693,693,99999
25296,112.11,D,V 22,,,160,Somet,,3,2001-06-19 00:00:00,2003-05-13 00:00:00,,2,693,693,99999
1005982,112.11,D,V 22,,,160,,11016611,2,2011-04-15 00:00:00,2013-03-07 00:00:00,,3,692,692,99999
37854,112.12,C,M6,,,150,Somet,241236,5,2002-03-08 00:00:00,2004-01-29 00:00:00,2004-01-29 00:00:00,1,692,544,661
44246,112.12,C,M6,,,160,Somet,,2,2003-01-24 00:00:00,2004-12-15 00:00:00,,1,691,691,99999
41271,112.11,C,V 10,PSW-F,Montáž,150,,,8,2002-03-25 00:00:00,2024-04-24 00:00:00,2004-02-13 00:00:00,4,690,0,526
1019575,112.12,D,V 22,,,300,Mitutoyo,551,4,2014-08-05 00:00:00,2018-06-06 00:00:00,2016-06-24 00:00:00,1,689,0,675
41279,112.11,D,V 10,,,150,,,2,2000-11-20 00:00:00,2002-10-09 00:00:00,2002-10-09 00:00:00,2,688,0,33
1027529,112.12,D,V 22,,,300,MITAKO,907,3,2016-12-07 00:00:00,2018-10-25 00:00:00,,1,687,687,99999
1024671,112.12,C,M6,PKP,Montáž,150,MITAKO,907,8,2016-02-17 00:00:00,2024-06-17 00:00:00,2018-01-03 00:00:00,1,686,0,664
1024672,112.12,C,M6,,,150,MITAKO,907,2,2016-02-17 00:00:00,2018-01-03 00:00:00,,1,686,686,99999
307085,112.11,D,V270,,,10,Somet,,2,2006-05-10 00:00:00,2008-03-26 00:00:00,2008-03-26 00:00:00,4,686,0,699
44855,112.11,,V 31,,,150,Somet,,2,2002-01-30 00:00:00,2003-12-17 00:00:00,2003-12-17 00:00:00,,686,0,253
1002102,112.12,D,V 31,PSW-P,Obrábění,150,Somet,,2,2009-07-01 00:00:00,2011-05-16 00:00:00,,4,684,684,99999
33573,112.11,D,V 22,,,160,Somet,,2,2001-02-01 00:00:00,2002-12-17 00:00:00,,1,684,684,99999
41414,112.11,D,V 10,,,200,,,3,2000-11-23 00:00:00,2004-11-24 00:00:00,2002-10-08 00:00:00,2,684,0,26
41288,112.11,D,V 10,PSW-F,Hutě,150,,,2,2002-04-23 00:00:00,2004-03-05 00:00:00,,3,682,682,99999
38597,112.11,D,V 29,,,150,Somet,,2,2001-12-19 00:00:00,2003-10-30 00:00:00,,,680,680,99999
3117661,112.12,C,M6,,,150,MITAKO,907,3,2023-03-06 00:00:00,2025-01-13 00:00:00,,1,679,679,99999
45021,112.11,,V 31,,,150,Somet,,2,2001-11-15 00:00:00,2003-09-25 00:00:00,2003-09-25 00:00:00,,679,0,154
41620,112.11,D,V 10,PSW-F,Obrábění,,,,7,2001-10-10 00:00:00,2018-09-24 00:00:00,2003-08-19 00:00:00,4,678,0,334
1042998,112.12,C,M6,,,150,MITAKO,907,4,2018-02-09 00:00:00,2021-09-06 00:00:00,2019-12-18 00:00:00,1,677,0,670
33588,112.11,D,V 22,,,160,Somet,,2,2001-02-01 00:00:00,2002-12-09 00:00:00,,3,676,676,99999
3109662,112.12,C,M6,,,150,MITAKO,907,3,2020-01-14 00:00:00,2021-11-19 00:00:00,2021-11-19 00:00:00,1,675,437,624
1002097,112.12,B,V 10,PSW-T,Sklad,200,Somet,,4,2009-07-01 00:00:00,2015-08-10 00:00:00,2011-05-06 00:00:00,4,674,0,672
1019990,112.12,D,V 22,,,150,Schut,906,5,2014-09-23 00:00:00,2018-04-18 00:00:00,2016-07-28 00:00:00,1,674,0,668
3115193,112.12,D,V 29,PSW-V,Obrábění,200,Somet,,2,2022-02-28 00:00:00,2024-01-02 00:00:00,,4,673,673,99999
3107361,112.12,C,V270,PF2-K,Údržba,150,Insize,,2,2019-06-18 00:00:00,2021-04-19 00:00:00,,4,671,671,99999
311365,112.12,D,V 22,,,150,,907,4,2008-07-29 00:00:00,2011-11-03 00:00:00,2010-05-31 00:00:00,1,671,0,648
41422,112.11,D,V 10,PSW-F,Obrábění,250,Somet,,2,2000-12-07 00:00:00,2002-10-09 00:00:00,,2,671,671,99999
310368,112.12,D,V270,,,150,,14015459,2,2008-02-04 00:00:00,2009-12-04 00:00:00,,4,669,669,99999
1023937,112.12,D,V 22,,,150,Schut,906,2,2015-10-22 00:00:00,2017-08-18 00:00:00,2017-08-18 00:00:00,1,666,0,638
45095,112.11,,V 31,,,160,Somet,,2,2001-09-11 00:00:00,2003-07-09 00:00:00,2003-07-09 00:00:00,,666,0,71
1002107,112.12,B,V 29,PSW-S,Vedení,150,Somet,,2,2009-07-01 00:00:00,2011-04-27 00:00:00,,4,665,665,99999
1014670,112.11,C,V160,,,160,Somet,,2,2013-06-26 00:00:00,2015-04-22 00:00:00,2015-04-22 00:00:00,6,665,0,652
1004962,112.12,D,V 22,,,300,Somet,,11,2010-11-16 00:00:00,2020-07-17 00:00:00,2012-09-10 00:00:00,2,664,293,675
42173,112.12,D,V 10,,,160,Somet,,2,2002-10-01 00:00:00,2004-07-26 00:00:00,,2,664,664,99999
33566,112.11,D,V 22,,,150,,,2,2001-02-23 00:00:00,2002-12-16 00:00:00,,2,661,661,99999
1006113,112.12,D,V 22,,,150,MITAKO,907,3,2011-05-03 00:00:00,2013-02-20 00:00:00,,4,659,659,99999
1013182,112.12,C,M6,,,150,MITAKO,907,2,2013-04-16 00:00:00,2015-02-04 00:00:00,,1,659,659,99999
1043269,112.12,D,V 22,,,150,MITAKO,907,2,2017-12-20 00:00:00,2019-10-09 00:00:00,,4,658,658,99999
3116231,112.12,D,V 22,PKH,Obrábění,150,MITAKO,907,3,2022-09-05 00:00:00,2024-06-20 00:00:00,,1,654,654,99999
29650,112.11,D,V 22,,,250,Somet,,3,2000-06-29 00:00:00,2002-04-12 00:00:00,2002-04-09 00:00:00,1,649,0,649
305502,112.11,D,V 10,PSW-F,Obrábění,160,Somet,,2,2005-09-05 00:00:00,2007-06-13 00:00:00,,4,646,646,99999
33583,112.11,D,V 22,,,160,Somet,,2,2001-02-01 00:00:00,2002-11-08 00:00:00,,2,645,645,99999
1003571,112.11,D,V270,,,160,Somet,,2,2010-04-02 00:00:00,2012-01-05 00:00:00,2012-01-05 00:00:00,6,643,0,630
310413,112.12,D,V 22,,,150,Somet,907,4,2008-02-01 00:00:00,2009-11-05 00:00:00,,1,643,643,99999
1003567,112.11,D,V270,,,160,Somet,,2,2010-04-02 00:00:00,2012-01-04 00:00:00,,6,642,642,99999
1019081,112.12,D,VR/PKD/31,PKD/11,Obrábění,150,Mitutoyo,500,5,2014-06-19 00:00:00,2019-07-16 00:00:00,2016-03-22 00:00:00,1,642,0,634
3116257,112.12,D,V 22,PKH,Obrábění,150,Insize,1112-150,3,2022-09-05 00:00:00,2024-06-06 00:00:00,,1,640,640,99999
41731,112.12,D,V 10,PSW-F,Obrábění,200,Sylvac,,2,2002-09-16 00:00:00,2004-06-16 00:00:00,,2,639,639,99999
1043253,112.12,D,V 22,,,150,MITAKO,907,2,2017-12-20 00:00:00,2019-09-19 00:00:00,2019-09-19 00:00:00,1,638,0,546
32232,112.12,C,M6,,,150,Somet,,2,2000-10-11 00:00:00,2002-07-11 00:00:00,,1,638,638,99999
3113699,112.12,D,V 22,PKH,Obrábění,200,Insize,1112-200,2,2021-07-26 00:00:00,2023-04-20 00:00:00,,1,633,633,99999
1029312,112.12,D,V 22,,,150,MITAKO,907,3,2017-05-23 00:00:00,2019-02-14 00:00:00,,1,632,632,99999
306744,112.12,B,V 29,PSW-T,TK,300,Somet,14030459,2,2006-03-06 00:00:00,2007-11-27 00:00:00,,4,631,631,99999
311269,112.12,C,M6,,,150,,,2,2008-07-14 00:00:00,2010-04-06 00:00:00,2010-04-06 00:00:00,1,631,0,627
1002307,112.11,C,V 10,PSW-F,Montáž,300,BOS HK,,6,2009-08-17 00:00:00,2021-11-22 00:00:00,2011-05-09 00:00:00,4,630,0,626
1024670,112.12,C,M6,,,150,MITAKO,907,3,2016-02-17 00:00:00,2017-11-07 00:00:00,,1,629,629,99999
1029305,112.12,D,V 22,,,150,MITAKO,907,3,2017-05-23 00:00:00,2019-02-11 00:00:00,,1,629,629,99999
1020451,112.12,D,V 22,,,,Mitutoyo,551,4,2014-11-07 00:00:00,2018-04-19 00:00:00,2016-07-27 00:00:00,1,628,0,621
1027531,112.12,D,V 22,,,300,MITAKO,907,2,2016-12-07 00:00:00,2018-08-27 00:00:00,2018-08-27 00:00:00,1,628,0,623
41783,112.12,D,V 10,PSW-F,Obrábění,300,Mitutoyo,,2,2001-10-03 00:00:00,2003-06-23 00:00:00,2003-06-23 00:00:00,2,628,0,269
1025462,112.11,D,V 22,,,160,Somet,11016611,2,2016-05-12 00:00:00,2018-01-29 00:00:00,,1,627,627,99999
307508,112.12,D,V 22,,,160,Somet,14016458,3,2006-07-17 00:00:00,2008-04-04 00:00:00,,1,627,627,99999
1006522,112.12,D,V 22,,,150,,906,2,2011-06-03 00:00:00,2013-02-18 00:00:00,,1,626,626,99999
1006523,112.12,D,V 22,,,150,,906,2,2011-06-03 00:00:00,2013-02-18 00:00:00,,1,626,626,99999
1006525,112.12,D,V 22,,,150,,906,12,2011-06-03 00:00:00,2021-11-03 00:00:00,2013-02-18 00:00:00,1,626,0,601
42194,112.12,,V 31,,,160,Somet,,2,2002-10-01 00:00:00,2004-06-18 00:00:00,2004-06-18 00:00:00,,626,0,611
3119262,112.12,D,V 22,,,150,Schut,906,2,2023-10-16 00:00:00,2025-07-01 00:00:00,,1,624,624,99999
44572,112.12,D,V 22,,,160,Somet,,3,2003-03-05 00:00:00,2004-11-18 00:00:00,2004-11-18 00:00:00,2,624,36,610
47614,112.12,C,V 10,PSW-F,Montáž,160,Somet,,9,2004-04-26 00:00:00,2020-01-06 00:00:00,2006-01-10 00:00:00,4,624,0,606
1009540,112.12,D,V 22,,,300,,907,4,2012-05-30 00:00:00,2016-06-24 00:00:00,2014-02-12 00:00:00,1,623,0,611
42183,112.12,D,V 29,,,160,Somet,,2,2002-10-01 00:00:00,2004-06-15 00:00:00,,,623,623,99999
1024140,112.12,D,V 22,,,150,Schut,906,9,2015-12-08 00:00:00,2025-06-24 00:00:00,2017-08-18 00:00:00,1,619,0,613
1027525,112.12,D,V 22,,,200,MITAKO,907,2,2016-12-07 00:00:00,2018-08-15 00:00:00,,1,616,616,99999
1020655,112.12,D,V 22,,,200,Schut,906,2,2014-11-20 00:00:00,2016-07-26 00:00:00,2016-07-26 00:00:00,1,614,0,600
41757,112.12,D,V 10,,,200,Somet,,2,2001-09-12 00:00:00,2003-05-16 00:00:00,2003-05-16 00:00:00,2,611,0,232
17069,112.11,D,V 22,,,160,Somet,,3,2000-08-24 00:00:00,2002-04-26 00:00:00,,2,610,610,99999
41403,112.11,C,V 10,PSW-F,Montáž,160,Somet,,2,2001-09-11 00:00:00,2003-05-14 00:00:00,2003-05-14 00:00:00,3,610,0,245
3115533,112.12,C,M6,,,150,MITAKO,907,3,2022-04-05 00:00:00,2024-06-06 00:00:00,2023-12-05 00:00:00,1,609,0,585
3104681,112.12,D,VR/PKD/31,PKD/13,Hutě,300,Mahr,,2,2018-05-16 00:00:00,2020-01-14 00:00:00,2020-01-14 00:00:00,1,608,0,558
34039,112.12,D,V 22,,,150,Somet,,2,2001-03-23 00:00:00,2002-11-21 00:00:00,,2,608,608,99999
1026209,112.12,C,V180,,,200,,,2,2016-08-18 00:00:00,2018-04-16 00:00:00,2018-04-16 00:00:00,4,606,0,594
3109940,112.12,D,V 22,,,300,Insize,1112-300,5,2020-03-18 00:00:00,2024-06-06 00:00:00,2021-11-10 00:00:00,1,602,0,547
1002552,112.12,D,V 31,PSW-P,Obrábění,150,,,2,2009-09-22 00:00:00,2011-05-16 00:00:00,,4,601,601,99999
1019981,112.12,D,V 22,PKG,Hutě,150,Schut,906,11,2014-09-23 00:00:00,2024-06-05 00:00:00,2016-05-13 00:00:00,1,598,0,592
30355,112.12,D,V 22,,,200,Somet,,5,2000-08-15 00:00:00,2005-03-03 00:00:00,2002-04-05 00:00:00,1,598,423,598
1043259,112.12,D,V 22,,,150,MITAKO,907,2,2017-12-20 00:00:00,2019-08-06 00:00:00,,1,594,594,99999
46000,112.12,D,V 10,PSW-F,Obrábění,160,Somet,,2,2004-11-26 00:00:00,2006-07-11 00:00:00,,4,592,592,99999
1002548,112.12,B,V 31,PSW-S,Vedení,150,,,2,2009-09-22 00:00:00,2011-05-06 00:00:00,,4,591,591,99999
1021199,112.12,D,V 22,,,150,MITAKO,907,10,2015-02-16 00:00:00,2025-08-08 00:00:00,2016-09-29 00:00:00,4,591,0,588
3117657,112.12,C,M6,,,150,MITAKO,907,3,2023-03-06 00:00:00,2025-03-07 00:00:00,2024-10-16 00:00:00,1,590,0,588
3117663,112.12,C,M6,PKH,Montáž,150,MITAKO,907,2,2023-03-06 00:00:00,2024-10-16 00:00:00,,1,590,590,99999
3117660,112.12,C,M6,,,150,MITAKO,907,3,2023-03-06 00:00:00,2025-03-07 00:00:00,2024-10-15 00:00:00,1,589,0,587
3116236,112.12,D,V 22,,,150,MITAKO,907,3,2022-09-05 00:00:00,2024-04-15 00:00:00,,1,588,588,99999
1005983,112.11,D,V 22,PKG,Hutě,160,,11016611,10,2011-04-15 00:00:00,2023-06-05 00:00:00,2012-11-22 00:00:00,3,587,0,584
14888,112.11,D,V 22,,,150,China,,2,2000-11-24 00:00:00,2002-07-04 00:00:00,,2,587,587,99999
30319,112.12,D,V 22,,,250,Mauser,N070661,2,2000-08-09 00:00:00,2002-03-19 00:00:00,,1,587,587,99999
1012614,112.12,D,VR/PKD/31,PKD/12,Obrábění,150,Mahr,,2,2012-12-11 00:00:00,2014-07-17 00:00:00,2014-07-17 00:00:00,1,583,0,484
3115532,112.12,C,M6,,,150,MITAKO,907,2,2022-04-05 00:00:00,2023-11-09 00:00:00,2023-11-09 00:00:00,1,583,0,559
16533,112.11,D,V 22,,,150,,,2,2001-04-06 00:00:00,2002-11-08 00:00:00,,1,581,581,99999
1020014,112.12,D,V 22,,,150,MITAKO,907,2,2014-09-15 00:00:00,2016-04-14 00:00:00,,4,577,577,99999
1043201,112.12,D,PSZ/3,PSZ/3,Obrábění,300,Mitutoyo,,2,2017-12-04 00:00:00,2019-07-03 00:00:00,,3,576,576,99999
45067,112.12,C,M6,,,160,Somet,,2,2003-04-10 00:00:00,2004-11-05 00:00:00,,1,575,575,99999
3119263,112.12,D,V 22,,,150,Schut,906,2,2023-10-16 00:00:00,2025-05-12 00:00:00,2025-05-12 00:00:00,1,574,0,537
44876,112.11,,V 31,,,150,,,2,2001-12-07 00:00:00,2003-07-04 00:00:00,2003-07-04 00:00:00,,574,0,87
38368,112.11,C,V 29,PSW-T,Logistika,150,Somet,,5,2001-06-12 00:00:00,2010-04-21 00:00:00,2003-01-06 00:00:00,4,573,0,238
3111162,112.12,C,M6,PKT/4,Údržba,150,MITAKO,907,4,2020-09-25 00:00:00,2023-11-20 00:00:00,2022-04-20 00:00:00,4,572,0,565
1006104,112.12,D,V 22,,,150,MITAKO,907,2,2011-05-03 00:00:00,2012-11-23 00:00:00,,1,570,570,99999
3115045,112.12,D,V 22,,,150,MITAKO,907,3,2022-02-21 00:00:00,2024-01-16 00:00:00,2023-09-14 00:00:00,1,570,0,566
1002033,112.12,D,V 22,,,150,Somet,907,4,2009-06-02 00:00:00,2010-12-22 00:00:00,,1,568,568,99999
3108882,112.12,D,V 22,PKM,Obrábění,150,Mitutoyo,500,2,2019-11-26 00:00:00,2021-06-16 00:00:00,,1,568,568,99999
43708,112.12,D,V 10,PSW-F,Obrábění,300,Mitutoyo,,2,2002-11-12 00:00:00,2004-06-02 00:00:00,,2,568,568,99999
1005766,112.12,C,M6,,,150,,,3,2011-02-17 00:00:00,2013-02-20 00:00:00,2012-09-06 00:00:00,1,567,0,556
1029295,112.12,D,V 22,,,150,MITAKO,907,3,2017-05-23 00:00:00,2019-01-25 00:00:00,2018-12-10 00:00:00,1,566,0,550
29812,112.11,D,V 22,,,160,Somet,,2,2000-07-11 00:00:00,2002-01-28 00:00:00,,1,566,566,99999
3107336,112.12,C,M6,,,150,MITAKO,907,3,2019-06-04 00:00:00,2021-03-11 00:00:00,2020-12-21 00:00:00,1,566,0,551
33871,112.11,D,V 22,,,160,Somet,,2,2001-03-16 00:00:00,2002-10-02 00:00:00,,2,565,565,99999
45222,112.12,,V 31,,,150,,,2,2002-02-15 00:00:00,2003-09-03 00:00:00,2003-09-03 00:00:00,,565,0,114
45273,112.12,,V 31,,,150,Mitutoyo,,2,2003-05-09 00:00:00,2004-11-22 00:00:00,2004-11-22 00:00:00,,563,0,557
1022184,112.12,D,V 22,PKG,Hutě,150,MITAKO,907,11,2015-05-26 00:00:00,2025-03-10 00:00:00,2016-12-08 00:00:00,1,562,426,561
31606,112.12,D,V 22,,,200,Somet,,2,2000-10-11 00:00:00,2002-04-26 00:00:00,,2,562,562,99999
1003653,112.12,D,V 22,,,150,Somet,907,3,2010-04-26 00:00:00,2011-11-08 00:00:00,,1,561,561,99999
306942,112.12,C,M6,,,200,Somet,14016479,4,2006-03-27 00:00:00,2012-02-29 00:00:00,2007-10-09 00:00:00,2,561,0,550
1002859,112.11,D,V 10,PSW-F,Obrábění,600,,,2,2009-11-02 00:00:00,2011-05-16 00:00:00,,4,560,560,99999
1008559,112.12,D,V 22,,,300,,907,3,2012-02-29 00:00:00,2013-09-11 00:00:00,2013-09-11 00:00:00,3,560,537,545
1024686,112.12,D,V 22,,,150,MITAKO,907,8,2016-02-11 00:00:00,2021-11-05 00:00:00,2017-08-24 00:00:00,1,560,0,532
1024687,112.12,D,V 22,,,150,MITAKO,907,4,2016-02-11 00:00:00,2019-01-08 00:00:00,2017-08-24 00:00:00,1,560,0,532
1024691,112.12,D,V 22,,,150,MITAKO,907,2,2016-02-11 00:00:00,2017-08-24 00:00:00,2017-08-24 00:00:00,1,560,0,532
1002902,112.12,C,M6,,,150,,,2,2009-11-11 00:00:00,2011-05-24 00:00:00,2011-05-24 00:00:00,1,559,0,543
1023849,112.11,D,V 22,,,160,Somet,11016611,2,2015-10-09 00:00:00,2017-04-19 00:00:00,,4,558,558,99999
33302,112.12,C,M6,,,300,Somet,,16,2001-02-01 00:00:00,2025-01-16 00:00:00,2002-08-13 00:00:00,1,558,0,558
30797,112.11,D,V 22,,,250,Somet,,2,2000-09-01 00:00:00,2002-03-11 00:00:00,,1,556,556,99999
308289,112.12,C,M6,,,160,Somet,14016458,3,2007-01-09 00:00:00,2008-07-17 00:00:00,2008-07-17 00:00:00,1,555,412,547
3115530,112.12,C,M6,,,150,MITAKO,907,2,2022-04-05 00:00:00,2023-10-12 00:00:00,,1,555,555,99999
3115531,112.12,C,M6,,,150,MITAKO,907,2,2022-04-05 00:00:00,2023-10-12 00:00:00,2023-10-12 00:00:00,1,555,0,531
3107444,112.12,D,VR/PKD/31,PKD/11,Obrábění,150,Mitutoyo,500,6,2019-02-07 00:00:00,2025-06-02 00:00:00,2020-08-14 00:00:00,1,554,0,408
1003855,112.12,C,M6,,,150,,,3,2010-06-03 00:00:00,2011-12-08 00:00:00,,2,553,553,99999
1016931,112.12,D,V 22,,,300,,907,4,2013-11-13 00:00:00,2016-11-03 00:00:00,2015-05-20 00:00:00,1,553,0,552
3109663,112.12,D,M6,PKH,Obrábění,150,MITAKO,907,7,2020-01-14 00:00:00,2024-09-10 00:00:00,2021-07-20 00:00:00,1,553,0,502
3109966,112.12,D,V 22,,,150,Insize,1112-150,2,2020-03-18 00:00:00,2021-09-22 00:00:00,,4,553,553,99999
32169,112.11,D,V 22,,,160,Somet,,2,2000-11-09 00:00:00,2002-05-16 00:00:00,,2,553,553,99999
32184,112.11,D,V 22,,,160,Somet,,2,2000-11-09 00:00:00,2002-05-16 00:00:00,,2,553,553,99999
1008569,112.12,D,V 22,,,150,MITAKO,907,2,2012-02-29 00:00:00,2013-09-03 00:00:00,,1,552,552,99999
1018275,112.12,C,V 22,PKG,Údržba,150,,907,10,2014-03-27 00:00:00,2023-09-14 00:00:00,2015-09-30 00:00:00,4,552,0,547
44954,112.11,,V 31,,,150,,,2,2003-03-27 00:00:00,2004-09-29 00:00:00,2004-09-29 00:00:00,,552,0,532
1009721,112.12,C,M6,,,150,MITAKO,907,5,2012-06-13 00:00:00,2016-08-22 00:00:00,2013-12-16 00:00:00,1,551,0,544
1009723,112.12,C,M6,,,150,MITAKO,907,2,2012-06-13 00:00:00,2013-12-16 00:00:00,,1,551,551,99999
3113720,112.12,D,V 22,,,150,MITAKO,907,2,2021-07-26 00:00:00,2023-01-24 00:00:00,2023-01-24 00:00:00,1,547,0,543
32181,112.11,D,V 22,,,160,Somet,,2,2000-11-09 00:00:00,2002-05-09 00:00:00,,2,546,546,99999
45228,112.12,,V 31,,,150,Mitutoyo,,2,2002-01-18 00:00:00,2003-07-18 00:00:00,2003-07-18 00:00:00,,546,0,67
33993,112.12,C,M6,,,150,Somet,,2,2001-03-23 00:00:00,2002-09-18 00:00:00,2002-09-18 00:00:00,1,544,0,545
1016103,112.12,D,M6,PKH,Obrábění,150,MITAKO,907,6,2013-08-30 00:00:00,2025-02-17 00:00:00,2015-02-24 00:00:00,1,543,0,519
33868,112.11,D,V 22,,,160,Somet,,2,2001-03-16 00:00:00,2002-09-10 00:00:00,,1,543,543,99999
1001658,112.12,C,M6,,,150,,,3,2009-04-07 00:00:00,2010-10-01 00:00:00,,0,542,542,99999
311021,112.12,D,V 22,,,150,,907,15,2008-05-12 00:00:00,2020-11-24 00:00:00,2009-11-05 00:00:00,4,542,414,535
1020012,112.12,D,V 22,,,150,MITAKO,907,4,2014-09-15 00:00:00,2017-10-09 00:00:00,2016-03-07 00:00:00,1,539,0,524
1022153,112.12,D,V 22,,,200,MITAKO,907,9,2015-05-26 00:00:00,2025-06-23 00:00:00,2016-11-14 00:00:00,1,538,0,537
3114054,112.12,C,V160,PLO,Logistika,150,Insize,,2,2021-09-29 00:00:00,2023-03-21 00:00:00,,4,538,538,99999
3113719,112.12,D,V 22,,,150,MITAKO,907,2,2021-07-26 00:00:00,2023-01-13 00:00:00,2023-01-13 00:00:00,1,536,0,532
33881,112.11,D,V 22,,,160,Somet,,2,2001-03-16 00:00:00,2002-09-03 00:00:00,,2,536,536,99999
1018258,112.12,D,V 22,,,150,Schut,906,2,2014-03-25 00:00:00,2015-09-11 00:00:00,,1,535,535,99999
1002562,112.12,D,V 22,,,150,,,4,2009-09-22 00:00:00,2011-05-05 00:00:00,2011-03-10 00:00:00,1,534,398,531
16174,112.11,D,V 22,,,300,China,,2,2000-11-28 00:00:00,2002-05-16 00:00:00,,,534,534,99999
309427,112.11,D,V 22,,,160,Somet,11016651,2,2007-07-31 00:00:00,2009-01-15 00:00:00,,1,534,534,99999
3115527,112.12,C,M6,,,150,MITAKO,907,4,2022-04-05 00:00:00,2025-03-20 00:00:00,2023-09-21 00:00:00,1,534,0,510
3115528,112.12,C,M6,,,150,MITAKO,907,3,2022-04-05 00:00:00,2024-01-16 00:00:00,2023-09-21 00:00:00,1,534,0,510
3118768,112.12,C,V 22,PKM,Montáž,150,Insize,1112-150,2,2023-08-01 00:00:00,2025-01-16 00:00:00,,1,534,534,99999
1002896,112.12,D,V 22,,,150,,,2,2009-11-11 00:00:00,2011-04-27 00:00:00,,1,532,532,99999
1023251,112.12,D,V 22,,,150,Schut,906,6,2015-09-30 00:00:00,2020-08-25 00:00:00,2017-03-15 00:00:00,1,532,377,531
1023842,112.12,D,V 22,,,200,MITAKO,907,4,2015-10-09 00:00:00,2018-08-09 00:00:00,2017-03-24 00:00:00,1,532,0,501
3112844,112.12,D,V 22,,,200,MITAKO,907,2,2021-03-16 00:00:00,2022-08-30 00:00:00,2022-08-30 00:00:00,1,532,0,496
33873,112.11,D,V 22,,,160,Somet,,2,2001-03-16 00:00:00,2002-08-30 00:00:00,,1,532,532,99999
305471,112.12,C,M6,,,160,Somet,14016458,5,2005-09-16 00:00:00,2008-10-13 00:00:00,2007-03-01 00:00:00,1,531,439,520
48197,112.12,D,V 10,,,160,Somet,14016458,3,2004-10-07 00:00:00,2006-03-22 00:00:00,,,531,531,99999
1027522,112.12,D,V 22,,,150,MITAKO,907,3,2016-12-07 00:00:00,2018-08-03 00:00:00,2018-05-21 00:00:00,1,530,0,525
3119644,112.12,D,V 22,,,150,,14015405,2,2024-01-11 00:00:00,2025-06-24 00:00:00,,1,530,530,99999
3119645,112.12,D,V 22,,,150,,14015405,3,2024-01-11 00:00:00,2025-06-24 00:00:00,,1,530,530,99999
3113714,112.12,C,V 22,PKT/4,Údržba,150,Insize,1112-150,2,2021-07-26 00:00:00,2023-01-06 00:00:00,,4,529,529,99999
3113717,112.12,D,V 22,,,150,MITAKO,907,2,2021-07-26 00:00:00,2023-01-06 00:00:00,2023-01-06 00:00:00,1,529,0,525
34033,112.12,D,V 22,,,150,Somet,,2,2001-03-23 00:00:00,2002-09-03 00:00:00,,2,529,529,99999
34677,112.11,D,V 22,,,160,Somet,,2,2001-05-28 00:00:00,2002-11-08 00:00:00,2002-11-08 00:00:00,,529,0,533
33986,112.12,C,M6,,,150,Somet,,2,2001-03-23 00:00:00,2002-09-02 00:00:00,2002-09-02 00:00:00,,528,0,529
1008552,112.11,D,V 22,,,160,Somet,11016611,4,2012-02-29 00:00:00,2024-02-28 00:00:00,2013-08-09 00:00:00,1,527,0,512
1018272,112.12,D,V 22,,,150,,907,5,2014-03-27 00:00:00,2020-06-22 00:00:00,2015-09-03 00:00:00,1,525,0,520
3112860,112.12,C,V 22,PKT/4,Údržba,150,Insize,1112-150,2,2021-03-16 00:00:00,2022-08-23 00:00:00,,4,525,525,99999
3118764,112.12,C,V 22,PSZ/1,Údržba,150,Insize,1112-150,2,2023-08-01 00:00:00,2025-01-07 00:00:00,,1,525,525,99999
3115985,112.12,C,V 10,PSW-F,Montáž,150,Mitutoyo,,2,2022-06-29 00:00:00,2023-12-05 00:00:00,,4,524,524,99999
3115986,112.12,D,V 29,PSW-P,Obrábění,150,Mitutoyo,,2,2022-06-29 00:00:00,2023-12-05 00:00:00,,4,524,524,99999
44853,112.11,,V 31,,,150,Somet,,2,2003-01-14 00:00:00,2004-06-21 00:00:00,2004-06-21 00:00:00,,524,0,440
1020514,112.12,D,V270,,,150,MITAKO,,2,2014-12-04 00:00:00,2016-05-10 00:00:00,,4,523,523,99999
1021644,112.11,C,V160,,,160,Somet,,2,2015-03-12 00:00:00,2016-08-15 00:00:00,,6,522,522,99999
1016106,112.12,C,M6,,,150,MITAKO,907,2,2013-08-30 00:00:00,2015-02-02 00:00:00,,1,521,521,99999
1016107,112.12,C,M6,,,150,MITAKO,907,2,2013-08-30 00:00:00,2015-02-02 00:00:00,,1,521,521,99999
1006102,112.12,D,V 22,,,150,MITAKO,907,11,2011-05-03 00:00:00,2020-05-11 00:00:00,2012-10-04 00:00:00,1,520,0,514
1009033,112.12,D,V 22,,,300,Mitutoyo,500,5,2012-04-16 00:00:00,2016-02-15 00:00:00,2013-09-18 00:00:00,1,520,0,502
1026774,112.12,D,V 22,PKH,Obrábění,300,Mitutoyo,551,8,2016-10-12 00:00:00,2024-05-16 00:00:00,2018-03-15 00:00:00,1,519,0,514
3114271,112.12,C,V270,PF2-K,Údržba,150,Insize,,2,2021-10-18 00:00:00,2023-03-21 00:00:00,,4,519,519,99999
1022171,112.12,D,V 22,,,150,MITAKO,907,5,2015-05-26 00:00:00,2019-04-25 00:00:00,2016-10-25 00:00:00,1,518,0,517
1043486,112.12,D,V 22,,,150,Insize,1108-150,3,2018-04-26 00:00:00,2019-11-06 00:00:00,2019-09-25 00:00:00,1,517,0,510
31605,112.12,D,V 22,,,200,Somet,,2,2000-10-11 00:00:00,2002-03-11 00:00:00,,1,516,516,99999
32179,112.11,D,V 22,,,160,Somet,,2,2000-11-09 00:00:00,2002-04-09 00:00:00,,1,516,516,99999
33886,112.11,D,V 22,,,160,Somet,,2,2001-03-16 00:00:00,2002-08-14 00:00:00,,2,516,516,99999
1009032,112.12,D,V 22,,,300,Mitutoyo,500,6,2012-04-16 00:00:00,2016-04-22 00:00:00,2013-09-13 00:00:00,1,515,0,497
1023933,112.12,D,V 22,PKG,Hutě,150,Schut,906,11,2015-10-22 00:00:00,2024-06-05 00:00:00,2017-03-20 00:00:00,1,515,0,487
1028097,112.12,D,V 22,,,150,Schut,906,7,2017-01-16 00:00:00,2021-11-05 00:00:00,2018-06-15 00:00:00,1,515,0,505
32199,112.11,D,V 22,,,160,Somet,,2,2000-11-10 00:00:00,2002-04-09 00:00:00,,,515,515,99999
3119018,112.12,D,V 22,,,300,Insize,1118-300,2,2023-10-04 00:00:00,2025-02-28 00:00:00,,1,513,513,99999
44965,112.11,,V 31,,,150,,,2,2002-02-11 00:00:00,2003-07-09 00:00:00,2003-07-09 00:00:00,,513,0,83
1022172,112.12,D,V 22,,,150,MITAKO,907,12,2015-05-26 00:00:00,2025-03-07 00:00:00,2016-10-18 00:00:00,1,511,0,510
1022174,112.12,D,V 22,,,150,MITAKO,907,2,2015-05-26 00:00:00,2016-10-18 00:00:00,2016-10-18 00:00:00,1,511,0,510
1025464,112.12,D,V 22,,,300,MITAKO,907,2,2016-05-17 00:00:00,2017-10-10 00:00:00,2017-10-10 00:00:00,1,511,0,496
14802,112.11,D,V 22,,,150,,,2,2001-10-17 00:00:00,2003-03-11 00:00:00,,,510,510,99999
32172,112.11,D,V 22,,,160,Somet,,2,2000-11-09 00:00:00,2002-04-03 00:00:00,,1,510,510,99999
311816,112.11,D,V 22,,,160,Somet,,2,2008-10-31 00:00:00,2010-03-24 00:00:00,,1,509,509,99999
47418,112.12,C,M6,,,160,Somet,,2,2004-04-07 00:00:00,2005-08-29 00:00:00,,1,509,509,99999
305474,112.12,C,M6,,,160,Somet,14016458,3,2005-09-16 00:00:00,2007-05-22 00:00:00,2007-02-06 00:00:00,,508,0,495
309559,112.12,C,M6,,,160,Somet,14016459,2,2007-09-10 00:00:00,2009-01-29 00:00:00,,1,507,507,99999
1021182,112.12,C,M6,,,150,MITAKO,907,2,2015-02-10 00:00:00,2016-06-29 00:00:00,2016-06-29 00:00:00,1,505,0,496
1021184,112.12,C,M6,,,150,MITAKO,907,8,2015-02-10 00:00:00,2021-01-27 00:00:00,2016-06-29 00:00:00,1,505,0,496
1023244,112.12,D,V 22,,,150,MITAKO,907,9,2015-09-23 00:00:00,2022-11-08 00:00:00,2017-02-09 00:00:00,1,505,0,497
1006100,112.12,D,V 22,,,150,MITAKO,907,8,2011-05-03 00:00:00,2015-07-21 00:00:00,2012-09-18 00:00:00,1,504,160,498
309330,112.12,D,V 22,,,160,Somet,14016459,2,2007-07-19 00:00:00,2008-12-04 00:00:00,,1,504,504,99999
1003513,112.12,D,V 22,,,300,Somet,907,11,2010-03-25 00:00:00,2017-10-09 00:00:00,2011-08-10 00:00:00,1,503,0,497
1030604,112.12,D,V 22,,,150,MITAKO,907,3,2017-11-08 00:00:00,2019-03-26 00:00:00,,1,503,503,99999
1012435,112.12,D,V 22,,,200,Somet,907,2,2013-02-21 00:00:00,2014-07-08 00:00:00,,1,502,502,99999
1008568,112.12,C,M6,,,150,MITAKO,907,11,2012-02-29 00:00:00,2025-04-01 00:00:00,2013-07-12 00:00:00,1,499,0,484
1021195,112.12,D,V 22,,,300,MITAKO,907,2,2015-02-16 00:00:00,2016-06-29 00:00:00,2016-06-29 00:00:00,1,499,0,496
3112861,112.12,D,V 22,,,150,Insize,1112-150,2,2021-03-16 00:00:00,2022-07-28 00:00:00,,1,499,499,99999
3109942,112.12,B,V 22,PKT/1,TK,300,Insize,1112-300,6,2020-03-18 00:00:00,2025-03-21 00:00:00,2021-07-28 00:00:00,1,497,0,442
3111873,112.12,D,V 22,,,150,Insize,1112-150,2,2020-12-10 00:00:00,2022-04-21 00:00:00,2022-04-21 00:00:00,1,497,0,489
1024673,112.12,C,M6,,,150,MITAKO,907,2,2016-02-17 00:00:00,2017-06-27 00:00:00,,1,496,496,99999
32171,112.11,D,V 22,,,160,Somet,,2,2000-11-09 00:00:00,2002-03-20 00:00:00,,2,496,496,99999
1018268,112.12,D,V 22,,,150,,907,2,2014-03-27 00:00:00,2015-08-04 00:00:00,,1,495,495,99999
1023923,112.12,D,V 22,,,150,Schut,906,4,2015-10-22 00:00:00,2018-06-21 00:00:00,2017-02-27 00:00:00,1,494,0,466
1030725,112.12,C,M6,,,150,MITAKO,907,3,2017-11-16 00:00:00,2019-06-03 00:00:00,2019-03-25 00:00:00,1,494,0,483
3112605,112.12,D,M6,PKM,Obrábění,150,MITAKO,907,4,2021-03-15 00:00:00,2024-07-29 00:00:00,2022-07-20 00:00:00,1,492,0,481
3118760,112.12,C,M6,PKH,Montáž,150,Insize,1112-150,2,2023-08-01 00:00:00,2024-12-05 00:00:00,,1,492,492,99999
3118766,112.12,C,M6,PKH,Montáž,150,Insize,1112-150,2,2023-08-01 00:00:00,2024-12-05 00:00:00,,1,492,492,99999
1006097,112.12,D,V 22,,,150,MITAKO,907,9,2011-05-03 00:00:00,2019-03-26 00:00:00,2012-09-05 00:00:00,1,491,0,485
1005390,112.12,D,V 22,,,150,Somet,907,16,2011-01-14 00:00:00,2025-05-21 00:00:00,2012-05-17 00:00:00,1,489,0,475
1005392,112.12,D,V 22,,,150,Somet,907,4,2011-01-14 00:00:00,2013-08-07 00:00:00,2012-05-17 00:00:00,1,489,0,475
1025465,112.12,D,V 22,,,300,MITAKO,907,2,2016-05-17 00:00:00,2017-09-18 00:00:00,2017-09-18 00:00:00,1,489,0,474
14902,112.11,D,V 22,,,150,Somet,,3,2001-01-12 00:00:00,2002-05-16 00:00:00,,2,489,489,99999
3108968,112.12,D,V 22,,,750,Mitutoyo,551,2,2019-11-28 00:00:00,2021-03-31 00:00:00,2021-03-31 00:00:00,1,489,0,476
3115525,112.12,C,M6,,,150,MITAKO,907,2,2022-04-05 00:00:00,2023-08-07 00:00:00,2023-08-07 00:00:00,1,489,0,465
3115529,112.12,D,M6,PKM,Obrábění,150,MITAKO,907,3,2022-04-05 00:00:00,2023-12-18 00:00:00,2023-08-07 00:00:00,1,489,0,465
33069,112.11,D,V 22,,,300,,,2,2001-01-12 00:00:00,2002-05-16 00:00:00,,,489,489,99999
1005759,112.12,C,M6,,,150,,,3,2011-02-17 00:00:00,2012-09-04 00:00:00,2012-06-19 00:00:00,1,488,0,477
1005763,112.12,C,M6,,,150,,,3,2011-02-17 00:00:00,2012-09-04 00:00:00,2012-06-19 00:00:00,1,488,0,477
1024679,112.12,D,V 22,,,150,MITAKO,907,6,2016-02-11 00:00:00,2019-11-06 00:00:00,2017-06-13 00:00:00,1,488,0,460
32164,112.11,D,V 22,,,160,Somet,,2,2000-11-09 00:00:00,2002-03-11 00:00:00,,2,487,487,99999
3115047,112.12,D,V 22,,,150,MITAKO,907,3,2022-02-21 00:00:00,2023-12-19 00:00:00,2023-06-22 00:00:00,1,486,0,482
42179,112.12,,V 31,,,160,Somet,,5,2002-10-01 00:00:00,2007-04-18 00:00:00,2004-01-30 00:00:00,4,486,0,471
3107339,112.12,C,M6,,,150,MITAKO,907,2,2019-06-04 00:00:00,2020-10-01 00:00:00,2020-10-01 00:00:00,1,485,0,470
1023928,112.12,D,V 22,,,150,Schut,906,9,2015-10-22 00:00:00,2023-11-29 00:00:00,2017-02-17 00:00:00,1,484,0,456
32220,112.12,D,V 22,,,150,Somet,,2,2000-10-11 00:00:00,2002-02-06 00:00:00,,1,483,483,99999
32243,112.12,D,V 22,,,150,Somet,,2,2000-10-11 00:00:00,2002-02-06 00:00:00,,1,483,483,99999
1020450,112.12,D,V 22,,,,Mitutoyo,551,2,2014-11-07 00:00:00,2016-03-02 00:00:00,2016-03-02 00:00:00,1,481,0,474
3119431,112.12,C,M6,PKP,Montáž,150,Insize,1112-150,2,2023-11-30 00:00:00,2025-03-25 00:00:00,,1,481,481,99999
3119435,112.12,C,M6,,,150,Insize,1112-150,2,2023-11-30 00:00:00,2025-03-25 00:00:00,2025-03-25 00:00:00,1,481,0,448
41338,112.12,,V 31,,,160,Somet,,2,2002-08-08 00:00:00,2003-12-02 00:00:00,2003-12-02 00:00:00,,481,0,449
1010717,112.12,C,M6,,,150,MITAKO,907,2,2012-09-14 00:00:00,2014-01-07 00:00:00,,1,480,480,99999
3119021,112.12,D,V 22,PKM,Obrábění,150,MITAKO,907,2,2023-09-25 00:00:00,2025-01-17 00:00:00,,1,480,480,99999
1029311,112.12,D,V 22,,,150,MITAKO,907,10,2017-05-23 00:00:00,2025-03-07 00:00:00,2018-09-14 00:00:00,1,479,0,463
3119020,112.12,D,V 22,,,150,MITAKO,907,2,2023-09-25 00:00:00,2025-01-15 00:00:00,2025-01-15 00:00:00,1,478,0,463
1027180,112.12,D,V 22,,,150,Schut,906,9,2016-11-16 00:00:00,2025-03-03 00:00:00,2018-03-08 00:00:00,1,477,0,479
34026,112.12,D,V 22,,,150,Somet,,2,2001-03-23 00:00:00,2002-07-12 00:00:00,,2,476,476,99999
1014600,112.12,D,V 22,,,150,MITAKO,907,3,2013-06-19 00:00:00,2015-02-04 00:00:00,2014-10-07 00:00:00,1,475,0,462
32219,112.12,D,V 22,,,150,Somet,,2,2000-10-11 00:00:00,2002-01-29 00:00:00,,2,475,475,99999
33997,112.12,C,M6,,,150,Somet,,2,2001-03-23 00:00:00,2002-07-11 00:00:00,,1,475,475,99999
1005762,112.12,C,M6,,,150,,,8,2011-02-17 00:00:00,2017-09-05 00:00:00,2012-06-05 00:00:00,1,474,0,463
3113473,112.12,D,V 22,,,150,MITAKO,907,2,2021-06-02 00:00:00,2022-09-19 00:00:00,2022-09-19 00:00:00,1,474,0,447
3113476,112.12,D,V 22,,,150,MITAKO,907,2,2021-06-02 00:00:00,2022-09-19 00:00:00,2022-09-19 00:00:00,1,474,0,447
35485,112.12,D,V 22,,,150,Somet,,2,2001-07-18 00:00:00,2002-11-04 00:00:00,,2,474,474,99999
307509,112.12,D,V 22,,,160,Somet,14016458,2,2006-07-17 00:00:00,2007-11-01 00:00:00,2007-11-01 00:00:00,2,472,0,470
1014596,112.12,D,V 22,,,150,MITAKO,907,6,2013-06-19 00:00:00,2018-01-16 00:00:00,2014-10-03 00:00:00,1,471,0,458
3109664,112.12,C,M6,,,150,MITAKO,907,2,2020-01-14 00:00:00,2021-04-29 00:00:00,,1,471,471,99999
1023848,112.11,D,V 22,,,160,Somet,11016611,2,2015-10-09 00:00:00,2017-01-20 00:00:00,,1,469,469,99999
3113472,112.12,D,V 22,,,300,MITAKO,907,2,2021-06-02 00:00:00,2022-09-14 00:00:00,2022-09-14 00:00:00,1,469,0,442
32200,112.11,D,V 22,,,160,Somet,,2,2000-11-10 00:00:00,2002-02-22 00:00:00,,1,469,469,99999
1001559,112.12,D,V 22,,,300,,907,4,2009-03-20 00:00:00,2011-10-17 00:00:00,2010-07-01 00:00:00,1,468,0,462
3116785,112.12,D,M6,PKM,Obrábění,150,MITAKO,907,2,2022-11-10 00:00:00,2024-02-21 00:00:00,,2,468,468,99999
3113475,112.12,D,V 22,,,150,MITAKO,907,2,2021-06-02 00:00:00,2022-09-12 00:00:00,2022-09-12 00:00:00,1,467,0,440
3113726,112.12,D,V 22,,,150,MITAKO,907,2,2021-07-26 00:00:00,2022-11-04 00:00:00,2022-11-04 00:00:00,1,466,0,462
3116229,112.12,C,V 22,PKT/4,Údržba,150,MITAKO,907,3,2022-09-05 00:00:00,2024-06-05 00:00:00,2023-12-15 00:00:00,4,466,0,464
1018259,112.12,D,V 22,,,150,Schut,906,2,2014-03-25 00:00:00,2015-07-02 00:00:00,2015-07-02 00:00:00,1,464,0,458
1018260,112.12,D,V 22,,,150,Schut,906,2,2014-03-25 00:00:00,2015-07-02 00:00:00,2015-07-02 00:00:00,1,464,0,458
1024656,112.12,D,V 22,,,150,MITAKO,907,2,2016-02-17 00:00:00,2017-05-26 00:00:00,,1,464,464,99999
303644,112.12,D,V 22,,,160,Somet,,2,2005-05-18 00:00:00,2006-08-25 00:00:00,2006-08-25 00:00:00,2,464,0,438
3113477,112.12,D,V 22,,,150,MITAKO,907,2,2021-06-02 00:00:00,2022-09-08 00:00:00,2022-09-08 00:00:00,1,463,0,436
309819,112.11,D,V 22,,,160,Somet,11016551,2,2007-10-22 00:00:00,2009-01-26 00:00:00,,2,462,462,99999
1003862,112.12,C,M6,,,150,,,2,2010-06-03 00:00:00,2011-09-07 00:00:00,,1,461,461,99999
24787,112.11,D,V 22,,,160,Somet,,2,2001-02-09 00:00:00,2002-05-16 00:00:00,,2,461,461,99999
25300,112.11,D,V 22,,,160,Somet,,2,2001-02-09 00:00:00,2002-05-16 00:00:00,,,461,461,99999
15005,112.11,D,V 22,,,150,Somet,,2,2002-05-31 00:00:00,2003-09-03 00:00:00,2003-09-03 00:00:00,,460,0,1759
17060,112.11,D,V 22,,,160,Somet,,2,2000-10-31 00:00:00,2002-02-01 00:00:00,2002-02-01 00:00:00,,458,0,1180
305473,112.12,C,M6,,,160,Somet,14016458,2,2005-09-16 00:00:00,2006-12-18 00:00:00,,1,458,458,99999
3105847,112.12,C,V 22,PKT/4,Údržba,150,Insize,1112-150,4,2018-11-30 00:00:00,2021-05-14 00:00:00,2020-03-02 00:00:00,4,458,0,445
309177,112.12,D,V 22,,,160,Somet,14016459,2,2007-06-11 00:00:00,2008-09-08 00:00:00,,1,455,455,99999
309620,112.12,D,V 22,,,160,Somet,14016459,2,2007-09-17 00:00:00,2008-12-15 00:00:00,2008-12-15 00:00:00,1,455,0,433
3120002,112.12,D,V 22,,,150,MITAKO,907,2,2024-02-21 00:00:00,2025-05-21 00:00:00,,1,455,455,99999
1017904,112.12,D,V 22,,,150,,907,6,2014-02-12 00:00:00,2018-01-15 00:00:00,2015-05-12 00:00:00,1,454,0,447
3111027,112.12,B,V270,PFS-K/1,Vedení,150,Insize,,2,2020-08-19 00:00:00,2021-11-16 00:00:00,,4,454,454,99999
3111028,112.12,C,V270,PF2-K,Údržba,150,Insize,,2,2020-08-19 00:00:00,2021-11-16 00:00:00,,4,454,454,99999
38549,112.12,D,V 29,,,150,Somet,,2,2001-12-07 00:00:00,2003-03-06 00:00:00,2003-03-06 00:00:00,2,454,0,295
304471,112.12,C,M6,,,160,Somet,,2,2005-06-16 00:00:00,2006-09-12 00:00:00,,1,453,453,99999
3120006,112.12,B,V 22,PKT/1,TK,150,Mahr,16ER,2,2024-02-23 00:00:00,2025-05-21 00:00:00,,1,453,453,99999
3120008,112.12,B,V 22,PKT/1,TK,150,Mahr,16ER,2,2024-02-23 00:00:00,2025-05-21 00:00:00,,1,453,453,99999
41219,112.11,D,V 10,,,150,Kinex,,2,2002-02-07 00:00:00,2003-05-06 00:00:00,2003-05-06 00:00:00,3,453,0,244
3111155,112.12,C,M6,PKH,Montáž,150,MITAKO,907,4,2020-09-25 00:00:00,2024-02-13 00:00:00,2021-12-21 00:00:00,1,452,0,445
3111159,112.12,D,M6,PKM,Obrábění,150,MITAKO,907,5,2020-09-25 00:00:00,2024-01-10 00:00:00,2021-12-21 00:00:00,2,452,0,445
33482,112.12,D,V 22,,,150,Somet,,2,2001-02-16 00:00:00,2002-05-14 00:00:00,,2,452,452,99999
46008,112.12,D,V 29,,,200,Somet,,2,2003-08-12 00:00:00,2004-11-05 00:00:00,,,451,451,99999
1010789,112.12,D,VR/PKD/31,PKD/11,Obrábění,150,Mahr,,2,2012-08-14 00:00:00,2013-11-07 00:00:00,,1,450,450,99999
1018253,112.12,D,V 22,,,150,Schut,906,2,2014-03-25 00:00:00,2015-06-18 00:00:00,,1,450,450,99999
3114425,112.12,B,V 22,PKG,"Technologie, konstrukce",150,Insize,1108-150,2,2021-11-30 00:00:00,2023-02-23 00:00:00,,3,450,450,99999
33275,112.12,D,V 22,,,200,Somet,,2,2001-01-31 00:00:00,2002-04-26 00:00:00,,2,450,450,99999
1029300,112.12,D,V 22,,,150,MITAKO,907,5,2017-05-23 00:00:00,2019-06-03 00:00:00,2018-08-14 00:00:00,1,448,0,432
1029301,112.12,D,V 22,,,150,MITAKO,907,2,2017-05-23 00:00:00,2018-08-13 00:00:00,2018-08-13 00:00:00,1,447,0,431
1029302,112.12,D,V 22,,,150,MITAKO,907,2,2017-05-23 00:00:00,2018-08-13 00:00:00,2018-08-13 00:00:00,1,447,0,431
1029304,112.12,D,V 22,,,150,MITAKO,907,4,2017-05-23 00:00:00,2020-03-05 00:00:00,2018-08-13 00:00:00,1,447,0,431
1007644,112.12,C,M6,,,150,,,2,2011-11-16 00:00:00,2013-02-04 00:00:00,2013-02-04 00:00:00,1,446,0,438
40363,112.12,D,V 29,,,300,Somet,,2,2001-09-12 00:00:00,2002-12-02 00:00:00,,,446,446,99999
1005401,112.12,D,V 22,,,150,Schut,906,2,2011-01-14 00:00:00,2012-04-02 00:00:00,,1,444,444,99999
1014583,112.12,D,V 22,,,150,MITAKO,907,2,2013-06-19 00:00:00,2014-09-05 00:00:00,,1,443,443,99999
24793,112.11,D,V 22,,,160,Somet,,2,2001-05-28 00:00:00,2002-08-14 00:00:00,,2,443,443,99999
3118761,112.12,D,V 22,PKM,Obrábění,150,Insize,1112-150,2,2023-08-01 00:00:00,2024-10-17 00:00:00,,1,443,443,99999
3118762,112.12,D,V 22,PKM,Obrábění,150,Insize,1112-150,2,2023-08-01 00:00:00,2024-10-17 00:00:00,,1,443,443,99999
3118763,112.12,D,V 22,PKH,Obrábění,150,Insize,1112-150,2,2023-08-01 00:00:00,2024-10-17 00:00:00,,1,443,443,99999
3118765,112.12,C,V 22,PKT/4,Údržba,150,Insize,1112-150,2,2023-08-01 00:00:00,2024-10-17 00:00:00,,4,443,443,99999
3119436,112.12,C,M6,PKT/4,Údržba,150,Insize,1112-150,2,2023-11-30 00:00:00,2025-02-14 00:00:00,,1,442,442,99999
1002044,112.12,D,V 22,,,150,Schut,906,6,2009-06-16 00:00:00,2013-01-04 00:00:00,2010-08-31 00:00:00,1,441,0,432
3112586,112.12,D,V 22,,,300,MITAKO,907,2,2021-03-17 00:00:00,2022-05-31 00:00:00,2022-05-31 00:00:00,1,440,0,432
1009069,112.12,D,V 22,,,150,MITAKO,907,6,2012-04-25 00:00:00,2017-02-22 00:00:00,2013-07-08 00:00:00,1,439,0,424
1009070,112.12,D,V 22,,,150,MITAKO,907,13,2012-04-25 00:00:00,2020-02-10 00:00:00,2013-07-08 00:00:00,1,439,0,424
1030553,112.12,D,V 22,,,150,MITAKO,907,4,2017-10-31 00:00:00,2019-09-12 00:00:00,2019-01-10 00:00:00,1,436,384,430
1003854,112.12,C,M6,,,150,,,2,2010-06-03 00:00:00,2011-08-12 00:00:00,,1,435,435,99999
1005768,112.12,C,M6,,,150,,,2,2011-02-17 00:00:00,2012-04-26 00:00:00,,5,434,434,99999
24820,112.12,D,V 22,,,150,Samson,,2,2001-01-12 00:00:00,2002-03-22 00:00:00,,2,434,434,99999
3108878,112.12,D,V 22,,,300,Mitutoyo,551,2,2019-11-26 00:00:00,2021-02-02 00:00:00,2021-02-02 00:00:00,1,434,0,427
3112579,112.12,D,V 22,PKH,Obrábění,150,,907,5,2021-03-17 00:00:00,2024-06-05 00:00:00,2022-05-25 00:00:00,1,434,0,426
3112581,112.12,D,V 22,PKG,Hutě,150,,907,2,2021-03-17 00:00:00,2022-05-25 00:00:00,2022-05-25 00:00:00,1,434,0,426
1019149,112.12,D,V 22,,,150,,907,3,2014-07-01 00:00:00,2015-11-10 00:00:00,2015-09-07 00:00:00,1,433,0,427
1029296,112.12,D,V 22,,,150,MITAKO,907,2,2017-05-23 00:00:00,2018-07-30 00:00:00,2018-07-30 00:00:00,1,433,0,417
310293,112.11,C,V180,PFO-P/31,Údržba,160,Somet,11016611,2,2007-12-19 00:00:00,2009-02-24 00:00:00,2009-02-24 00:00:00,,433,0,393
37131,112.12,D,V 22,,,150,Somet,,2,2001-12-04 00:00:00,2003-02-10 00:00:00,,,433,433,99999
1013191,112.12,D,V 22,,,150,Schut,906,2,2013-04-10 00:00:00,2014-06-16 00:00:00,2014-06-16 00:00:00,1,432,0,418
1014593,112.12,D,V 22,,,150,MITAKO,907,2,2013-06-19 00:00:00,2014-08-25 00:00:00,2014-08-25 00:00:00,1,432,0,419
1023227,112.12,D,V 22,,,300,MITAKO,907,3,2015-09-23 00:00:00,2017-02-07 00:00:00,2016-11-28 00:00:00,1,432,0,424
3112580,112.12,D,V 22,,,150,,907,4,2021-03-17 00:00:00,2023-11-02 00:00:00,2022-05-23 00:00:00,1,432,0,424
3119650,112.12,D,V 22,,,150,,14015405,2,2024-01-11 00:00:00,2025-03-18 00:00:00,,1,432,432,99999
3113690,112.12,D,V 22,,,300,MITAKO,907,3,2021-07-26 00:00:00,2023-02-21 00:00:00,2022-09-29 00:00:00,1,430,0,426
34032,112.12,D,V 22,,,150,Somet,,2,2001-03-23 00:00:00,2002-05-27 00:00:00,,,430,430,99999
37127,112.12,D,V 22,,,150,Somet,,2,2001-12-04 00:00:00,2003-02-07 00:00:00,,2,430,430,99999
1004058,112.12,D,V 22,,,150,,907,2,2010-06-30 00:00:00,2011-09-02 00:00:00,,1,429,429,99999
1013003,112.12,D,V 22,,,150,Schut,906,2,2013-04-02 00:00:00,2014-06-05 00:00:00,2014-06-05 00:00:00,1,429,0,422
1013192,112.12,D,V 22,,,150,Schut,906,2,2013-04-10 00:00:00,2014-06-13 00:00:00,2014-06-13 00:00:00,1,429,0,415
1017906,112.12,D,V 22,,,150,,907,8,2014-02-12 00:00:00,2020-05-18 00:00:00,2015-04-17 00:00:00,1,429,0,422
1022191,112.12,C,V 22,PKG,Údržba,150,MITAKO,907,8,2015-05-26 00:00:00,2023-03-29 00:00:00,2016-07-28 00:00:00,3,429,0,428
1019386,112.12,D,V 22,,,150,Schut,906,7,2014-07-14 00:00:00,2025-07-01 00:00:00,2015-09-15 00:00:00,1,428,0,418
1025781,112.12,D,V 22,,,200,MITAKO,907,7,2016-06-20 00:00:00,2022-03-21 00:00:00,2017-08-21 00:00:00,1,427,0,392
16232,112.11,D,V 22,,,150,,,2,2001-10-08 00:00:00,2002-12-09 00:00:00,,,427,427,99999
24807,112.11,D,V 22,,,160,Somet,,2,2001-09-07 00:00:00,2002-11-08 00:00:00,,2,427,427,99999
47412,112.12,D,V 10,,,160,Somet,,3,2004-04-06 00:00:00,2005-06-07 00:00:00,,2,427,427,99999
1013190,112.12,D,V 22,,,150,Schut,906,2,2013-04-10 00:00:00,2014-06-10 00:00:00,,1,426,426,99999
200008,112.12,A,GQF,GQF,Kvalita,150,Mitutoyo,,2,2003-11-25 00:00:00,2005-01-24 00:00:00,2005-01-24 00:00:00,1,426,0,941
3112583,112.12,D,V 22,PKG,Hutě,150,,907,5,2021-03-17 00:00:00,2024-06-05 00:00:00,2022-05-17 00:00:00,1,426,0,418
33883,112.11,D,V 22,,,160,Somet,,2,2001-03-16 00:00:00,2002-05-16 00:00:00,,2,426,426,99999
33885,112.11,D,V 22,,,160,Somet,,2,2001-03-16 00:00:00,2002-05-16 00:00:00,,2,426,426,99999
301740,112.12,D,V 22,,,160,Somet,14016458,2,2004-11-26 00:00:00,2006-01-25 00:00:00,2006-01-25 00:00:00,2,425,0,411
305468,112.12,C,M6,,,160,Somet,14016458,3,2005-09-16 00:00:00,2006-11-14 00:00:00,,1,424,424,99999
3116782,112.12,C,M6,,,150,MITAKO,907,2,2022-11-10 00:00:00,2024-01-08 00:00:00,,1,424,424,99999
3116789,112.12,C,M6,,,150,MITAKO,907,2,2022-11-10 00:00:00,2024-01-08 00:00:00,,1,424,424,99999
310420,112.12,D,V 22,,,150,Somet,907,2,2008-02-01 00:00:00,2009-03-30 00:00:00,,1,423,423,99999
45036,112.11,,V 31,,,160,Somet,,2,2002-08-09 00:00:00,2003-10-06 00:00:00,2003-10-06 00:00:00,,423,0,164
48268,112.12,C,M6,,,160,Somet,,2,2004-10-22 00:00:00,2005-12-19 00:00:00,,1,423,423,99999
1007007,112.12,D,V 10,PSW-F,Obrábění,200,Filletta,,2,2011-07-18 00:00:00,2012-09-11 00:00:00,2012-09-11 00:00:00,4,421,0,375
1007351,112.12,C,M6,,,150,,,2,2011-10-13 00:00:00,2012-12-07 00:00:00,,1,421,421,99999
3119649,112.12,D,V 22,,,150,,14015405,3,2024-01-11 00:00:00,2025-03-07 00:00:00,,1,421,421,99999
3119732,112.12,D,V 22,PKH,Obrábění,150,,14015405,2,2024-01-22 00:00:00,2025-03-18 00:00:00,,1,421,421,99999
309146,112.12,D,V 22,,,150,Mitutoyo,500,2,2007-06-19 00:00:00,2008-08-12 00:00:00,,1,420,420,99999
33584,112.11,D,V 22,,,160,Somet,,2,2001-02-01 00:00:00,2002-03-28 00:00:00,2002-03-28 00:00:00,1,420,0,398
1023940,112.12,D,V 22,,,150,Schut,906,5,2015-10-22 00:00:00,2019-04-10 00:00:00,2016-12-14 00:00:00,1,419,0,391
1023944,112.12,D,V 22,,,150,Schut,906,5,2015-10-22 00:00:00,2019-04-11 00:00:00,2016-12-14 00:00:00,1,419,0,391
1023246,112.12,D,V 22,,,150,MITAKO,907,2,2015-09-23 00:00:00,2016-11-14 00:00:00,2016-11-14 00:00:00,1,418,0,410
1023248,112.12,D,V 22,,,150,MITAKO,907,3,2015-09-24 00:00:00,2016-12-19 00:00:00,2016-11-15 00:00:00,1,418,0,411
1023926,112.12,D,V 22,,,150,Schut,906,11,2015-10-22 00:00:00,2025-07-01 00:00:00,2016-12-13 00:00:00,1,418,0,390
1023930,112.12,D,V 22,PKG,Hutě,150,Schut,906,11,2015-10-22 00:00:00,2024-06-05 00:00:00,2016-12-13 00:00:00,1,418,0,390
1024039,112.12,D,V 22,,,300,Mitutoyo,500,2,2015-12-02 00:00:00,2017-01-23 00:00:00,2017-01-23 00:00:00,1,418,0,419
1024629,112.12,D,V 22,,,150,,907,2,2016-02-11 00:00:00,2017-04-04 00:00:00,,1,418,418,99999
35488,112.12,D,V 22,,,150,Somet,,2,2001-07-18 00:00:00,2002-09-09 00:00:00,,,418,418,99999
1018280,112.12,D,V 22,,,150,,907,3,2014-03-27 00:00:00,2015-08-04 00:00:00,2015-05-18 00:00:00,1,417,0,412
1019383,112.12,D,V 22,,,150,Schut,906,2,2014-07-14 00:00:00,2015-09-04 00:00:00,2015-09-04 00:00:00,1,417,0,407
3113713,112.12,D,V 22,,,150,Insize,1112-150,5,2021-07-26 00:00:00,2025-03-07 00:00:00,2022-09-16 00:00:00,1,417,0,413
1018254,112.12,D,V 22,,,150,Schut,906,2,2014-03-25 00:00:00,2015-05-15 00:00:00,2015-05-15 00:00:00,1,416,0,410
1018257,112.12,D,V 22,,,150,Schut,906,2,2014-03-25 00:00:00,2015-05-15 00:00:00,2015-05-15 00:00:00,1,416,0,410
309782,112.12,D,V 22,,,160,Somet,14016459,2,2007-10-26 00:00:00,2008-12-15 00:00:00,2008-12-15 00:00:00,1,416,0,410
3119146,112.12,D,V 22,PKH,Obrábění,150,Insize,1112-150,2,2024-01-26 00:00:00,2025-03-17 00:00:00,,1,416,416,99999
1024038,112.12,D,V 22,,,300,Mitutoyo,500,2,2015-12-02 00:00:00,2017-01-20 00:00:00,2017-01-20 00:00:00,1,415,0,416
1027891,112.12,D,V 22,,,150,,,2,2017-01-04 00:00:00,2018-02-23 00:00:00,2018-02-23 00:00:00,1,415,0,407
33922,112.12,D,V 22,,,150,Somet,,2,2001-03-20 00:00:00,2002-05-09 00:00:00,,,415,415,99999
1002121,112.12,D,V 22,,,150,Somet,907,2,2009-07-09 00:00:00,2010-08-27 00:00:00,,1,414,414,99999
1027898,112.12,C,V 22,PKG,Údržba,150,,00539390,7,2017-01-04 00:00:00,2021-03-09 00:00:00,2018-02-22 00:00:00,4,414,0,406
310927,112.12,D,V 22,,,150,Somet,907,2,2008-04-17 00:00:00,2009-06-05 00:00:00,,1,414,414,99999
3109956,112.12,D,V 22,,,150,Insize,1112-150,2,2020-03-18 00:00:00,2021-05-05 00:00:00,,1,413,413,99999
1017665,112.12,D,V 22,,,150,MITAKO,907,3,2014-01-24 00:00:00,2015-04-09 00:00:00,2015-03-12 00:00:00,1,412,0,409
3115058,112.12,C,M6,,,150,MITAKO,907,2,2022-02-11 00:00:00,2023-03-30 00:00:00,2023-03-30 00:00:00,1,412,0,398
1018276,112.12,D,V 22,,,150,,907,4,2014-03-27 00:00:00,2017-11-27 00:00:00,2015-05-12 00:00:00,2,411,0,406
1022772,112.12,D,V 22,,,150,,573,2,2015-07-31 00:00:00,2016-09-14 00:00:00,,1,411,411,99999
1027504,112.12,D,V 22,,,150,MITAKO,907,2,2016-12-07 00:00:00,2018-01-22 00:00:00,2018-01-22 00:00:00,1,411,0,406
1027889,112.12,D,V 22,,,150,,,2,2017-01-04 00:00:00,2018-02-19 00:00:00,,1,411,411,99999
1028943,112.12,D,V 22,,,300,Mitutoyo,500,2,2017-04-06 00:00:00,2018-05-22 00:00:00,2018-05-22 00:00:00,1,411,0,393
1042995,112.12,C,M6,,,150,MITAKO,907,3,2018-02-09 00:00:00,2019-09-12 00:00:00,2019-03-26 00:00:00,1,410,0,403
3116584,112.12,D,V 10,PSW-F,Obrábění,300,Mitutoyo,,2,2022-10-21 00:00:00,2023-12-05 00:00:00,,4,410,410,99999
3116585,112.12,D,V 29,PSW-V,Obrábění,300,Mitutoyo,,2,2022-10-21 00:00:00,2023-12-05 00:00:00,,4,410,410,99999
3116586,112.12,C,V 10,PSW-F,Montáž,300,Mitutoyo,,2,2022-10-21 00:00:00,2023-12-05 00:00:00,,4,410,410,99999
3116704,112.12,B,V 29,PSW-T,Sklad,300,Mitutoyo,,2,2022-10-21 00:00:00,2023-12-05 00:00:00,,4,410,410,99999
1002045,112.12,D,V 22,,,150,Schut,906,2,2009-06-16 00:00:00,2010-07-30 00:00:00,,1,409,409,99999
1002047,112.12,D,V 22,,,150,Schut,906,2,2009-06-16 00:00:00,2010-07-30 00:00:00,,1,409,409,99999
1002049,112.12,D,V 22,,,150,Schut,906,7,2009-06-16 00:00:00,2014-05-19 00:00:00,2010-07-30 00:00:00,1,409,0,400
1017660,112.12,D,V 22,,,150,MITAKO,907,2,2014-01-20 00:00:00,2015-03-05 00:00:00,2015-03-05 00:00:00,1,409,0,402
1019384,112.12,D,V 22,,,150,Schut,906,2,2014-07-14 00:00:00,2015-08-26 00:00:00,2015-08-26 00:00:00,1,408,0,398
1027503,112.12,D,V 22,PKG,Hutě,150,MITAKO,907,10,2016-12-07 00:00:00,2025-05-12 00:00:00,2018-01-19 00:00:00,1,408,0,403
1030559,112.12,D,V 22,,,150,MITAKO,907,2,2017-10-31 00:00:00,2018-12-13 00:00:00,2018-12-13 00:00:00,1,408,0,402
307134,112.12,C,M6,,,160,Somet,,2,2006-05-02 00:00:00,2007-06-14 00:00:00,2007-06-14 00:00:00,1,408,0,399
1002379,112.12,D,V 22,,,150,,,4,2009-08-24 00:00:00,2013-01-10 00:00:00,2010-10-05 00:00:00,2,407,0,397
1003645,112.12,D,V 22,,,150,,907,5,2010-04-20 00:00:00,2011-10-05 00:00:00,2011-06-01 00:00:00,1,407,31,394
1030571,112.12,D,V 22,,,150,MITAKO,907,9,2017-10-31 00:00:00,2025-08-08 00:00:00,2018-12-12 00:00:00,1,407,0,401
3114797,112.12,B,V 22,PKG,"Technologie, konstrukce",150,Insize,1187-150,2,2022-01-13 00:00:00,2023-02-24 00:00:00,,3,407,407,99999
37132,112.12,D,V 22,,,150,Somet,,2,2001-12-04 00:00:00,2003-01-15 00:00:00,2003-01-15 00:00:00,,407,0,391
1030554,112.12,D,V 22,,,150,MITAKO,907,2,2017-10-31 00:00:00,2018-12-11 00:00:00,,1,406,406,99999
1009068,112.12,D,V 22,,,150,MITAKO,907,6,2012-04-25 00:00:00,2017-07-14 00:00:00,2013-06-04 00:00:00,1,405,0,390
1011771,112.12,D,V 22,,,150,MITAKO,907,2,2013-01-09 00:00:00,2014-02-18 00:00:00,,1,405,405,99999
34030,112.12,D,V 22,,,150,Somet,,2,2001-03-23 00:00:00,2002-05-02 00:00:00,,2,405,405,99999
1003671,112.12,B,V 29,PSW-S,Vedení,150,,,2,2010-04-22 00:00:00,2011-05-31 00:00:00,,4,404,404,99999
24799,112.11,D,V 22,,,160,Somet,,2,2001-08-31 00:00:00,2002-10-09 00:00:00,,1,404,404,99999
3115057,112.12,C,M6,,,150,MITAKO,907,2,2022-02-11 00:00:00,2023-03-22 00:00:00,,1,404,404,99999
1009806,112.12,D,V 22,,,150,Mitutoyo,500,2,2012-06-26 00:00:00,2013-08-02 00:00:00,,4,402,402,99999
3117658,112.12,D,M6,PKM,Obrábění,150,MITAKO,907,2,2023-03-06 00:00:00,2024-04-11 00:00:00,,2,402,402,99999
3115689,112.12,C,VL10,,,150,Kinex,,2,2022-04-13 00:00:00,2023-05-18 00:00:00,2023-05-18 00:00:00,4,400,0,371
1019148,112.12,D,V 22,,,150,,907,2,2014-07-01 00:00:00,2015-08-04 00:00:00,,1,399,399,99999
1023924,112.12,D,V 22,PKG,Hutě,150,Schut,906,11,2015-10-22 00:00:00,2024-06-05 00:00:00,2016-11-24 00:00:00,1,399,0,371
307137,112.12,C,M6,,,160,Somet,,2,2006-05-02 00:00:00,2007-06-05 00:00:00,2007-06-05 00:00:00,,399,0,390
1023942,112.12,D,V 22,,,150,Schut,906,10,2015-10-22 00:00:00,2025-07-01 00:00:00,2016-11-23 00:00:00,1,398,0,370
34036,112.12,D,V 22,,,150,Somet,,2,2001-03-23 00:00:00,2002-04-25 00:00:00,,,398,398,99999
1043273,112.12,D,V 22,,,150,MITAKO,907,2,2017-12-20 00:00:00,2019-01-21 00:00:00,,4,397,397,99999
1028109,112.12,D,V 22,,,150,Schut,906,4,2017-01-16 00:00:00,2019-09-16 00:00:00,2018-02-16 00:00:00,1,396,0,386
25349,112.12,D,V 22,,,150,Samson,,2,2001-08-03 00:00:00,2002-09-03 00:00:00,,2,396,396,99999
1005307,112.11,D,V 22,,,160,Somet,11016551,2,2011-01-07 00:00:00,2012-02-06 00:00:00,,2,395,395,99999
1030558,112.12,D,V 22,,,150,MITAKO,907,2,2017-10-31 00:00:00,2018-11-30 00:00:00,,1,395,395,99999
311020,112.12,C,M6,,,150,,14015459,2,2008-05-12 00:00:00,2009-06-11 00:00:00,,1,395,395,99999
43340,112.12,D,V 22,,,160,Somet,,2,2002-11-15 00:00:00,2003-12-15 00:00:00,2003-12-15 00:00:00,2,395,0,377
1024655,112.12,D,V 22,,,150,MITAKO,907,2,2016-02-17 00:00:00,2017-03-17 00:00:00,,1,394,394,99999
1029297,112.12,D,V 22,,,150,MITAKO,907,2,2017-05-23 00:00:00,2018-06-21 00:00:00,,1,394,394,99999
3115040,112.12,D,V 22,,,150,MITAKO,907,4,2022-02-21 00:00:00,2025-05-12 00:00:00,2023-03-22 00:00:00,1,394,0,390
15354,112.11,D,V 22,,,150,China,,2,2001-02-01 00:00:00,2002-03-01 00:00:00,2002-03-01 00:00:00,,393,0,1208
1009915,112.12,D,VR/PKD/31,PKD/11,Obrábění,150,Mahr,,2,2012-06-28 00:00:00,2013-07-25 00:00:00,,1,392,392,99999
1023925,112.12,D,V 22,,,150,Schut,906,5,2015-10-22 00:00:00,2023-11-29 00:00:00,2016-11-16 00:00:00,1,391,0,363
1027526,112.12,D,V 22,,,200,MITAKO,907,7,2016-12-07 00:00:00,2024-01-11 00:00:00,2018-01-02 00:00:00,1,391,0,386
1030552,112.12,D,V 22,,,150,MITAKO,907,2,2017-10-31 00:00:00,2018-11-26 00:00:00,,1,391,391,99999
1030557,112.12,D,V 22,,,150,MITAKO,907,3,2017-10-31 00:00:00,2019-01-31 00:00:00,2018-11-26 00:00:00,1,391,0,385
25294,112.11,D,V 22,,,160,Somet,,2,2001-04-27 00:00:00,2002-05-23 00:00:00,,2,391,391,99999
25331,112.12,D,V 22,,,150,Samson,,2,2001-03-30 00:00:00,2002-04-25 00:00:00,,,391,391,99999
3107186,112.12,C,M6,,,150,MITAKO,907,2,2019-05-29 00:00:00,2020-06-23 00:00:00,,1,391,391,99999
3119997,112.12,D,V 22,,,150,MITAKO,907,2,2024-02-21 00:00:00,2025-03-18 00:00:00,,4,391,391,99999
14920,112.11,D,V 22,,,150,,,2,2001-09-07 00:00:00,2002-10-02 00:00:00,,,390,390,99999
1009917,112.12,D,VR/PKD/31,PKD/11,Obrábění,150,Mahr,,2,2012-06-28 00:00:00,2013-07-22 00:00:00,,1,389,389,99999
1030556,112.12,D,V 22,,,150,MITAKO,907,3,2017-10-31 00:00:00,2019-01-31 00:00:00,2018-11-23 00:00:00,1,388,0,382
25317,112.12,D,V 22,,,150,Samson,,2,2002-04-30 00:00:00,2003-05-23 00:00:00,2003-05-23 00:00:00,3,388,0,1331
1011783,112.12,D,V 22,,,150,MITAKO,907,2,2013-01-09 00:00:00,2014-01-31 00:00:00,,1,387,387,99999
1017903,112.12,D,V 22,,,150,Schut,906,2,2014-02-11 00:00:00,2015-03-05 00:00:00,2015-03-05 00:00:00,1,387,0,379
1023243,112.12,D,V 22,,,150,MITAKO,907,2,2015-09-23 00:00:00,2016-10-14 00:00:00,,1,387,387,99999
1023245,112.12,D,V 22,,,150,MITAKO,907,2,2015-09-23 00:00:00,2016-10-14 00:00:00,2016-10-14 00:00:00,1,387,0,379
1030567,112.12,D,V 22,,,150,MITAKO,907,3,2017-10-31 00:00:00,2019-01-31 00:00:00,2018-11-22 00:00:00,1,387,0,381
1030568,112.12,D,V 22,,,150,MITAKO,907,2,2017-10-31 00:00:00,2018-11-22 00:00:00,2018-11-22 00:00:00,1,387,0,381
312251,112.12,D,V 22,,,300,,,2,2009-02-02 00:00:00,2010-02-24 00:00:00,2010-02-24 00:00:00,1,387,0,380
1019982,112.12,D,V 22,,,150,Schut,906,2,2014-09-23 00:00:00,2015-10-14 00:00:00,,1,386,386,99999
17115,112.11,D,V 22,,,160,Somet,,2,2000-12-21 00:00:00,2002-01-11 00:00:00,,1,386,386,99999
47088,112.12,D,V 22,,,160,Somet,,2,2004-02-25 00:00:00,2005-03-17 00:00:00,,2,386,386,99999
1022183,112.12,D,V 22,,,150,MITAKO,907,4,2015-05-26 00:00:00,2017-03-23 00:00:00,2016-06-14 00:00:00,1,385,0,384
1023233,112.12,D,V 22,,,150,MITAKO,907,2,2015-09-23 00:00:00,2016-10-12 00:00:00,,1,385,385,99999
1030563,112.12,D,V 22,,,150,MITAKO,907,3,2017-10-31 00:00:00,2019-01-31 00:00:00,2018-11-20 00:00:00,1,385,0,379
25320,112.12,D,V 22,,,150,Samson,,2,2001-03-20 00:00:00,2002-04-08 00:00:00,,3,384,384,99999
44243,112.12,C,M6,,,160,Somet,,11,2003-01-24 00:00:00,2012-01-26 00:00:00,2004-02-12 00:00:00,1,384,126,363
24791,112.11,D,V 22,,,160,Somet,,2,2001-03-23 00:00:00,2002-04-09 00:00:00,,1,382,382,99999
3117655,112.12,D,M6,PKM,Obrábění,150,MITAKO,907,3,2023-03-06 00:00:00,2024-06-05 00:00:00,2024-03-21 00:00:00,1,381,0,379
1003646,112.12,D,V 22,,,150,,907,3,2010-04-20 00:00:00,2011-05-05 00:00:00,,1,380,380,99999
1023261,112.12,D,V 22,,,150,Schut,906,4,2015-09-30 00:00:00,2016-12-15 00:00:00,2016-10-14 00:00:00,1,380,0,379
1023262,112.12,D,V 22,,,150,Schut,906,11,2015-09-30 00:00:00,2025-03-14 00:00:00,2016-10-14 00:00:00,1,380,0,379
312250,112.12,D,V 22,,,300,,,2,2009-02-02 00:00:00,2010-02-17 00:00:00,,1,380,380,99999
1023252,112.12,D,V 22,,,150,Schut,906,3,2015-09-30 00:00:00,2016-12-15 00:00:00,2016-10-12 00:00:00,1,378,0,377
1023257,112.12,D,V 22,PKG,Hutě,150,Schut,906,10,2015-09-30 00:00:00,2023-11-29 00:00:00,2016-10-12 00:00:00,1,378,0,377
14867,112.11,D,V 22,,,150,China,,2,2002-03-05 00:00:00,2003-03-18 00:00:00,2003-03-18 00:00:00,,378,0,1590
14947,112.11,D,V 22,,,150,China,,2,2002-03-05 00:00:00,2003-03-18 00:00:00,2003-03-18 00:00:00,,378,0,1590
14951,112.11,D,V 22,,,150,China,,2,2002-03-05 00:00:00,2003-03-18 00:00:00,,2,378,378,99999
15053,112.12,D,V 22,,,150,HHW,,2,2001-02-09 00:00:00,2002-02-22 00:00:00,,,378,378,99999
1023250,112.12,D,V 22,,,150,Schut,906,8,2015-09-30 00:00:00,2022-07-28 00:00:00,2016-10-11 00:00:00,1,377,0,376
1023264,112.12,D,V 22,,,150,Schut,906,11,2015-09-30 00:00:00,2025-07-01 00:00:00,2016-10-11 00:00:00,1,377,0,376
38450,112.11,C,M6,,,200,TESA,,9,2002-05-02 00:00:00,2013-01-16 00:00:00,2003-05-14 00:00:00,2,377,0,364
1011443,112.12,D,VR/PKD/31,PKD/12,Obrábění,150,Mitutoyo,,2,2012-11-27 00:00:00,2013-12-02 00:00:00,2013-12-02 00:00:00,1,370,0,360
1011446,112.12,D,VR/PKD/31,PKD/12,Obrábění,150,Mitutoyo,,2,2012-11-27 00:00:00,2013-12-02 00:00:00,2013-12-02 00:00:00,1,370,0,360
1023929,112.12,D,V 22,PKG,Hutě,150,Schut,906,10,2015-10-22 00:00:00,2023-11-29 00:00:00,2016-10-24 00:00:00,1,368,0,340
302984,112.12,C,M6,,,160,Somet,14016458,2,2005-04-21 00:00:00,2006-04-24 00:00:00,,,368,368,99999
1023946,112.12,C,V160,,,300,,,2,2015-11-12 00:00:00,2016-11-11 00:00:00,,4,365,365,99999
25348,112.12,C,M6,,,150,Samson,,2,2002-04-29 00:00:00,2003-04-28 00:00:00,2003-04-28 00:00:00,,364,0,1306
1029847,112.12,D,V 22,,,300,Mitutoyo,551,2,2017-08-24 00:00:00,2018-08-20 00:00:00,,1,361,361,99999
1006351,112.12,D,V 22,,,300,Mitutoyo,500,6,2011-06-16 00:00:00,2015-01-15 00:00:00,2012-06-06 00:00:00,1,356,0,362
310934,112.12,D,V 22,,,150,Somet,907,2,2008-04-08 00:00:00,2009-03-30 00:00:00,,2,356,356,99999
308994,112.12,D,V 10,,,160,Somet,14016459,2,2007-05-03 00:00:00,2008-04-21 00:00:00,,4,354,354,99999
311028,112.12,D,V 29,,,150,,14015459,2,2008-05-12 00:00:00,2009-04-28 00:00:00,2009-04-28 00:00:00,4,351,0,344
3114264,112.12,C,V270,PF2-K,Svařovna,150,Insize,,2,2021-10-18 00:00:00,2022-10-03 00:00:00,,4,350,350,99999
48200,112.12,D,V 10,,,160,Somet,14016458,2,2004-10-07 00:00:00,2005-09-22 00:00:00,,2,350,350,99999
1006349,112.12,D,V 22,,,300,Mitutoyo,500,4,2011-06-15 00:00:00,2014-06-26 00:00:00,2012-05-28 00:00:00,1,348,0,353
1011479,112.12,D,V 22,,,150,Somet,,2,2012-12-13 00:00:00,2013-11-25 00:00:00,,2,347,347,99999
3114057,112.12,C,V160,PFO-P/31,Údržba,150,Insize,,2,2021-09-29 00:00:00,2022-09-05 00:00:00,,4,341,341,99999
1002578,112.12,D,V 22,,,150,,,2,2009-09-22 00:00:00,2010-08-27 00:00:00,,4,339,339,99999
35095,112.12,C,M6,,,200,TESA,,3,2001-06-18 00:00:00,2002-05-22 00:00:00,2002-05-22 00:00:00,,338,329,338
1016950,112.12,D,VR/PKD/31,,,150,Mitutoyo,,2,2013-07-10 00:00:00,2014-06-12 00:00:00,2014-06-12 00:00:00,1,337,0,209
1030152,112.12,D,V270,,,150,KMITEX,,2,2017-09-12 00:00:00,2018-08-15 00:00:00,2018-08-15 00:00:00,4,337,0,327
40270,112.12,D,V 22,,,150,Somet,,2,2002-06-11 00:00:00,2003-05-13 00:00:00,,,336,336,99999
38447,112.11,C,M6,,,200,TESA,,8,2002-05-02 00:00:00,2010-02-01 00:00:00,2003-03-31 00:00:00,2,333,0,320
1002037,112.12,D,V 22,,,150,Somet,907,19,2009-06-02 00:00:00,2022-08-30 00:00:00,2010-04-27 00:00:00,1,329,0,307
1022170,112.12,D,V 22,,,150,MITAKO,907,3,2015-05-26 00:00:00,2016-08-25 00:00:00,2016-04-19 00:00:00,1,329,0,328
311682,112.12,C,V160,,,150,,,6,2008-10-09 00:00:00,2022-12-05 00:00:00,2009-09-02 00:00:00,4,328,0,316
47417,112.12,C,M6,,,160,Somet,,2,2004-04-07 00:00:00,2005-02-25 00:00:00,,1,324,324,99999
1022180,112.12,D,V 22,,,150,MITAKO,907,2,2015-05-26 00:00:00,2016-04-13 00:00:00,,1,323,323,99999
303639,112.12,D,V 22,,,160,Somet,14016458,2,2005-05-18 00:00:00,2006-04-04 00:00:00,,1,321,321,99999
28404,112.12,C,M6,,,150,Somet,,15,2000-04-27 00:00:00,2013-12-17 00:00:00,2001-03-12 00:00:00,1,319,0,319
1016412,112.11,D,V 22,,,160,Somet,11016611,4,2013-10-08 00:00:00,2020-07-22 00:00:00,2014-08-21 00:00:00,4,317,0,315
1023225,112.12,D,V 22,,,200,Schut,906,10,2015-09-30 00:00:00,2025-01-06 00:00:00,2016-08-11 00:00:00,1,316,0,315
307130,112.12,C,M6,,,160,Somet,,3,2006-05-02 00:00:00,2007-05-22 00:00:00,2007-03-13 00:00:00,1,315,0,306
1004605,112.11,D,V270,,,160,Somet,,2,2010-09-06 00:00:00,2011-07-15 00:00:00,,6,312,312,99999
41587,112.11,D,V 10,,,,,,2,2002-10-22 00:00:00,2003-08-28 00:00:00,2003-08-28 00:00:00,2,310,0,344
47534,112.12,D,V 22,,,150,Somet,,2,2004-04-29 00:00:00,2005-03-03 00:00:00,,2,308,308,99999
1030605,112.12,D,V 22,,,150,MITAKO,907,3,2017-11-08 00:00:00,2018-09-11 00:00:00,,1,307,307,99999
3116932,112.12,D,V 10,PSW-F,Obrábění,200,Somet,,2,2022-01-22 00:00:00,2022-11-22 00:00:00,,4,304,304,99999
1018800,112.11,D,V 22,,,160,Somet,11016611,2,2014-05-15 00:00:00,2015-03-11 00:00:00,,5,300,300,99999
1027515,112.12,D,V 22,,,150,MITAKO,907,9,2016-12-07 00:00:00,2025-01-14 00:00:00,2017-10-03 00:00:00,1,300,0,295
3109520,112.12,D,PSZ/3,PSZ/3,Obrábění,,,,3,2020-04-29 00:00:00,2021-06-15 00:00:00,2021-02-22 00:00:00,3,299,0,369
301746,112.12,D,V 22,,,160,Somet,,6,2004-11-26 00:00:00,2012-02-13 00:00:00,2005-09-16 00:00:00,1,294,0,280
311586,112.12,D,V 22,,,150,Somet,907,2,2008-09-25 00:00:00,2009-07-16 00:00:00,,1,294,294,99999
44894,112.11,,V 31,,,150,,,2,2003-02-18 00:00:00,2003-12-01 00:00:00,2003-12-01 00:00:00,,286,0,234
307131,112.12,C,M6,,,160,Somet,,2,2006-05-02 00:00:00,2007-02-06 00:00:00,2007-02-06 00:00:00,1,280,0,271
307136,112.12,C,M6,,,160,Somet,,2,2006-05-02 00:00:00,2007-02-06 00:00:00,2007-02-06 00:00:00,1,280,0,271
308991,112.12,D,V 29,,,160,Somet,14016459,2,2007-05-03 00:00:00,2008-02-06 00:00:00,2008-02-06 00:00:00,,279,0,266
1004617,112.12,D,V 10,PSW-F,Obrábění,150,,,2,2010-08-31 00:00:00,2011-05-31 00:00:00,,4,273,273,99999
38733,112.11,D,V 29,PSW-V,Obrábění,300,,,7,2002-10-14 00:00:00,2013-06-19 00:00:00,2003-07-11 00:00:00,4,270,269,416
309874,112.11,C,V 10,PSW-F,Montáž,160,Somet,11016511,2,2007-10-30 00:00:00,2008-07-25 00:00:00,,4,269,269,99999
306673,112.12,D,V 22,,,160,Somet,14016458,7,2006-02-10 00:00:00,2013-10-10 00:00:00,2006-10-31 00:00:00,1,263,0,250
1020007,112.12,D,V 22,,,150,MITAKO,907,2,2014-09-15 00:00:00,2015-06-03 00:00:00,,1,261,261,99999
1004614,112.12,C,V 31,PSW-P,Montáž,150,,,2,2010-08-31 00:00:00,2011-05-16 00:00:00,,4,258,258,99999
1012193,112.12,C,VR/PKD/31,PKD/15,Montáž,150,Kinex,,2,2012-11-27 00:00:00,2013-08-12 00:00:00,2013-08-12 00:00:00,1,258,0,180
43211,112.11,D,V 10,,,160,Somet,,2,2002-07-25 00:00:00,2003-04-07 00:00:00,2003-04-07 00:00:00,2,256,0,132
44904,112.11,,V 31,,,150,Somet,,2,2003-02-25 00:00:00,2003-11-04 00:00:00,,,252,252,99999
44242,112.12,C,M6,,,160,Somet,,4,2003-01-24 00:00:00,2005-07-20 00:00:00,2003-10-02 00:00:00,,251,0,230
1004810,112.11,D,V 10,PSW-F,Obrábění,160,,,2,2010-09-24 00:00:00,2011-05-31 00:00:00,,4,249,249,99999
1019154,112.12,D,V 22,,,150,,907,2,2014-07-01 00:00:00,2015-03-06 00:00:00,,1,248,248,99999
3119022,112.12,D,V 22,PKM,Obrábění,150,MITAKO,907,3,2023-09-26 00:00:00,2024-09-10 00:00:00,2024-05-30 00:00:00,1,247,0,233
3109669,112.12,C,M6,PKP,Montáž,150,MITAKO,907,7,2020-01-14 00:00:00,2025-07-25 00:00:00,2020-09-16 00:00:00,1,246,0,195
45070,112.12,C,M6,,,160,Somet,14016458,3,2003-04-10 00:00:00,2003-12-11 00:00:00,,1,245,245,99999
45071,112.12,C,M6,,,160,Somet,14016458,2,2003-04-10 00:00:00,2003-12-11 00:00:00,,1,245,245,99999
306486,112.11,D,V 22,,,160,Somet,,2,2005-12-20 00:00:00,2006-08-18 00:00:00,2006-08-18 00:00:00,,241,0,213
1004622,112.12,D,V 29,PSW-V,Obrábění,200,Somet,,5,2010-08-31 00:00:00,2022-04-29 00:00:00,2011-04-27 00:00:00,4,239,0,230
46544,112.12,D,V 22,,,160,Somet,,2,2003-11-11 00:00:00,2004-07-02 00:00:00,2004-07-02 00:00:00,2,234,0,220
46547,112.12,D,V 22,,,200,Somet,,2,2003-11-11 00:00:00,2004-07-02 00:00:00,2004-07-02 00:00:00,4,234,0,220
307338,112.11,D,V 22,PKG,Hutě,160,Somet,,2,2006-06-06 00:00:00,2007-01-24 00:00:00,,2,232,232,99999
45200,112.12,,V 31,,,150,Somet,,2,2003-01-21 00:00:00,2003-09-10 00:00:00,2003-09-10 00:00:00,,232,0,121
1020013,112.12,D,V 22,,,150,MITAKO,907,2,2014-09-15 00:00:00,2015-05-04 00:00:00,,1,231,231,99999
310378,112.12,C,M6,,,150,,14015459,3,2008-02-01 00:00:00,2008-09-17 00:00:00,,1,229,229,99999
36144,112.12,D,V 22,,,150,Mitutoyo,500,2,2001-10-08 00:00:00,2002-05-22 00:00:00,,2,226,226,99999
45986,112.12,D,V 29,,,160,Somet,,3,2003-08-12 00:00:00,2004-03-24 00:00:00,,,225,225,99999
1002455,112.12,D,V 22,,,150,Somet,,3,2009-09-10 00:00:00,2010-04-22 00:00:00,,1,224,224,99999
1005730,112.12,B,V 10,PSW-S,Vedení,200,,,3,2011-02-11 00:00:00,2011-09-19 00:00:00,,4,220,220,99999
306675,112.12,D,V 22,,,160,Somet,14016458,6,2006-02-10 00:00:00,2019-05-09 00:00:00,2006-09-13 00:00:00,4,215,0,202
3116230,112.12,D,V 22,,,150,MITAKO,907,2,2022-09-05 00:00:00,2023-04-06 00:00:00,2023-04-06 00:00:00,1,213,0,211
301814,112.12,D,V 22,,,160,Somet,14016458,2,2004-12-14 00:00:00,2005-07-11 00:00:00,2005-07-11 00:00:00,2,209,0,195
44239,112.12,D,V 22,,,160,Somet,,2,2003-01-24 00:00:00,2003-08-11 00:00:00,,2,199,199,99999
3112842,112.12,D,V 22,,,150,MITAKO,907,5,2021-03-16 00:00:00,2024-01-10 00:00:00,2021-09-30 00:00:00,1,198,0,162
3113295,112.12,D,PSZ/3,PSZ/3,Obrábění,,KMITEX,,2,2021-05-28 00:00:00,2021-12-07 00:00:00,2021-12-07 00:00:00,3,193,0,188
1030602,112.12,D,V 22,PKH,Obrábění,150,MITAKO,907,8,2017-11-08 00:00:00,2024-05-06 00:00:00,2018-05-18 00:00:00,1,191,0,186
1018056,112.12,C,M6,,,150,MITAKO,907,8,2014-02-24 00:00:00,2019-10-22 00:00:00,2014-09-01 00:00:00,1,189,0,182
1001858,112.12,D,V 22,,,150,Somet,907,3,2009-05-06 00:00:00,2009-11-05 00:00:00,,1,183,183,99999
48266,112.12,D,V 22,,,160,Somet,,2,2004-10-22 00:00:00,2005-04-21 00:00:00,,1,181,181,99999
43322,112.11,D,V 22,,,160,Somet,,2,2002-11-15 00:00:00,2003-05-13 00:00:00,,3,179,179,99999
43325,112.11,D,V 22,,,160,Somet,,2,2002-11-15 00:00:00,2003-05-13 00:00:00,,2,179,179,99999
1007939,112.12,D,V 22,,,150,Somet,907,2,2012-01-06 00:00:00,2012-06-25 00:00:00,,1,171,171,99999
48127,112.12,D,V 22,,,160,Somet,14016458,2,2004-09-14 00:00:00,2005-03-03 00:00:00,2005-03-03 00:00:00,2,170,0,154
303637,112.12,D,V 22,,,160,Somet,,2,2005-05-18 00:00:00,2005-11-01 00:00:00,,2,167,167,99999
303640,112.12,D,V 22,,,160,Somet,,2,2005-05-18 00:00:00,2005-11-01 00:00:00,,2,167,167,99999
42139,112.12,D,V 22,,,160,Somet,,2,2002-09-27 00:00:00,2003-03-13 00:00:00,2003-03-13 00:00:00,2,167,0,150
37128,112.12,D,V 22,,,160,Somet,,8,2001-12-04 00:00:00,2012-02-03 00:00:00,2002-05-16 00:00:00,4,163,0,147
1006093,112.12,D,V 22,,,150,MITAKO,907,2,2011-05-03 00:00:00,2011-10-10 00:00:00,,1,160,160,99999
3115043,112.12,D,V 22,,,150,MITAKO,907,2,2022-02-21 00:00:00,2022-07-28 00:00:00,,1,157,157,99999
42147,112.12,D,V 22,,,160,Somet,,2,2002-09-27 00:00:00,2003-02-25 00:00:00,,2,151,151,99999
301764,112.12,C,M6,,,160,Somet,14016458,4,2004-11-26 00:00:00,2006-05-25 00:00:00,2005-04-21 00:00:00,,146,70,132
312616,112.12,D,V 22,,,150,,907,2,2009-02-20 00:00:00,2009-07-16 00:00:00,,1,146,146,99999
44949,112.11,,V 31,,,150,VIK,,2,2003-02-18 00:00:00,2003-07-14 00:00:00,2003-07-14 00:00:00,,146,0,89
45022,112.11,,V 31,,,150,Somet,,2,2003-02-18 00:00:00,2003-07-09 00:00:00,2003-07-09 00:00:00,,141,0,76
1021201,112.12,D,V 22,,,150,MITAKO,907,8,2015-02-16 00:00:00,2021-01-11 00:00:00,2015-06-29 00:00:00,1,133,0,130
311593,112.12,C,M6,,,150,,,2,2008-09-25 00:00:00,2009-01-30 00:00:00,2009-01-30 00:00:00,1,127,0,116
1010720,112.12,D,V 22,,,150,MITAKO,907,2,2012-09-13 00:00:00,2013-01-16 00:00:00,,1,125,125,99999
3116233,112.12,D,V 22,,,150,MITAKO,907,2,2022-09-05 00:00:00,2023-01-04 00:00:00,,1,121,121,99999
3116238,112.12,D,V 22,,,150,MITAKO,907,2,2022-09-05 00:00:00,2023-01-04 00:00:00,2023-01-04 00:00:00,1,121,0,119
309557,112.12,C,M6,,,160,Somet,14016459,2,2007-09-10 00:00:00,2008-01-08 00:00:00,2008-01-08 00:00:00,,120,0,106
3113940,112.12,D,V 22,,,300,Insize,1112-300,2,2021-08-16 00:00:00,2021-12-08 00:00:00,,1,114,114,99999
41061,112.12,D,V 22,,,160,Somet,,2,2002-08-19 00:00:00,2002-12-10 00:00:00,,2,113,113,99999
27335,112.12,D,V 22,,,150,HHW,,2,2002-11-21 00:00:00,2003-03-07 00:00:00,,2,106,106,99999
308273,112.11,D,V 22,,,160,Somet,11016651,2,2006-10-13 00:00:00,2007-01-26 00:00:00,2007-01-26 00:00:00,,105,0,10
48267,112.12,C,M6,,,160,Somet,14016458,4,2004-10-22 00:00:00,2007-02-19 00:00:00,2005-02-04 00:00:00,1,105,0,85
311018,112.12,C,M6,,,150,,14015459,3,2008-05-12 00:00:00,2009-11-10 00:00:00,2008-08-22 00:00:00,1,102,0,95
311266,112.12,C,M6,,,150,,,2,2008-07-14 00:00:00,2008-10-06 00:00:00,2008-10-06 00:00:00,1,84,0,80
3114972,112.12,B,V 29,PSW-T,Sklad,150,Somet,,2,2022-02-03 00:00:00,2022-04-28 00:00:00,2022-04-28 00:00:00,4,84,0,71
1002261,112.12,D,V 22,,,150,,,2,2009-07-29 00:00:00,2009-09-30 00:00:00,2009-09-30 00:00:00,1,63,0,54
309216,112.12,D,V 22,,,300,Somet,14030459,10,2007-07-13 00:00:00,2016-02-10 00:00:00,2007-09-13 00:00:00,1,62,0,55
48269,112.12,D,V 22,,,160,Somet,,2,2004-10-22 00:00:00,2004-12-21 00:00:00,2004-12-21 00:00:00,1,60,0,40
1005717,112.11,D,V 29,,,160,Somet,,2,2011-02-11 00:00:00,2011-03-28 00:00:00,,4,45,45,99999
1005718,112.11,C,V 10,PSW-F,Montáž,160,Somet,,2,2011-02-11 00:00:00,2011-03-28 00:00:00,,4,45,45,99999
1005721,112.11,C,V 31,PSW-P,Montáž,160,Somet,,2,2011-02-11 00:00:00,2011-03-28 00:00:00,,4,45,45,99999
1005722,112.11,D,V 10,PSW-F,Obrábění,160,Somet,,2,2011-02-11 00:00:00,2011-03-28 00:00:00,,4,45,45,99999
1005726,112.11,D,V 31,PSW-P,Obrábění,160,Somet,,2,2011-02-11 00:00:00,2011-03-28 00:00:00,,4,45,45,99999
1005708,112.12,C,V 29,PSW-V,Montáž,150,,,2,2011-02-11 00:00:00,2011-03-23 00:00:00,,4,40,40,99999
1005711,112.12,D,V 31,PSW-P,Obrábění,150,,,2,2011-02-11 00:00:00,2011-03-23 00:00:00,,4,40,40,99999
1005712,112.12,C,V 10,PSW-F,Montáž,150,,,2,2011-02-11 00:00:00,2011-03-23 00:00:00,,4,40,40,99999
1005713,112.12,D,V 31,PSW-P,Obrábění,150,,,2,2011-02-11 00:00:00,2011-03-23 00:00:00,,4,40,40,99999
1005714,112.12,D,V 31,PSW-P,Obrábění,150,,,2,2011-02-11 00:00:00,2011-03-23 00:00:00,,4,40,40,99999
1005716,112.12,D,V 31,PSW-P,Obrábění,150,,,2,2011-02-11 00:00:00,2011-03-23 00:00:00,,4,40,40,99999
1005731,112.12,D,V 10,PSW-F,Obrábění,200,,,2,2011-02-11 00:00:00,2011-03-23 00:00:00,,4,40,40,99999
44568,112.12,D,V 22,,,160,Somet,,2,2003-03-05 00:00:00,2003-04-10 00:00:00,,,36,36,99999
3119648,112.12,D,V 22,PKH,Obrábění,150,,14015405,2,2024-01-11 00:00:00,2024-02-15 00:00:00,,1,35,35,99999
3119646,112.12,D,V 22,,,150,,14015405,2,2024-01-11 00:00:00,2024-02-14 00:00:00,,0,34,34,99999
1007350,112.12,D,V 22,,,150,,907,2,2011-10-13 00:00:00,2011-11-15 00:00:00,,1,33,33,99999
1007358,112.12,D,V 22,,,150,,907,2,2011-10-13 00:00:00,2011-11-15 00:00:00,,1,33,33,99999
312337,112.12,C,VK20,,,150,Senator,,2,2009-02-13 00:00:00,2009-03-17 00:00:00,,4,32,32,99999
312336,112.12,C,VK20,,,150,Senator,,2,2009-02-13 00:00:00,2009-03-16 00:00:00,,4,31,31,99999
312339,112.12,C,VK20,,,150,Senator,,2,2009-02-16 00:00:00,2009-03-17 00:00:00,,4,29,29,99999
312343,112.12,C,VK20,,,150,Senator,,2,2009-02-16 00:00:00,2009-03-17 00:00:00,,4,29,29,99999
307129,112.12,C,M6,,,160,Somet,,3,2006-05-02 00:00:00,2006-09-07 00:00:00,2006-05-30 00:00:00,1,28,0,19
24584,112.12,D,V 22,,,150,Samson,,2,2003-02-17 00:00:00,2003-03-11 00:00:00,2003-03-11 00:00:00,,22,0,1265
309263,112.11,B,EM,,,160,Somet,11016511,2,2007-08-13 00:00:00,2007-08-30 00:00:00,2007-08-30 00:00:00,,17,0,17
309264,112.11,B,EM,,,160,Somet,11016511,2,2007-08-13 00:00:00,2007-08-30 00:00:00,2007-08-30 00:00:00,,17,0,17
309265,112.11,B,EM,,,160,Somet,11016511,2,2007-08-13 00:00:00,2007-08-30 00:00:00,2007-08-30 00:00:00,,17,0,17
309266,112.11,B,EM,,,160,Somet,11016611,2,2007-08-13 00:00:00,2007-08-30 00:00:00,2007-08-30 00:00:00,,17,0,17
309268,112.11,B,EM,,,300,Beta,,2,2007-08-14 00:00:00,2007-08-30 00:00:00,2007-08-30 00:00:00,,16,0,16
309293,112.11,B,EM,,,,Mitutoyo,533,2,2007-08-16 00:00:00,2007-08-30 00:00:00,2007-08-30 00:00:00,,14,0,14
43201,112.11,D,V 10,,,150,,,2,2004-11-24 00:00:00,2004-12-03 00:00:00,,2,9,9,99999
42363,112.11,D,V 29,,,160,Somet,,2,2002-09-25 00:00:00,2002-09-30 00:00:00,,,5,5,99999
